Ref,Event Name,Description,Start Date and Time,End Date and Time,Time Zone,All Day Event? (Yes/No),Repeat (e.g. Every day),Exceptions,Event Type Name,Event Type Color,Event Type Icon URL,Venue Name,Venue Address,Venue Website,Host Name,Host Phone,Host Email,Host Website,Host Logo URL,Tags,Custom Event Color,Show Button (Yes/No)?,Button Text,Button Caption,Button Link,Image Name,Image URL,Video URL,File Name,File URL,Is Hidden? (Yes/No)
LL-0001,Speedway Grand Prix - Round 1 - GP of Germany,Sideways action from the FIM World series,06/05/2026 09:00,02/06/2026 22:00,Europe/London,No,,,Race meets,"rgb(214, 33, 42)",,Landshut,"Landshut, Germany",,,,,,,,,Yes,More Info,,https://www.fimspeedway.com/,,,,,,No
LL-0002,Pendine Speed Weekend,"The Home of Speed - Europe’s leading organisers of straight-line events, drag racing and motorsport for anything on wheels.",02/05/2026 09:00,02/05/2026 22:00,Europe/London,No,,,Race meets,"rgb(214, 33, 42)",,Pendine Sands,"Pendine Sands, Carmarthen",,,,,,,,,Yes,More Info,,https://straightliners.events/all-events/,,,,,,No
LL-0003,Pendine Speed Weekend,"The Home of Speed - Europe’s leading organisers of straight-line events, drag racing and motorsport for anything on wheels.",03/05/2026 09:00,03/05/2026 22:00,Europe/London,No,,,Race meets,"rgb(214, 33, 42)",,Pendine Sands,"Pendine Sands, Carmarthen",,,,,,,,,Yes,More Info,,https://straightliners.events/all-events/,,,,,,No
LL-0004,MSV Saturday Track Day,"MSV Trackdays (MSVT) offers car and bike track day events to suit all levels of experience and ability at these brilliant circuits across the UK, all of which are owned or operated by MSV.",02/05/2026 09:00,02/05/2026 22:00,Europe/London,No,,,Bike track days,"rgb(214, 33, 42)",,Cadwell Park,"Cadwell Park, Louth, Lincs, LN11 9SE",,,,,,,,,Yes,More Info,,https://msvtrackdays.com/,,,,,,No
LL-0005,MSV Saturday Track Day,"MSV Trackdays (MSVT) offers car and bike track day events to suit all levels of experience and ability at these brilliant circuits across the UK, all of which are owned or operated by MSV.",02/05/2026 09:00,02/05/2026 22:00,Europe/London,No,,,Bike track days,"rgb(214, 33, 42)",,Bedford Autodrome,"Bedford Autodrome, Bedfordshire, MK44 2YP",,,,,,,,,Yes,More Info,,https://msvtrackdays.com/,,,,,,No
LL-0006,Pendine Speed Weekend,"The Home of Speed - Europe’s leading organisers of straight-line events, drag racing and motorsport for anything on wheels.",02/05/2026 09:00,02/05/2026 22:00,Europe/London,No,,,Race meets,"rgb(214, 33, 42)",,Pendine Sands,"Pendine Sands, Carmarthen",,,,,,,,,Yes,More Info,,https://straightliners.events/,,,,,,No
LL-0007,Pendine Speed Weekend,"The Home of Speed - Europe’s leading organisers of straight-line events, drag racing and motorsport for anything on wheels.",03/05/2026 09:00,03/05/2026 22:00,Europe/London,No,,,Race meets,"rgb(214, 33, 42)",,Pendine Sands,"Pendine Sands, Carmarthen",,,,,,,,,Yes,More Info,,https://straightliners.events/,,,,,,No
LL-0008,Spring Autojumble,"We invite you to join us for our Spring Auto Jumble here at the museum. Gates open to sellers for set up at 7am, buyers at 8.30am. Entry to Auto Jumble: Adults – £5, children free. CASH ONLY. Please note access to the Museum complex is via the Auto Jumble only. The museum will be open as usual, with discounted entry on this day via the Auto Jumble. FREE PARKING ~ REFRESHMENTS AVAILABLE",03/05/2026 09:00,03/05/2026 22:00,Europe/London,No,,,Motorcycle shows and events,"rgb(214, 33, 42)",,New Milton,"New Milton, Hants BH25 5SZ",,,,,,,,,Yes,More Info,,https://www.sammymiller.co.uk/,,,,,,No
LL-0009,Italian Bike Day,Bike meet at the world famous Ace Café - 09:00 start,03/05/2026 09:00,03/05/2026 22:00,Europe/London,No,,,Bike meets,"rgb(214, 33, 42)",,Ace Café,"Ace Café, Stonebridge, NW10 7UD",,,,,,,,,Yes,More Info,,https://london.acecafe.com/,,,,,,No
LL-0010,Bikestop Breakfast Ride Out,First Sunday of the month from March through to November. Guiding help from local clubs and fuelled by the BikeStop special breakfast,03/05/2026 09:00,03/05/2026 22:00,Europe/London,No,,,Motorcycle ride outs,"rgb(214, 33, 42)",,Bike Stop,"Bike Stop, 104 High St, Stevenage SG1 3DW",,,,,,,,,Yes,More Info,,https://www.bikestop.co.uk/blog/category/events,,,,,,No
LL-0011,Stonham Motorcycle Show,"The Stonham Barns Motorcycle Show is an action-packed event that brings together motorbike enthusiasts, thrill-seekers, and families for a day of high-octane entertainment. Hosted at the vibrant Stonham Barns Park, this show features an impressive lineup of motorcycles, stunt displays, and exhilarating attractions like the legendary Wall of Death.",03/05/2026 09:00,03/05/2026 22:00,Europe/London,No,,,Motorcycle shows and events,"rgb(214, 33, 42)",,Stonham Barns Park,"Stonham Barns Park, Stonham Aspal, Stowmarket IP14 6AT",,,,,,,,,Yes,More Info,,https://www.stonhambarns.co.uk/whats-on/stonham-motorcycle-show-2026/,,,,,,No
LL-0012,Notts Classic Car & Motorcycle Show and Autojumble,"Classic Shows events offer a fantastic day out for all of the family and not just car and bike enthusiasts! The events are held at some of the finest country homes in the UK and provide an impressive backdrop to a display of rare and interesting classic vehicles. Many venues allow tours of the country house, grounds and / or also include children’s play facilities in addition to unique shops, food offerings and the retail of local produce.",04/05/2026 09:00,04/05/2026 22:00,Europe/London,No,,,Motorcycle shows and events,"rgb(214, 33, 42)",,Thoresby Park,"Thoresby Park, Ollerton, Notts, NG22 9EP",,,,,,,,,Yes,More Info,,https://www.classicshows.org/,,,,,,No
LL-0013,Scottish Six Day Trial,"The ""Scottish"" has been completely based at Fort William since the 1977",04/05/2026 09:00,09/05/2026 22:00,Europe/London,No,,,Race meets,"rgb(214, 33, 42)",,Fort William,"Fort William, Highlands",,,,,,,,,Yes,More Info,,https://www.ssdt.org/,,,,,,No
LL-0014,North West 200,"Dubbed ""The Triangle"", based around the towns of Coleraine, Portrush and Portstewart, in Northern Ireland.",04/05/2026 09:00,09/05/2026 22:00,Europe/London,No,,,Race meets,"rgb(214, 33, 42)",,Portrush Rd,"Portrush Rd, Portstewart BT55 7DD",,,,,,,,,Yes,More Info,,https://www.northwest200.org/,,,,,,No
LL-0015,MSV Bank Holiday Track Day,"MSV Trackdays (MSVT) offers car and bike track day events to suit all levels of experience and ability at these brilliant circuits across the UK, all of which are owned or operated by MSV.",04/05/2026 09:00,04/05/2026 22:00,Europe/London,No,,,Bike track days,"rgb(214, 33, 42)",,Snetterton,"Snetterton, Norfolk, NR16 2JU",,,,,,,,,Yes,More Info,,https://msvtrackdays.com/,,,,,,No
LL-0016,Bike Night at The Cross Keys - Pizza & Pop,"A new bike night at The Cross Keys in Upwood, Ramsey, Cambs, featuring Mooi Pizza and a soft drink for just £10. Plenty of parking and a friendly pub atmosphere make this the ideal Monday night ride out. All pizzas are cooked to order in a wood fired oven. Pre Order on 07355 397164 to avoid delays.",04/05/2026 09:00,04/05/2026 22:00,Europe/London,No,,,Bike meets,"rgb(214, 33, 42)",,The Cross Keys,"The Cross Keys, Upwood, Cambs",,,,,,,,,Yes,More Info,,https://mooipizza.co.uk/,,,,,,No
LL-0017,German Night & Auto Scoots Monthly Meet,"Bike meet at the world famous Ace Café, North Circular, London - 18:00 start",04/05/2026 09:00,04/05/2026 22:00,Europe/London,No,,,Bike meets,"rgb(214, 33, 42)",,Ace Café,"Ace Café, Stonebridge, NW10 7UD",,,,,,,,,Yes,More Info,,https://london.acecafe.com/,,,,,,No
LL-0018,Poole Quay Bike Night,"Every Tuesday until the end of September - Music, local bars, food and retailers. 17:30 start, £3 entry.",05/05/2026 09:00,05/05/2026 22:00,Europe/London,No,,,Bike meets,"rgb(214, 33, 42)",,The Quay,"The Quay, Poole BH15 1HJ",,,,,,,,,Yes,More Info,,https://www.facebook.com/groups/11908800953,,,,,,No
LL-0019,Motorcycle Track Training with James Whitham,"James Whitham motorcycle track training days at Anglesey, Croft, Cadwell and Mallory Park Circuits are rider focused with the emphasis on practical coaching, both on and off the track on the aspects of riding that you want to improve, alongside one-to-one tuition from James and his team of riders that are at the top of their game.",05/05/2026 09:00,05/05/2026 22:00,Europe/London,No,,,Bike track days,"rgb(214, 33, 42)",,Trac Môn Anglesey Circuit,"Trac Môn Anglesey Circuit, Anglesey",,,,,,,,,Yes,More Info,,https://www.jameswhitham.com/calendar-and-booking,,,,,,No
LL-0020,Motorcycle Track Training with James Whitham,"James Whitham motorcycle track training days at Anglesey, Croft, Cadwell and Mallory Park Circuits are rider focused with the emphasis on practical coaching, both on and off the track on the aspects of riding that you want to improve, alongside one-to-one tuition from James and his team of riders that are at the top of their game.",06/05/2026 09:00,06/05/2026 22:00,Europe/London,No,,,Bike track days,"rgb(214, 33, 42)",,Trac Môn Anglesey Circuit,"Trac Môn Anglesey Circuit, Anglesey",,,,,,,,,Yes,More Info,,https://www.jameswhitham.com/calendar-and-booking,,,,,,No
LL-0021,Walden Bikers Bike Night,"Where riders of all ages, all abilities, with all types of bikes can meet and ride out with other like minded motorcyclists.",05/05/2026 09:00,05/05/2026 22:00,Europe/London,No,,,Bike meets,"rgb(214, 33, 42)",,The Old Kiora,"The Old Kiora, Newport, Saffron Walden, CB11 3SY",,,,,,,,,Yes,More Info,,https://www.facebook.com/groups/waldenbikers/?locale=en_GB,,,,,,No
LL-0022,MSV General Track Evening,"MSV Trackdays (MSVT) offers car and bike track day events to suit all levels of experience and ability at these brilliant circuits across the UK, all of which are owned or operated by MSV.",05/05/2026 09:00,05/05/2026 22:00,Europe/London,No,,,Bike track days,"rgb(214, 33, 42)",,Donington Park,"Donington Park, Derby, DE74 2RP",,,,,,,,,Yes,More Info,,https://msvtrackdays.com/,,,,,,No
LL-0023,MSV General Track Day,"MSV Trackdays (MSVT) offers car and bike track day events to suit all levels of experience and ability at these brilliant circuits across the UK, all of which are owned or operated by MSV.",05/05/2026 09:00,05/05/2026 22:00,Europe/London,No,,,Bike track days,"rgb(214, 33, 42)",,Snetterton,"Snetterton, Norfolk, NR16 2JU",,,,,,,,,Yes,More Info,,https://msvtrackdays.com/,,,,,,No
LL-0024,MSV General Track Evening,"MSV Trackdays (MSVT) offers car and bike track day events to suit all levels of experience and ability at these brilliant circuits across the UK, all of which are owned or operated by MSV.",05/05/2026 09:00,05/05/2026 22:00,Europe/London,No,,,Bike track days,"rgb(214, 33, 42)",,Snetterton,"Snetterton, Norfolk, NR16 2JU",,,,,,,,,Yes,More Info,,https://msvtrackdays.com/,,,,,,No
LL-0025,Sugar Loaf Bike Night,Every Tuesday from 6pm. Themed nights - free soft drink with themed bikes. All bikes welcome.,05/05/2026 09:00,05/05/2026 22:00,Europe/London,No,,,Bike meets,"rgb(214, 33, 42)",,The Old Sugar Loaf,"The Old Sugar Loaf, 44 High St, Dunstable, LU6 1LA",,,,,,,,,Yes,More Info,,https://www.facebook.com/groups/1052463642347360/,,,,,,No
LL-0026,Bike Night at The White Swan,A welcoming bike night for all - every Tuesday. BBQ from 18:00 (weather permitting). Come and show off your pride and joy.,05/05/2026 09:00,05/05/2026 22:00,Europe/London,No,,,Bike meets,"rgb(214, 33, 42)",,The White Swan,"The White Swan, Conington, Cambs",,,,,,,,,Yes,More Info,,https://thewhiteswanconington.co.uk/comin-up/,,,,,,No
LL-0027,Gosport Motorbike Social,"A weekly Wednesday meet for like minded bikers from 6pm. Motorcycle ride outs, charity events, food and drinks - all welcome.",06/05/2026 09:00,06/05/2026 22:00,Europe/London,No,,,Bike meets,"rgb(214, 33, 42)",,The Rolling Scone Café,"The Rolling Scone Café, Gosport, Hants, PO13 9UB",,,,,,,,,Yes,More Info,,https://www.facebook.com/TheRollingSconesCafeGosport,,,,,,No
LL-0028,Wicked Wheelie Wednesdays,Come and show-off your bikes - 50cc to superbikes. Food available 17:00 - 20:00 - bar 15:00 - 22:00. Supporting a charity at every event.,06/05/2026 09:00,06/05/2026 22:00,Europe/London,No,,,Bike meets,"rgb(214, 33, 42)",,Hubbles @ Fendicks Fishery,"Hubbles @ Fendicks Fishery, Methwold Road, Whittington PE33 9GP",,,,,,,,,Yes,More Info,,https://www.fendicksfishery.com/,,,,,,No
LL-0029,Bike Night at The Hunters Inn,Meet up at The Hunters Inn - Freehouse pub with large car park and garden. Great biking roads in area and close to A32 and Loomies Café. Bike night - Thursdays from 18:00,07/05/2026 09:00,07/05/2026 22:00,Europe/London,No,,,Bike meets,"rgb(214, 33, 42)",,The Hunters Inn,"The Hunters Inn, Cott Street, Swanmore, Hants SO32 2PZ",,,,,,,,,Yes,More Info,,https://www.huntersinnpub.com/,,,,,,No
LL-0030,John Bunyan Bike Night,"Great evening of New, Vintage, Custom, Sports and Classics - All welcome. Large carpark, great selection of foods and drinks",07/05/2026 09:00,07/05/2026 22:00,Europe/London,No,,,Bike meets,"rgb(214, 33, 42)",,John Bunyan Pub,"John Bunyan Pub, Coleman Green Ln, St Albans, AL4 8ES",,,,,,,,,Yes,More Info,,https://www.facebook.com/Johnbunyanpub.co.uk/?locale=en_GB,,,,,,No
LL-0031,Swan Inn Bike Night,"Large Car park, indoor and outdoor seating, Stone Baked Pizza, 6pm onwards, all bikes welcome",07/05/2026 09:00,07/05/2026 22:00,Europe/London,No,,,Bike meets,"rgb(214, 33, 42)",,The Swan Inn at Letton,"The Swan Inn at Letton, A438 btwn Hereford and Hay-on-Wye",,,,,,,,,Yes,More Info,,https://www.facebook.com/swaninnletton,,,,,,No
LL-0032,Bike Night at the Crown,Every Thursday from 6pm. Full menu available.,07/05/2026 09:00,07/05/2026 22:00,Europe/London,No,,,Bike meets,"rgb(214, 33, 42)",,The Crown,"The Crown, Main Road, Wormington, CO6 3AB",,,,,,,,,Yes,More Info,,https://www.facebook.com/crownwormingford/posts/bike-night-the-crown-wormingford-6pm-start-tomorrow-full-menu-is-on-our-website-/5102119659879933/,,,,,,No
LL-0033,Mod 'n' Mini Night & Classic Scooters Monthly Meet,"Bike meet at the world famous Ace Café, North Circular, London - 18:00 start",07/05/2026 09:00,07/05/2026 22:00,Europe/London,No,,,Bike meets,"rgb(214, 33, 42)",,Ace Café,"Ace Café, Stonebridge, NW10 7UD",,,,,,,,,Yes,More Info,,https://london.acecafe.com/,,,,,,No
LL-0034,MotoGP - Round 5 - Grand Prix de France,"MotoGP showcases elite motorcycle racing, world-class riders, cutting-edge technology, intense rivalries, and thrilling high-speed battles across iconic circuits worldwide.",08/05/2026 09:00,08/05/2026 22:00,Europe/London,No,,,Race meets,"rgb(214, 33, 42)",,Le Mans,"Le Mans, France",,,,,,,,,Yes,More Info,,https://www.motogp.com/,,,,,,No
LL-0035,MotoGP - Round 5 - Grand Prix de France,"MotoGP showcases elite motorcycle racing, world-class riders, cutting-edge technology, intense rivalries, and thrilling high-speed battles across iconic circuits worldwide.",09/05/2026 09:00,09/05/2026 22:00,Europe/London,No,,,Race meets,"rgb(214, 33, 42)",,Le Mans,"Le Mans, France",,,,,,,,,Yes,More Info,,https://www.motogp.com/,,,,,,No
LL-0036,MotoGP - Round 5 - Grand Prix de France,"MotoGP showcases elite motorcycle racing, world-class riders, cutting-edge technology, intense rivalries, and thrilling high-speed battles across iconic circuits worldwide.",10/05/2026 09:00,10/05/2026 22:00,Europe/London,No,,,Race meets,"rgb(214, 33, 42)",,Le Mans,"Le Mans, France",,,,,,,,,Yes,More Info,,https://www.motogp.com/,,,,,,No
LL-0037,The Malle Beach Race,"Join the annual motorcycle beach race. Custom, classic, electric & off-road motorcycles race head-to-head on the beautiful Margate sands. Join us on Sunday morning for The Malle Rally 100 adventure, a 100-mile road rally for motorcycles and suitable classic/custom cars, with 5 rally checkpoints across the beautiful Kent Downs and then returning to Margate Promenade for The Malle Rally 100 finish line on Sunday afternoon.",08/05/2026 09:00,08/05/2026 22:00,Europe/London,No,,,Race meets,"rgb(214, 33, 42)",,,,,,,,,,,,Yes,More Info,,,,,,,,No
LL-0038,The Malle Beach Race,"Join the annual motorcycle beach race. Custom, classic, electric & off-road motorcycles race head-to-head on the beautiful Margate sands. Join us on Sunday morning for The Malle Rally 100 adventure, a 100-mile road rally for motorcycles and suitable classic/custom cars, with 5 rally checkpoints across the beautiful Kent Downs and then returning to Margate Promenade for The Malle Rally 100 finish line on Sunday afternoon.",09/05/2026 09:00,09/05/2026 22:00,Europe/London,No,,,Race meets,"rgb(214, 33, 42)",,,,,,,,,,,,Yes,More Info,,,,,,,,No
LL-0039,The Malle Beach Race,"Join the annual motorcycle beach race. Custom, classic, electric & off-road motorcycles race head-to-head on the beautiful Margate sands. Join us on Sunday morning for The Malle Rally 100 adventure, a 100-mile road rally for motorcycles and suitable classic/custom cars, with 5 rally checkpoints across the beautiful Kent Downs and then returning to Margate Promenade for The Malle Rally 100 finish line on Sunday afternoon.",10/05/2026 09:00,10/05/2026 22:00,Europe/London,No,,,Race meets,"rgb(214, 33, 42)",,,,,,,,,,,,Yes,More Info,,,,,,,,No
LL-0040,Bike Night + Bandits (BOCGB) Monthly Meet,"Bike meet at the world famous Ace Café, North Circular, London - 18:00 start",08/05/2026 09:00,08/05/2026 22:00,Europe/London,No,,,Bike meets,"rgb(214, 33, 42)",,Ace Café,"Ace Café, Stonebridge, NW10 7UD",,,,,,,,,Yes,More Info,,https://london.acecafe.com/,,,,,,No
LL-0041,The May Kempton Classic Bike Show,Come and join us as we finish the season in style at Kempton Park with a packed motorcycle autojumble combined with an off-road & racing show!,09/05/2026 09:00,09/05/2026 22:00,Europe/London,No,,,Motorcycle shows and events,"rgb(214, 33, 42)",,Kempton Park,"Kempton Park, Middlesex, TW16 5AQ",,,,,,,,,Yes,More Info,,https://www.kemptonparkautojumble.co.uk/,,,,,,No
LL-0042,British MotorCycle Racing Club (Bemsee) - MRO Championship,Club racing at its finest.,09/05/2026 09:00,09/05/2026 22:00,Europe/London,No,,,Race meets,"rgb(214, 33, 42)",,Donington Park,"Donington Park, Derby, DE74 2RP",,,,,,,,,Yes,More Info,,https://www.bemsee.net/,,,,,,No
LL-0043,British MotorCycle Racing Club (Bemsee) - MRO Championship,Club racing at its finest.,10/05/2026 09:00,10/05/2026 22:00,Europe/London,No,,,Race meets,"rgb(214, 33, 42)",,Donington Park,"Donington Park, Derby, DE74 2RP",,,,,,,,,Yes,More Info,,https://www.bemsee.net/,,,,,,No
LL-0044,FIM Flat Track World Championship - R1,The FIM Flat Track World Championship is the premier competition organized by FIM on the sport of flat track racing.,09/05/2026 09:00,09/05/2026 22:00,Europe/London,No,,,Race meets,"rgb(214, 33, 42)",,Roden,"Roden, Netherlands",,,,,,,,,Yes,More Info,,https://www.fim-live.com/,,,,,,No
LL-0045,Pontefract Scooter Rally,"Massive scooter rally featuring scooters and bands playing over the weekend. Squires Cafe is an ideal venue for all event requirements, boasting large outdoor capacity plus large well equipped indoor facilities making Squires a truly all year-round venue. Monthly autojumble. Pitches are £5 each for sellers",09/05/2026 09:00,09/05/2026 22:00,Europe/London,No,,,Bike meets,"rgb(214, 33, 42)",,South Milford,"South Milford, Leeds, LS25 5LX",,,,,,,,,Yes,More Info,,https://www.squires-cafe.co.uk/,,,,,,No
LL-0046,Pontefract Scooter Rally,"Massive scooter rally featuring scooters and bands playing over the weekend. Squires Cafe is an ideal venue for all event requirements, boasting large outdoor capacity plus large well equipped indoor facilities making Squires a truly all year-round venue. Monthly autojumble. Pitches are £5 each for sellers",10/05/2026 09:00,10/05/2026 22:00,Europe/London,No,,,Bike meets,"rgb(214, 33, 42)",,South Milford,"South Milford, Leeds, LS25 5LX",,,,,,,,,Yes,More Info,,https://www.squires-cafe.co.uk/,,,,,,No
LL-0047,Darley Moor MCRRC Round 2,"Darley Moor Motor Cycle Road Racing Club Ltd have been organising and running motor cycle road racing at Darley Moor Sports Centre since 1965. Many of today's top riders started their careers at Darley Moor. Affiliated to the East Midland Centre of the Auto Cycle Union (ACU), you will need to apply to join Darley Moor MCRRC if you wish to race.",10/05/2026 09:00,10/05/2026 22:00,Europe/London,No,,,Race meets,"rgb(214, 33, 42)",,Darley Moor Sports Centre,"Darley Moor Sports Centre, Derbyshire DE6 2ET",,,,,,,,,Yes,More Info,,https://www.darleymoor.co.uk/,,,,,,No
LL-0048,Stratford Autojumble,"Stratford Autojumble offers a vast array of parts, restoration services and related products for a variety of vehicles and is run by a friendly and experienced team of event staff from Mortons Media Group Ltd. If you’re after a certain part, piece or tool for a motoring project, then the Stratford Autojumble is where you’ll find it.",10/05/2026 09:00,10/05/2026 22:00,Europe/London,No,,,Motorcycle shows and events,"rgb(214, 33, 42)",,Stratford-upon-Avon Racecourse,"Stratford-upon-Avon Racecourse, Warks, CV37 9SE",,,,,,,,,Yes,More Info,,https://www.stratfordautojumble.co.uk/,,,,,,No
LL-0049,Goldwing Gathering,"We invite you to join us for the annual Goldwing Gathering here at the museum. You are invited to park up in the courtyard from 10am (please note, no vehicular exit from the courtyard before Midday. Anyone wishing to leave earlier, please park in the main car park). No booking is required and everyone is welcome.",10/05/2026 09:00,10/05/2026 22:00,Europe/London,No,,,Bike meets,"rgb(214, 33, 42)",,New Milton,"New Milton, Hants BH25 5SZ",,,,,,,,,Yes,More Info,,https://www.sammymiller.co.uk/,,,,,,No
LL-0050,BMW Bike Day,Bike meet at the world famous Ace Café - 09:00 start,10/05/2026 09:00,10/05/2026 22:00,Europe/London,No,,,Bike meets,"rgb(214, 33, 42)",,Ace Café,"Ace Café, Stonebridge, NW10 7UD",,,,,,,,,Yes,More Info,,https://london.acecafe.com/,,,,,,No
LL-0051,Bike Night at The Cross Keys - Pizza & Pop,"A new bike night at The Cross Keys in Upwood, Ramsey, Cambs, featuring Mooi Pizza and a soft drink for just £10. Plenty of parking and a friendly pub atmosphere make this the ideal Monday night ride out. All pizzas are cooked to order in a wood fired oven. Pre Order on 07355 397164 to avoid delays.",11/05/2026 09:00,11/05/2026 22:00,Europe/London,No,,,Bike meets,"rgb(214, 33, 42)",,The Cross Keys,"The Cross Keys, Upwood, Cambs",,,,,,,,,Yes,More Info,,https://mooipizza.co.uk/,,,,,,No
LL-0052,Biker Down Course,"Biker Down is a FREE course that offers motorcyclists the opportunity to learn practical skills to help avoid being involved in a crash, as well as essential first-aid training and advice on what to do should they find themselves first on the scene of a crash where someone is injured.",11/05/2026 09:00,11/05/2026 22:00,Europe/London,No,,,Rider Training,"rgb(214, 33, 42)",,Huntingdon Fire Station,"Huntingdon Fire Station, 7 Percy Rd, Huntingdon, Cambs PE29 6SZ",,,,,,,,,Yes,More Info,,https://www.cambsfire.gov.uk/community-safety/road-safety/biker-down/,,,,,,No
LL-0053,Poole Quay Bike Night,"Every Tuesday until the end of September - Music, local bars, food and retailers. 17:30 start, £3 entry.",12/05/2026 09:00,12/05/2026 22:00,Europe/London,No,,,Bike meets,"rgb(214, 33, 42)",,The Quay,"The Quay, Poole BH15 1HJ",,,,,,,,,Yes,More Info,,https://www.facebook.com/groups/11908800953,,,,,,No
LL-0054,MSV General Track Evening,"MSV Trackdays (MSVT) offers car and bike track day events to suit all levels of experience and ability at these brilliant circuits across the UK, all of which are owned or operated by MSV.",12/05/2026 09:00,12/05/2026 22:00,Europe/London,No,,,Bike track days,"rgb(214, 33, 42)",,Brands Hatch,"Brands Hatch, Kent, DA3 8NG",,,,,,,,,Yes,More Info,,https://msvtrackdays.com/,,,,,,No
LL-0055,MSV General Track Day,"MSV Trackdays (MSVT) offers car and bike track day events to suit all levels of experience and ability at these brilliant circuits across the UK, all of which are owned or operated by MSV.",12/05/2026 09:00,12/05/2026 22:00,Europe/London,No,,,Bike track days,"rgb(214, 33, 42)",,Brands Hatch,"Brands Hatch, Kent, DA3 8NG",,,,,,,,,Yes,More Info,,https://msvtrackdays.com/,,,,,,No
LL-0056,Sugar Loaf Bike Night,Every Tuesday from 6pm. Themed nights - free soft drink with themed bikes. All bikes welcome.,12/05/2026 09:00,12/05/2026 22:00,Europe/London,No,,,Bike meets,"rgb(214, 33, 42)",,The Old Sugar Loaf,"The Old Sugar Loaf, 44 High St, Dunstable, LU6 1LA",,,,,,,,,Yes,More Info,,https://www.facebook.com/groups/1052463642347360/,,,,,,No
LL-0057,Bike Night at The White Swan,A welcoming bike night for all - every Tuesday. BBQ from 18:00 (weather permitting). Come and show off your pride and joy.,12/05/2026 09:00,12/05/2026 22:00,Europe/London,No,,,Bike meets,"rgb(214, 33, 42)",,The White Swan,"The White Swan, Conington, Cambs",,,,,,,,,Yes,More Info,,https://thewhiteswanconington.co.uk/comin-up/,,,,,,No
LL-0058,Gosport Motorbike Social,"A weekly Wednesday meet for like minded bikers from 6pm. Motorcycle ride outs, charity events, food and drinks - all welcome.",13/05/2026 09:00,13/05/2026 22:00,Europe/London,No,,,Bike meets,"rgb(214, 33, 42)",,The Rolling Scone Café,"The Rolling Scone Café, Gosport, Hants, PO13 9UB",,,,,,,,,Yes,More Info,,https://www.facebook.com/TheRollingSconesCafeGosport,,,,,,No
LL-0059,Motorcycle Track Training with James Whitham,"James Whitham motorcycle track training days at Anglesey, Croft, Cadwell and Mallory Park Circuits are rider focused with the emphasis on practical coaching, both on and off the track on the aspects of riding that you want to improve, alongside one-to-one tuition from James and his team of riders that are at the top of their game.",13/05/2026 09:00,13/05/2026 22:00,Europe/London,No,,,Bike track days,"rgb(214, 33, 42)",,Croft Circuit,"Croft Circuit, Dalton-on-Tees, Darlington DL2 2PL",,,,,,,,,Yes,More Info,,https://www.jameswhitham.com/calendar-and-booking,,,,,,No
LL-0060,MSV General Track Day,"MSV Trackdays (MSVT) offers car and bike track day events to suit all levels of experience and ability at these brilliant circuits across the UK, all of which are owned or operated by MSV.",13/05/2026 09:00,13/05/2026 22:00,Europe/London,No,,,Bike track days,"rgb(214, 33, 42)",,Donington Park,"Donington Park, Derby, DE74 2RP",,,,,,,,,Yes,More Info,,https://msvtrackdays.com/,,,,,,No
LL-0061,MSV General Track Evening,"MSV Trackdays (MSVT) offers car and bike track day events to suit all levels of experience and ability at these brilliant circuits across the UK, all of which are owned or operated by MSV.",13/05/2026 09:00,13/05/2026 22:00,Europe/London,No,,,Bike track days,"rgb(214, 33, 42)",,Donington Park,"Donington Park, Derby, DE74 2RP",,,,,,,,,Yes,More Info,,https://msvtrackdays.com/,,,,,,No
LL-0062,Triumph Bike Night,"The Triumph Visitor Experience hosts monthly bike nights to cater for all riders. Cafe, exhibit and shop open throughout, burgers and vegetarian options being served. 17:30 - 20:00",13/05/2026 09:00,13/05/2026 22:00,Europe/London,No,,,Bike meets,"rgb(214, 33, 42)",,Triumph Visitor Experience,"Triumph Visitor Experience, Hinckley",,,,,,,,,Yes,More Info,,https://www.triumphmotorcycles.co.uk/for-the-ride/experiences/factory-visitor-experience/events,,,,,,No
LL-0063,The Chequered Flag Cafe Bike Night,"A monthly Wednesday night meet at the Chequered Flag Cafe. Full menu available of great hot foods and drinks. Extra drinks stall outside to save queuing Stalls, ice-cream and live music. All welcome!",13/05/2026 09:00,13/05/2026 22:00,Europe/London,No,,,Bike meets,"rgb(214, 33, 42)",,Darley Moor,"Darley Moor, Ashbourne, DE6 2ET",,,,,,,,,Yes,More Info,,https://www.facebook.com/profile.php?id=61572162905976&sk=events,,,,,,No
LL-0064,Wicked Wheelie Wednesdays,Come and show-off your bikes - 50cc to superbikes. Food available 17:00 - 20:00 - bar 15:00 - 22:00. Supporting a charity at every event.,13/05/2026 09:00,13/05/2026 22:00,Europe/London,No,,,Bike meets,"rgb(214, 33, 42)",,Hubbles @ Fendicks Fishery,"Hubbles @ Fendicks Fishery, Methwold Road, Whittington PE33 9GP",,,,,,,,,Yes,More Info,,https://www.fendicksfishery.com/,,,,,,No
LL-0065,Brit Bikes Night Classic & Modern,"Bike meet at the world famous Ace Café, North Circular, London - 18:00 start",13/05/2026 09:00,13/05/2026 22:00,Europe/London,No,,,Bike meets,"rgb(214, 33, 42)",,Ace Café,"Ace Café, Stonebridge, NW10 7UD",,,,,,,,,Yes,More Info,,https://london.acecafe.com/,,,,,,No
LL-0066,Bike Night at The Hunters Inn,Meet up at The Hunters Inn - Freehouse pub with large car park and garden. Great biking roads in area and close to A32 and Loomies Café. Bike night - Thursdays from 18:00,14/05/2026 09:00,14/05/2026 22:00,Europe/London,No,,,Bike meets,"rgb(214, 33, 42)",,The Hunters Inn,"The Hunters Inn, Cott Street, Swanmore, Hants SO32 2PZ",,,,,,,,,Yes,More Info,,https://www.huntersinnpub.com/,,,,,,No
LL-0067,MSV General Track Day,"MSV Trackdays (MSVT) offers car and bike track day events to suit all levels of experience and ability at these brilliant circuits across the UK, all of which are owned or operated by MSV.",14/05/2026 09:00,14/05/2026 22:00,Europe/London,No,,,Bike track days,"rgb(214, 33, 42)",,Cadwell Park,"Cadwell Park, Louth, Lincs, LN11 9SE",,,,,,,,,Yes,More Info,,https://msvtrackdays.com/,,,,,,No
LL-0068,MSV General Track Evening,"MSV Trackdays (MSVT) offers car and bike track day events to suit all levels of experience and ability at these brilliant circuits across the UK, all of which are owned or operated by MSV.",14/05/2026 09:00,14/05/2026 22:00,Europe/London,No,,,Bike track days,"rgb(214, 33, 42)",,Cadwell Park,"Cadwell Park, Louth, Lincs, LN11 9SE",,,,,,,,,Yes,More Info,,https://msvtrackdays.com/,,,,,,No
LL-0069,Bike Night at the Crown,Every Thursday from 6pm. Full menu available.,14/05/2026 09:00,14/05/2026 22:00,Europe/London,No,,,Bike meets,"rgb(214, 33, 42)",,The Crown,"The Crown, Main Road, Wormington, CO6 3AB",,,,,,,,,Yes,More Info,,https://www.facebook.com/crownwormingford/posts/bike-night-the-crown-wormingford-6pm-start-tomorrow-full-menu-is-on-our-website-/5102119659879933/,,,,,,No
LL-0070,Italian Night,"Bike meet at the world famous Ace Café, North Circular, London - 18:00 start",14/05/2026 09:00,14/05/2026 22:00,Europe/London,No,,,Bike meets,"rgb(214, 33, 42)",,Ace Café,"Ace Café, Stonebridge, NW10 7UD",,,,,,,,,Yes,More Info,,https://london.acecafe.com/,,,,,,No
LL-0071,MotoGP - Round 6 - Gran Premi de Catalunya,"MotoGP showcases elite motorcycle racing, world-class riders, cutting-edge technology, intense rivalries, and thrilling high-speed battles across iconic circuits worldwide.",15/05/2026 09:00,15/05/2026 22:00,Europe/London,No,,,Race meets,"rgb(214, 33, 42)",,Circuit de Barcelona,"Circuit de Barcelona, Catalunya",,,,,,,,,Yes,More Info,,https://www.motogp.com/,,,,,,No
LL-0072,MotoGP - Round 6 - Gran Premi de Catalunya,"MotoGP showcases elite motorcycle racing, world-class riders, cutting-edge technology, intense rivalries, and thrilling high-speed battles across iconic circuits worldwide.",16/05/2026 09:00,16/05/2026 22:00,Europe/London,No,,,Race meets,"rgb(214, 33, 42)",,Circuit de Barcelona,"Circuit de Barcelona, Catalunya",,,,,,,,,Yes,More Info,,https://www.motogp.com/,,,,,,No
LL-0073,MotoGP - Round 6 - Gran Premi de Catalunya,"MotoGP showcases elite motorcycle racing, world-class riders, cutting-edge technology, intense rivalries, and thrilling high-speed battles across iconic circuits worldwide.",17/05/2026 09:00,17/05/2026 22:00,Europe/London,No,,,Race meets,"rgb(214, 33, 42)",,Circuit de Barcelona,"Circuit de Barcelona, Catalunya",,,,,,,,,Yes,More Info,,https://www.motogp.com/,,,,,,No
LL-0074,British Superbike Championship - Round 2,"The biggest and best national Championship in the world. 3 days of racing with Superbikes, Supersports, Sportsbike and many support classes.",15/05/2026 09:00,15/05/2026 22:00,Europe/London,No,,,Race meets,"rgb(214, 33, 42)",,Donington Park,"Donington Park, Derby, DE74 2RP",,,,,,,,,Yes,More Info,,https://www.britishsuperbike.com/,,,,,,No
LL-0075,British Superbike Championship - Round 2,"The biggest and best national Championship in the world. 3 days of racing with Superbikes, Supersports, Sportsbike and many support classes.",16/05/2026 09:00,16/05/2026 22:00,Europe/London,No,,,Race meets,"rgb(214, 33, 42)",,Donington Park,"Donington Park, Derby, DE74 2RP",,,,,,,,,Yes,More Info,,https://www.britishsuperbike.com/,,,,,,No
LL-0076,British Superbike Championship - Round 2,"The biggest and best national Championship in the world. 3 days of racing with Superbikes, Supersports, Sportsbike and many support classes.",17/05/2026 09:00,17/05/2026 22:00,Europe/London,No,,,Race meets,"rgb(214, 33, 42)",,Donington Park,"Donington Park, Derby, DE74 2RP",,,,,,,,,Yes,More Info,,https://www.britishsuperbike.com/,,,,,,No
LL-0077,"World Superbike Championship - Round 5, Czech Republic","With up to four races per round, the action is spread over two days. WSBK, WSSP, WSSP300 and WCR",15/05/2026 09:00,15/05/2026 22:00,Europe/London,No,,,Race meets,"rgb(214, 33, 42)",,Most,"Most, Czech Republic",,,,,,,,,Yes,More Info,,https://www.worldsbk.com/,,,,,,No
LL-0078,"World Superbike Championship - Round 5, Czech Republic","With up to four races per round, the action is spread over two days. WSBK, WSSP, WSSP300 and WCR",16/05/2026 09:00,16/05/2026 22:00,Europe/London,No,,,Race meets,"rgb(214, 33, 42)",,Most,"Most, Czech Republic",,,,,,,,,Yes,More Info,,https://www.worldsbk.com/,,,,,,No
LL-0079,"World Superbike Championship - Round 5, Czech Republic","With up to four races per round, the action is spread over two days. WSBK, WSSP, WSSP300 and WCR",17/05/2026 09:00,17/05/2026 22:00,Europe/London,No,,,Race meets,"rgb(214, 33, 42)",,Most,"Most, Czech Republic",,,,,,,,,Yes,More Info,,https://www.worldsbk.com/,,,,,,No
LL-0080,MSV Classic and Retro Track Day,"MSV Trackdays (MSVT) offers car and bike track day events to suit all levels of experience and ability at these brilliant circuits across the UK, all of which are owned or operated by MSV.",15/05/2026 09:00,15/05/2026 22:00,Europe/London,No,,,Bike track days,"rgb(214, 33, 42)",,Cadwell Park,"Cadwell Park, Louth, Lincs, LN11 9SE",,,,,,,,,Yes,More Info,,https://msvtrackdays.com/,,,,,,No
LL-0081,Bike Night + Rockers 'n' Classics Monthly Meet,"Bike meet at the world famous Ace Café, North Circular, London - 18:00 start",15/05/2026 09:00,15/05/2026 22:00,Europe/London,No,,,Bike meets,"rgb(214, 33, 42)",,Ace Café,"Ace Café, Stonebridge, NW10 7UD",,,,,,,,,Yes,More Info,,https://london.acecafe.com/,,,,,,No
LL-0082,Electric Vehicle Day,Bike meet at the world famous Ace Café - 09:00 start,16/05/2026 09:00,16/05/2026 22:00,Europe/London,No,,,Bike meets,"rgb(214, 33, 42)",,Ace Café,"Ace Café, Stonebridge, NW10 7UD",,,,,,,,,Yes,More Info,,https://london.acecafe.com/,,,,,,No
LL-0083,Club Championships - British Historic Racing,"The British Historic Racing Club has organised vintage races for almost 70 years, and full road-ace meetings for over 50 years. An integral part of the VMCC, BHRC’s foundations are based on those wonderful 1930s 40’s & 50’s race machines, both 2 and 3-wheels, which provide such incredible spectacle and insight into yesteryear for riders and spectators alike.",16/05/2026 09:00,16/05/2026 22:00,Europe/London,No,,,Race meets,"rgb(214, 33, 42)",,Cadwell Park,"Cadwell Park, Louth, Linc LN11 9SE",,,,,,,,,Yes,More Info,,https://www.britishhistoricracing.co.uk/,,,,,,No
LL-0084,Club Championships - British Historic Racing,"The British Historic Racing Club has organised vintage races for almost 70 years, and full road-ace meetings for over 50 years. An integral part of the VMCC, BHRC’s foundations are based on those wonderful 1930s 40’s & 50’s race machines, both 2 and 3-wheels, which provide such incredible spectacle and insight into yesteryear for riders and spectators alike.",17/05/2026 09:00,17/05/2026 22:00,Europe/London,No,,,Race meets,"rgb(214, 33, 42)",,Cadwell Park,"Cadwell Park, Louth, Linc LN11 9SE",,,,,,,,,Yes,More Info,,https://www.britishhistoricracing.co.uk/,,,,,,No
LL-0085,MSV General Track Day,"MSV Trackdays (MSVT) offers car and bike track day events to suit all levels of experience and ability at these brilliant circuits across the UK, all of which are owned or operated by MSV.",16/05/2026 09:00,16/05/2026 22:00,Europe/London,No,,,Bike track days,"rgb(214, 33, 42)",,Circuito de Navarra,Circuito de Navarra,,,,,,,,,Yes,More Info,,https://msvtrackdays.com/,,,,,,No
LL-0086,Lancashire Coast Classic & Performance Motor Show,"We bring the best of classic and performance cars, bikes and commercials to Lytham Hall, near Blackpool, for a spring bonanza this May.",17/05/2026 09:00,17/05/2026 22:00,Europe/London,No,,,Motorcycle shows and events,"rgb(214, 33, 42)",,Lytham Hall,"Lytham Hall, Ballam Road, Lytham, Lancashire, FY8 4JX",,,,,,,,,Yes,More Info,,https://www.greatbritishmotorshows.com/,,,,,,No
LL-0087,South Yorkshire Classic Car and Motor Show,"Classic Shows events offer a fantastic day out for all of the family and not just car and bike enthusiasts! The events are held at some of the finest country homes in the UK and provide an impressive backdrop to a display of rare and interesting classic vehicles. Many venues allow tours of the country house, grounds and / or also include children’s play facilities in addition to unique shops, food offerings and the retail of local produce.",17/05/2026 09:00,17/05/2026 22:00,Europe/London,No,,,Motorcycle shows and events,"rgb(214, 33, 42)",,Wentworth Woodhouse,"Wentworth Woodhouse, Rotherham S62 7TQ",,,,,,,,,Yes,More Info,,https://www.classicshows.org/,,,,,,No
LL-0088,The Distinguished Gentleman's Ride (DGR),Don your best bib and tucker for men's health charity ride - This year's target - 6 million riders,17/05/2026 09:00,17/05/2026 22:00,Europe/London,No,,,Motorcycle ride outs,"rgb(214, 33, 42)",,Worldwide,Worldwide,,,,,,,,,Yes,More Info,,https://www.gentlemansride.com/,,,,,,No
LL-0089,Two-Stroke Day + Fizzy Frenzy,Bike meet at the world famous Ace Café - 09:00 start,17/05/2026 09:00,17/05/2026 22:00,Europe/London,No,,,Bike meets,"rgb(214, 33, 42)",,Ace Café,"Ace Café, Stonebridge, NW10 7UD",,,,,,,,,Yes,More Info,,https://london.acecafe.com/,,,,,,No
LL-0090,Rugby Bikefest,"A family friendly festival, Bikefest includes a ‘ride-in,’ bike displays, stalls, live music, children’s activities, a funfair, food, cars and arena displays - ensuring a fantastic day out for bike enthusiasts and non-enthusiasts alike!",17/05/2026 09:00,17/05/2026 22:00,Europe/London,No,,,Motorcycle shows and events,"rgb(214, 33, 42)",,Rugby Town Centre,Rugby Town Centre,,,,,,,,,Yes,More Info,,https://rugbyfirstevents.org.uk/rugby-bikefest/,,,,,,No
LL-0091,Distinguished Gentlemen's Ride (DGR) Finish for Bournemouth to Poole Ride,See the climax to the BCP DGR ride as thousand of bikers congregate at the famous Sammy Miller Museum.,17/05/2026 09:00,17/05/2026 22:00,Europe/London,No,,,Bike meets,"rgb(214, 33, 42)",,New Milton,"New Milton, Hants BH25 5SZ",,,,,,,,,Yes,More Info,,https://www.sammymiller.co.uk/,,,,,,No
LL-0092,Biker Down Course,"Biker Down is a FREE course that offers motorcyclists the opportunity to learn practical skills to help avoid being involved in a crash, as well as essential first-aid training and advice on what to do should they find themselves first on the scene of a crash where someone is injured.",17/05/2026 09:00,17/05/2026 22:00,Europe/London,No,,,Rider Training,"rgb(214, 33, 42)",,St. Neots Fire Station,"St. Neots Fire Station, Huntingdon St, St. Neots, Cambs PE19 1DU",,,,,,,,,Yes,More Info,,https://www.cambsfire.gov.uk/community-safety/road-safety/biker-down/,,,,,,No
LL-0093,California Superbike School Training Day,"The California Superbike School was founded by world-famous motorcycle coach Keith Code in 1980. Code has authored numerous books including the seminal motorcycle skills text “Twist of the Wrist”. The UK school teaches four levels of skills and is suitable for novice riders, riders who have never been on a track before, and pro-racers alike. Riders use their own motorcycles or new Kawasaki UK supplied motorcycles can also be hired. A full A or ACU license is required",18/05/2026 09:00,18/05/2026 22:00,Europe/London,No,,,Bike track days,"rgb(214, 33, 42)",,Brands Hatch,"Brands Hatch, Sevenoaks, TN15 6FS",,,,,,,,,Yes,More Info,,https://www.superbikeschool.co.uk/,,,,,,No
LL-0094,MSV General Track Day,"MSV Trackdays (MSVT) offers car and bike track day events to suit all levels of experience and ability at these brilliant circuits across the UK, all of which are owned or operated by MSV.",19/05/2026 09:00,19/05/2026 22:00,Europe/London,No,,,Bike track days,"rgb(214, 33, 42)",,Oulton Park,"Oulton Park, Cheshire, CW6 9BW",,,,,,,,,Yes,More Info,,https://msvtrackdays.com/,,,,,,No
LL-0095,MSV General Track Evening,"MSV Trackdays (MSVT) offers car and bike track day events to suit all levels of experience and ability at these brilliant circuits across the UK, all of which are owned or operated by MSV.",19/05/2026 09:00,19/05/2026 22:00,Europe/London,No,,,Bike track days,"rgb(214, 33, 42)",,Brands Hatch,"Brands Hatch, Kent, DA3 8NG",,,,,,,,,Yes,More Info,,https://msvtrackdays.com/,,,,,,No
LL-0096,Sugar Loaf Bike Night,Every Tuesday from 6pm. Themed nights - free soft drink with themed bikes. All bikes welcome.,19/05/2026 09:00,19/05/2026 22:00,Europe/London,No,,,Bike meets,"rgb(214, 33, 42)",,The Old Sugar Loaf,"The Old Sugar Loaf, 44 High St, Dunstable, LU6 1LA",,,,,,,,,Yes,More Info,,https://www.facebook.com/groups/1052463642347360/,,,,,,No
LL-0097,Bike Night at The White Swan,A welcoming bike night for all - every Tuesday. BBQ from 18:00 (weather permitting). Come and show off your pride and joy.,19/05/2026 09:00,19/05/2026 22:00,Europe/London,No,,,Bike meets,"rgb(214, 33, 42)",,The White Swan,"The White Swan, Conington, Cambs",,,,,,,,,Yes,More Info,,https://thewhiteswanconington.co.uk/comin-up/,,,,,,No
LL-0098,Gosport Motorbike Social,"A weekly Wednesday meet for like minded bikers from 6pm. Motorcycle ride outs, charity events, food and drinks - all welcome.",20/05/2026 09:00,20/05/2026 22:00,Europe/London,No,,,Bike meets,"rgb(214, 33, 42)",,The Rolling Scone Café,"The Rolling Scone Café, Gosport, Hants, PO13 9UB",,,,,,,,,Yes,More Info,,https://www.facebook.com/TheRollingSconesCafeGosport,,,,,,No
LL-0099,Motorcycle Track Training with James Whitham (Novice - 96db),"James Whitham motorcycle track training days at Anglesey, Croft, Cadwell and Mallory Park Circuits are rider focused with the emphasis on practical coaching, both on and off the track on the aspects of riding that you want to improve, alongside one-to-one tuition from James and his team of riders that are at the top of their game.",20/05/2026 09:00,20/05/2026 22:00,Europe/London,No,,,Bike track days,"rgb(214, 33, 42)",,Mallory Park,"Mallory Park, Leics, LE9 7QE",,,,,,,,,Yes,More Info,,https://www.jameswhitham.com/calendar-and-booking,,,,,,No
LL-0100,Superpole PillionXperience with James Whitham,"James Whitham motorcycle track training days at Anglesey, Croft, Cadwell and Mallory Park Circuits are rider focused with the emphasis on practical coaching, both on and off the track on the aspects of riding that you want to improve, alongside one-to-one tuition from James and his team of riders that are at the top of their game.",20/05/2026 09:00,20/05/2026 22:00,Europe/London,No,,,Bike track days,"rgb(214, 33, 42)",,Mallory Park,"Mallory Park, Leics, LE9 7QE",,,,,,,,,Yes,More Info,,https://www.jameswhitham.com/calendar-and-booking,,,,,,No
LL-0101,Wicked Wheelie Wednesdays,Come and show-off your bikes - 50cc to superbikes. Food available 17:00 - 20:00 - bar 15:00 - 22:00. Supporting a charity at every event.,20/05/2026 09:00,20/05/2026 22:00,Europe/London,No,,,Bike meets,"rgb(214, 33, 42)",,Hubbles @ Fendicks Fishery,"Hubbles @ Fendicks Fishery, Methwold Road, Whittington PE33 9GP",,,,,,,,,Yes,More Info,,https://www.fendicksfishery.com/,,,,,,No
LL-0102,Bike Night at The Hunters Inn,Meet up at The Hunters Inn - Freehouse pub with large car park and garden. Great biking roads in area and close to A32 and Loomies Café. Bike night - Thursdays from 18:00,21/05/2026 09:00,21/05/2026 22:00,Europe/London,No,,,Bike meets,"rgb(214, 33, 42)",,The Hunters Inn,"The Hunters Inn, Cott Street, Swanmore, Hants SO32 2PZ",,,,,,,,,Yes,More Info,,https://www.huntersinnpub.com/,,,,,,No
LL-0103,John Bunyan Bike Night,"Great evening of New, Vintage, Custom, Sports and Classics - All welcome. Large carpark, great selection of foods and drinks",21/05/2026 09:00,21/05/2026 22:00,Europe/London,No,,,Bike meets,"rgb(214, 33, 42)",,John Bunyan Pub,"John Bunyan Pub, Coleman Green Ln, St Albans, AL4 8ES",,,,,,,,,Yes,More Info,,https://www.facebook.com/Johnbunyanpub.co.uk/?locale=en_GB,,,,,,No
LL-0104,Bike Night at the Crown,Every Thursday from 6pm. Full menu available.,21/05/2026 09:00,21/05/2026 22:00,Europe/London,No,,,Bike meets,"rgb(214, 33, 42)",,The Crown,"The Crown, Main Road, Wormington, CO6 3AB",,,,,,,,,Yes,More Info,,https://www.facebook.com/crownwormingford/posts/bike-night-the-crown-wormingford-6pm-start-tomorrow-full-menu-is-on-our-website-/5102119659879933/,,,,,,No
LL-0105,"Super Moto + XJR OC, NABD, Scooters & MAG Monthly Meet","Bike meet at the world famous Ace Café, North Circular, London - 18:00 start",21/05/2026 09:00,21/05/2026 22:00,Europe/London,No,,,Bike meets,"rgb(214, 33, 42)",,Ace Café,"Ace Café, Stonebridge, NW10 7UD",,,,,,,,,Yes,More Info,,https://london.acecafe.com/,,,,,,No
LL-0106,The FIA/FIM Main Event,The 1st round of the FIA European Championship presents 4 days of high speed drag racing action over the Bank Holiday weekend.,22/05/2026 09:00,22/05/2026 22:00,Europe/London,No,,,Race meets,"rgb(214, 33, 42)",,Santapod Raceway,"Santapod Raceway, Beds, NN29 7XA",,,,,,,,,Yes,More Info,,https://www.santapod.co.uk/,,,,,,No
LL-0107,The FIA/FIM Main Event,The 1st round of the FIA European Championship presents 4 days of high speed drag racing action over the Bank Holiday weekend.,23/05/2026 09:00,23/05/2026 22:00,Europe/London,No,,,Race meets,"rgb(214, 33, 42)",,Santapod Raceway,"Santapod Raceway, Beds, NN29 7XA",,,,,,,,,Yes,More Info,,https://www.santapod.co.uk/,,,,,,No
LL-0108,The FIA/FIM Main Event,The 1st round of the FIA European Championship presents 4 days of high speed drag racing action over the Bank Holiday weekend.,24/05/2026 09:00,24/05/2026 22:00,Europe/London,No,,,Race meets,"rgb(214, 33, 42)",,Santapod Raceway,"Santapod Raceway, Beds, NN29 7XA",,,,,,,,,Yes,More Info,,https://www.santapod.co.uk/,,,,,,No
LL-0109,The FIA/FIM Main Event,The 1st round of the FIA European Championship presents 4 days of high speed drag racing action over the Bank Holiday weekend.,25/05/2026 09:00,25/05/2026 22:00,Europe/London,No,,,Race meets,"rgb(214, 33, 42)",,Santapod Raceway,"Santapod Raceway, Beds, NN29 7XA",,,,,,,,,Yes,More Info,,https://www.santapod.co.uk/,,,,,,No
LL-0110,Squires Café Autojumble,"Squires Cafe is an ideal venue for all event requirements, boasting large outdoor capacity plus large well equipped indoor facilities making Squires a truly all year-round venue. Monthly autojumble. Pitches are £5 each for sellers",22/05/2026 09:00,22/05/2026 22:00,Europe/London,No,,,Motorcycle shows and events,"rgb(214, 33, 42)",,South Milford,"South Milford, Leeds, LS25 5LX",,,,,,,,,Yes,More Info,,https://www.squires-cafe.co.uk/,,,,,,No
LL-0111,Bike Shed Moto Show,"Europe's biggest and best independent annual motorcycle show, always on the last weekend in May, celebrates the creativity of the new-wave and cafe-racer custom motorcycle culture, with over 300 curated custom motorcycles, unseen in the UK, from all over the world, plus live music, art, photography, and hand-made accessories alongside selected brands, retailers and exhibitors.",22/05/2026 09:00,22/05/2026 22:00,Europe/London,No,,,Motorcycle shows and events,"rgb(214, 33, 42)",,Tobacco Dock,"Tobacco Dock, London, E1W 2SF",,,,,,,,,Yes,More Info,,https://www.bikeshedlondonshow.com/,,,,,,No
LL-0112,Bike Shed Moto Show,"Europe's biggest and best independent annual motorcycle show, always on the last weekend in May, celebrates the creativity of the new-wave and cafe-racer custom motorcycle culture, with over 300 curated custom motorcycles, unseen in the UK, from all over the world, plus live music, art, photography, and hand-made accessories alongside selected brands, retailers and exhibitors.",23/05/2026 09:00,23/05/2026 22:00,Europe/London,No,,,Motorcycle shows and events,"rgb(214, 33, 42)",,Tobacco Dock,"Tobacco Dock, London, E1W 2SF",,,,,,,,,Yes,More Info,,https://www.bikeshedlondonshow.com/,,,,,,No
LL-0113,Bike Shed Moto Show,"Europe's biggest and best independent annual motorcycle show, always on the last weekend in May, celebrates the creativity of the new-wave and cafe-racer custom motorcycle culture, with over 300 curated custom motorcycles, unseen in the UK, from all over the world, plus live music, art, photography, and hand-made accessories alongside selected brands, retailers and exhibitors.",24/05/2026 09:00,24/05/2026 22:00,Europe/London,No,,,Motorcycle shows and events,"rgb(214, 33, 42)",,Tobacco Dock,"Tobacco Dock, London, E1W 2SF",,,,,,,,,Yes,More Info,,https://www.bikeshedlondonshow.com/,,,,,,No
LL-0114,FIM Enduro World Championship - R3,World Enduro Racing at its finest. Open championship is open to two and four-stroke machines of any engine capacity.,22/05/2026 09:00,22/05/2026 22:00,Europe/London,No,,,Race meets,"rgb(214, 33, 42)",,Vierumäki,"Vierumäki, Salpausselkä, Finland",,,,,,,,,Yes,More Info,,https://www.fim-live.com/,,,,,,No
LL-0115,FIM Enduro World Championship - R3,World Enduro Racing at its finest. Open championship is open to two and four-stroke machines of any engine capacity.,23/05/2026 09:00,23/05/2026 22:00,Europe/London,No,,,Race meets,"rgb(214, 33, 42)",,Vierumäki,"Vierumäki, Salpausselkä, Finland",,,,,,,,,Yes,More Info,,https://www.fim-live.com/,,,,,,No
LL-0116,FIM Enduro World Championship - R3,World Enduro Racing at its finest. Open championship is open to two and four-stroke machines of any engine capacity.,24/05/2026 09:00,24/05/2026 22:00,Europe/London,No,,,Race meets,"rgb(214, 33, 42)",,Vierumäki,"Vierumäki, Salpausselkä, Finland",,,,,,,,,Yes,More Info,,https://www.fim-live.com/,,,,,,No
LL-0117,Speedway Grand Prix - Round 2 - GP of Czechia,Sideways action from the FIM World series,23/05/2026 09:00,23/05/2026 22:00,Europe/London,No,,,Race meets,"rgb(214, 33, 42)",,Prague,"Prague, Czechia",,,,,,,,,Yes,More Info,,https://www.fimspeedway.com/,,,,,,No
LL-0118,300 Curves of Gustav Havel,"ACCR Supermono Championship, Road Racing Cup",23/05/2026 09:00,23/05/2026 22:00,Europe/London,No,,,Race meets,"rgb(214, 33, 42)",,Horice,"Horice, Czechia",,,,,,,,,Yes,More Info,,https://www.amkhorice.cz/en/races/300-curves/,,,,,,No
LL-0119,300 Curves of Gustav Havel,"ACCR Supermono Championship, Road Racing Cup",24/05/2026 09:00,24/05/2026 22:00,Europe/London,No,,,Race meets,"rgb(214, 33, 42)",,Horice,"Horice, Czechia",,,,,,,,,Yes,More Info,,https://www.amkhorice.cz/en/races/300-curves/,,,,,,No
LL-0120,Can-Am Owners Day,"Join us in celebrating all things Can-Am from 10.00am to 3.00pm! Club members are invited to park up in the courtyard. You are invited to park up in the courtyard from 10am (please note, no vehicular exit from the courtyard before 1pm. Anyone wishing to leave earlier, please park in the main car park). Museum open 10.00am – 4.30pm",23/05/2026 09:00,23/05/2026 22:00,Europe/London,No,,,Bike meets,"rgb(214, 33, 42)",,New Milton,"New Milton, Hants BH25 5SZ",,,,,,,,,Yes,More Info,,https://www.sammymiller.co.uk/,,,,,,No
LL-0121,FIM MX GP of France - Motocross World Championship,"The premier championship of motocross racing, plus support events.",24/05/2026 09:00,24/05/2026 22:00,Europe/London,No,,,Race meets,"rgb(214, 33, 42)",,Lacapelle Marival,"Lacapelle Marival, France",,,,,,,,,Yes,More Info,,https://www.mxgp.com/,,,,,,No
LL-0122,Norton Owners Club Meet,organised by the Bournemouth branch. Everyone welcome. All Norton’s to be parked in the courtyard. 10am to 2.30pm museum admission discounted for Norton club Members,24/05/2026 09:00,24/05/2026 22:00,Europe/London,No,,,Bike meets,"rgb(214, 33, 42)",,New Milton,"New Milton, Hants BH25 5SZ",,,,,,,,,Yes,More Info,,https://www.sammymiller.co.uk/,,,,,,No
LL-0123,FIM World Rally Raid Championship - Desafio Ruta 40,"The premier Rally Raid racing championship with categories for Quads, Women, Juniors and 450cc+",24/05/2026 09:00,24/05/2026 22:00,Europe/London,No,,,Race meets,"rgb(214, 33, 42)",,Sun City,"Sun City, South Africa",,,,,,,,,Yes,More Info,,https://www.fim-live.com/,,,,,,No
LL-0124,FIM World Rally Raid Championship - Desafio Ruta 40,"The premier Rally Raid racing championship with categories for Quads, Women, Juniors and 450cc+",25/05/2026 09:00,25/05/2026 22:00,Europe/London,No,,,Race meets,"rgb(214, 33, 42)",,Sun City,"Sun City, South Africa",,,,,,,,,Yes,More Info,,https://www.fim-live.com/,,,,,,No
LL-0125,FIM World Rally Raid Championship - Desafio Ruta 40,"The premier Rally Raid racing championship with categories for Quads, Women, Juniors and 450cc+",26/05/2026 09:00,26/05/2026 22:00,Europe/London,No,,,Race meets,"rgb(214, 33, 42)",,Sun City,"Sun City, South Africa",,,,,,,,,Yes,More Info,,https://www.fim-live.com/,,,,,,No
LL-0126,FIM World Rally Raid Championship - Desafio Ruta 40,"The premier Rally Raid racing championship with categories for Quads, Women, Juniors and 450cc+",27/05/2026 09:00,27/05/2026 22:00,Europe/London,No,,,Race meets,"rgb(214, 33, 42)",,Sun City,"Sun City, South Africa",,,,,,,,,Yes,More Info,,https://www.fim-live.com/,,,,,,No
LL-0127,FIM World Rally Raid Championship - Desafio Ruta 40,"The premier Rally Raid racing championship with categories for Quads, Women, Juniors and 450cc+",28/05/2026 09:00,28/05/2026 22:00,Europe/London,No,,,Race meets,"rgb(214, 33, 42)",,Sun City,"Sun City, South Africa",,,,,,,,,Yes,More Info,,https://www.fim-live.com/,,,,,,No
LL-0128,FIM World Rally Raid Championship - Desafio Ruta 40,"The premier Rally Raid racing championship with categories for Quads, Women, Juniors and 450cc+",29/05/2026 09:00,29/05/2026 22:00,Europe/London,No,,,Race meets,"rgb(214, 33, 42)",,Sun City,"Sun City, South Africa",,,,,,,,,Yes,More Info,,https://www.fim-live.com/,,,,,,No
LL-0129,Cheshire Classic Car & Motorcycle Show,"Classic Shows events offer a fantastic day out for all of the family and not just car and bike enthusiasts! The events are held at some of the finest country homes in the UK and provide an impressive backdrop to a display of rare and interesting classic vehicles. Many venues allow tours of the country house, grounds and / or also include children’s play facilities in addition to unique shops, food offerings and the retail of local produce.",24/05/2026 09:00,24/05/2026 22:00,Europe/London,No,,,Motorcycle shows and events,"rgb(214, 33, 42)",,Capesthorne Hall,"Capesthorne Hall, Macclesfield, Cheshire, SK11 9JY",,,,,,,,,Yes,More Info,,https://www.classicshows.org/,,,,,,No
LL-0130,Cheshire Classic Car & Motorcycle Show,"Classic Shows events offer a fantastic day out for all of the family and not just car and bike enthusiasts! The events are held at some of the finest country homes in the UK and provide an impressive backdrop to a display of rare and interesting classic vehicles. Many venues allow tours of the country house, grounds and / or also include children’s play facilities in addition to unique shops, food offerings and the retail of local produce.",25/05/2026 09:00,25/05/2026 22:00,Europe/London,No,,,Motorcycle shows and events,"rgb(214, 33, 42)",,Capesthorne Hall,"Capesthorne Hall, Macclesfield, Cheshire, SK11 9JY",,,,,,,,,Yes,More Info,,https://www.classicshows.org/,,,,,,No
LL-0131,Royal British Legion Riders Branch (RBLRB) Day in Aid of the Poppy Appeal,Bike meet at the world famous Ace Café - 09:00 start,24/05/2026 09:00,24/05/2026 22:00,Europe/London,No,,,Bike meets,"rgb(214, 33, 42)",,Ace Café,"Ace Café, Stonebridge, NW10 7UD",,,,,,,,,Yes,More Info,,https://london.acecafe.com/,,,,,,No
LL-0132,MSV Sunday Track Day,"MSV Trackdays (MSVT) offers car and bike track day events to suit all levels of experience and ability at these brilliant circuits across the UK, all of which are owned or operated by MSV.",24/05/2026 09:00,24/05/2026 22:00,Europe/London,No,,,Bike track days,"rgb(214, 33, 42)",,Donington Park,"Donington Park, Derby, DE74 2RP",,,,,,,,,Yes,More Info,,https://msvtrackdays.com/,,,,,,No
LL-0133,Coleshill Auto Breakfast Meet,"Join the Coleshill Auto Breakfast meet at the Triumph Visitor Experience for their monthly meet. The Club are active fund raisers for the Warks and Solihull Blood Bikers, so call in and enjoy some of the most incredible vehicles on display.",24/05/2026 09:00,24/05/2026 22:00,Europe/London,No,,,Bike meets,"rgb(214, 33, 42)",,Triumph Visitor Experience,Triumph Visitor Experience,,,,,,,,,Yes,More Info,,https://www.triumphmotorcycles.co.uk/for-the-ride/experiences/factory-visitor-experience/events,,,,,,No
LL-0134,Yorkshire Classic and Performance Show,"Great British Motor Shows brings the best of classic, modified and performance cars and motorbikes to Ripley Castle for a record-breaking 41st time, making it an event to remember.",25/05/2026 09:00,25/05/2026 22:00,Europe/London,No,,,Motorcycle shows and events,"rgb(214, 33, 42)",,Ripley Castle,"Ripley Castle, Harrogate, HG3 3AY",,,,,,,,,Yes,More Info,,https://www.greatbritishmotorshows.com/,,,,,,No
LL-0135,The Isle of Man TT Races,"Every May and June the Isle of Man, a small country nestled between England and Ireland, turns into motorcycle nirvana as the world’s greatest road racers gather to test themselves against the incredible ‘Mountain Course’ – a 37.73 mile beast of a course carved out of the Island’s public closed roads.",25/05/2026 09:00,25/05/2026 22:00,Europe/London,No,,,Race meets,"rgb(214, 33, 42)",,Isle of Man,Isle of Man,,,,,,,,,Yes,More Info,,https://ttplus.iomttraces.com/,,,,,,No
LL-0136,The Isle of Man TT Races,"Every May and June the Isle of Man, a small country nestled between England and Ireland, turns into motorcycle nirvana as the world’s greatest road racers gather to test themselves against the incredible ‘Mountain Course’ – a 37.73 mile beast of a course carved out of the Island’s public closed roads.",26/05/2026 09:00,26/05/2026 22:00,Europe/London,No,,,Race meets,"rgb(214, 33, 42)",,Isle of Man,Isle of Man,,,,,,,,,Yes,More Info,,https://ttplus.iomttraces.com/,,,,,,No
LL-0137,The Isle of Man TT Races,"Every May and June the Isle of Man, a small country nestled between England and Ireland, turns into motorcycle nirvana as the world’s greatest road racers gather to test themselves against the incredible ‘Mountain Course’ – a 37.73 mile beast of a course carved out of the Island’s public closed roads.",27/05/2026 09:00,27/05/2026 22:00,Europe/London,No,,,Race meets,"rgb(214, 33, 42)",,Isle of Man,Isle of Man,,,,,,,,,Yes,More Info,,https://ttplus.iomttraces.com/,,,,,,No
LL-0138,The Isle of Man TT Races,"Every May and June the Isle of Man, a small country nestled between England and Ireland, turns into motorcycle nirvana as the world’s greatest road racers gather to test themselves against the incredible ‘Mountain Course’ – a 37.73 mile beast of a course carved out of the Island’s public closed roads.",28/05/2026 09:00,28/05/2026 22:00,Europe/London,No,,,Race meets,"rgb(214, 33, 42)",,Isle of Man,Isle of Man,,,,,,,,,Yes,More Info,,https://ttplus.iomttraces.com/,,,,,,No
LL-0139,The Isle of Man TT Races,"Every May and June the Isle of Man, a small country nestled between England and Ireland, turns into motorcycle nirvana as the world’s greatest road racers gather to test themselves against the incredible ‘Mountain Course’ – a 37.73 mile beast of a course carved out of the Island’s public closed roads.",29/05/2026 09:00,29/05/2026 22:00,Europe/London,No,,,Race meets,"rgb(214, 33, 42)",,Isle of Man,Isle of Man,,,,,,,,,Yes,More Info,,https://ttplus.iomttraces.com/,,,,,,No
LL-0140,The Isle of Man TT Races,"Every May and June the Isle of Man, a small country nestled between England and Ireland, turns into motorcycle nirvana as the world’s greatest road racers gather to test themselves against the incredible ‘Mountain Course’ – a 37.73 mile beast of a course carved out of the Island’s public closed roads.",30/05/2026 09:00,30/05/2026 22:00,Europe/London,No,,,Race meets,"rgb(214, 33, 42)",,Isle of Man,Isle of Man,,,,,,,,,Yes,More Info,,https://ttplus.iomttraces.com/,,,,,,No
LL-0141,The Isle of Man TT Races,"Every May and June the Isle of Man, a small country nestled between England and Ireland, turns into motorcycle nirvana as the world’s greatest road racers gather to test themselves against the incredible ‘Mountain Course’ – a 37.73 mile beast of a course carved out of the Island’s public closed roads.",31/05/2026 09:00,31/05/2026 22:00,Europe/London,No,,,Race meets,"rgb(214, 33, 42)",,Isle of Man,Isle of Man,,,,,,,,,Yes,More Info,,https://ttplus.iomttraces.com/,,,,,,No
LL-0142,The Isle of Man TT Races,"Every May and June the Isle of Man, a small country nestled between England and Ireland, turns into motorcycle nirvana as the world’s greatest road racers gather to test themselves against the incredible ‘Mountain Course’ – a 37.73 mile beast of a course carved out of the Island’s public closed roads.",01/06/2026 09:00,01/06/2026 22:00,Europe/London,No,,,Race meets,"rgb(214, 33, 42)",,Isle of Man,Isle of Man,,,,,,,,,Yes,More Info,,https://ttplus.iomttraces.com/,,,,,,No
LL-0143,The Isle of Man TT Races,"Every May and June the Isle of Man, a small country nestled between England and Ireland, turns into motorcycle nirvana as the world’s greatest road racers gather to test themselves against the incredible ‘Mountain Course’ – a 37.73 mile beast of a course carved out of the Island’s public closed roads.",02/06/2026 09:00,02/06/2026 22:00,Europe/London,No,,,Race meets,"rgb(214, 33, 42)",,Isle of Man,Isle of Man,,,,,,,,,Yes,More Info,,https://ttplus.iomttraces.com/,,,,,,No
LL-0144,The Isle of Man TT Races,"Every May and June the Isle of Man, a small country nestled between England and Ireland, turns into motorcycle nirvana as the world’s greatest road racers gather to test themselves against the incredible ‘Mountain Course’ – a 37.73 mile beast of a course carved out of the Island’s public closed roads.",03/06/2026 09:00,03/06/2026 22:00,Europe/London,No,,,Race meets,"rgb(214, 33, 42)",,Isle of Man,Isle of Man,,,,,,,,,Yes,More Info,,https://ttplus.iomttraces.com/,,,,,,No
LL-0145,The Isle of Man TT Races,"Every May and June the Isle of Man, a small country nestled between England and Ireland, turns into motorcycle nirvana as the world’s greatest road racers gather to test themselves against the incredible ‘Mountain Course’ – a 37.73 mile beast of a course carved out of the Island’s public closed roads.",04/06/2026 09:00,04/06/2026 22:00,Europe/London,No,,,Race meets,"rgb(214, 33, 42)",,Isle of Man,Isle of Man,,,,,,,,,Yes,More Info,,https://ttplus.iomttraces.com/,,,,,,No
LL-0146,The Isle of Man TT Races,"Every May and June the Isle of Man, a small country nestled between England and Ireland, turns into motorcycle nirvana as the world’s greatest road racers gather to test themselves against the incredible ‘Mountain Course’ – a 37.73 mile beast of a course carved out of the Island’s public closed roads.",05/06/2026 09:00,05/06/2026 22:00,Europe/London,No,,,Race meets,"rgb(214, 33, 42)",,Isle of Man,Isle of Man,,,,,,,,,Yes,More Info,,https://ttplus.iomttraces.com/,,,,,,No
LL-0147,The Isle of Man TT Races,"Every May and June the Isle of Man, a small country nestled between England and Ireland, turns into motorcycle nirvana as the world’s greatest road racers gather to test themselves against the incredible ‘Mountain Course’ – a 37.73 mile beast of a course carved out of the Island’s public closed roads.",06/06/2026 09:00,06/06/2026 22:00,Europe/London,No,,,Race meets,"rgb(214, 33, 42)",,Isle of Man,Isle of Man,,,,,,,,,Yes,More Info,,https://ttplus.iomttraces.com/,,,,,,No
LL-0148,Margate Meltdown Run,"Bike meet at the world famous Ace Café - 10:30 start, for a memorable ride to Margate",25/05/2026 09:00,25/05/2026 22:00,Europe/London,No,,,Bike meets,"rgb(214, 33, 42)",,Ace Café,"Ace Café, Stonebridge, NW10 7UD",,,,,,,,,Yes,More Info,,https://london.acecafe.com/,,,,,,No
LL-0149,Bike Night at The Cross Keys - Pizza & Pop,"A new bike night at The Cross Keys in Upwood, Ramsey, Cambs, featuring Mooi Pizza and a soft drink for just £10. Plenty of parking and a friendly pub atmosphere make this the ideal Monday night ride out. All pizzas are cooked to order in a wood fired oven. Pre Order on 07355 397164 to avoid delays.",25/05/2026 09:00,25/05/2026 22:00,Europe/London,No,,,Bike meets,"rgb(214, 33, 42)",,The Cross Keys,"The Cross Keys, Upwood, Cambs",,,,,,,,,Yes,More Info,,https://mooipizza.co.uk/,,,,,,No
LL-0150,Poole Quay Bike Night,"Every Tuesday until the end of September - Music, local bars, food and retailers. 17:30 start, £3 entry.",26/05/2026 09:00,26/05/2026 22:00,Europe/London,No,,,Bike meets,"rgb(214, 33, 42)",,The Quay,"The Quay, Poole BH15 1HJ",,,,,,,,,Yes,More Info,,https://www.facebook.com/groups/11908800953,,,,,,No
LL-0151,Sugar Loaf Bike Night,Every Tuesday from 6pm. Themed nights - free soft drink with themed bikes. All bikes welcome.,26/05/2026 09:00,26/05/2026 22:00,Europe/London,No,,,Bike meets,"rgb(214, 33, 42)",,The Old Sugar Loaf,"The Old Sugar Loaf, 44 High St, Dunstable, LU6 1LA",,,,,,,,,Yes,More Info,,https://www.facebook.com/groups/1052463642347360/,,,,,,No
LL-0152,Bike Night at The White Swan,A welcoming bike night for all - every Tuesday. BBQ from 18:00 (weather permitting). Come and show off your pride and joy.,26/05/2026 09:00,26/05/2026 22:00,Europe/London,No,,,Bike meets,"rgb(214, 33, 42)",,The White Swan,"The White Swan, Conington, Cambs",,,,,,,,,Yes,More Info,,https://thewhiteswanconington.co.uk/comin-up/,,,,,,No
LL-0153,Gosport Motorbike Social,"A weekly Wednesday meet for like minded bikers from 6pm. Motorcycle ride outs, charity events, food and drinks - all welcome.",27/05/2026 09:00,27/05/2026 22:00,Europe/London,No,,,Bike meets,"rgb(214, 33, 42)",,The Rolling Scone Café,"The Rolling Scone Café, Gosport, Hants, PO13 9UB",,,,,,,,,Yes,More Info,,https://www.facebook.com/TheRollingSconesCafeGosport,,,,,,No
LL-0154,MSV Novice Only Track Day,"MSV Trackdays (MSVT) offers car and bike track day events to suit all levels of experience and ability at these brilliant circuits across the UK, all of which are owned or operated by MSV.",27/05/2026 09:00,27/05/2026 22:00,Europe/London,No,,,Bike track days,"rgb(214, 33, 42)",,Donington Park,"Donington Park, Derby, DE74 2RP",,,,,,,,,Yes,More Info,,https://msvtrackdays.com/,,,,,,No
LL-0155,The Chequered Flag Cafe Bike Night,"A monthly Wednesday night meet at the Chequered Flag Cafe. Full menu available of great hot foods and drinks. Extra drinks stall outside to save queuing Stalls, ice-cream and live music. All welcome!",27/05/2026 09:00,27/05/2026 22:00,Europe/London,No,,,Bike meets,"rgb(214, 33, 42)",,Darley Moor,"Darley Moor, Ashbourne, DE6 2ET",,,,,,,,,Yes,More Info,,https://www.facebook.com/profile.php?id=61572162905976&sk=events,,,,,,No
LL-0156,Wicked Wheelie Wednesdays,Come and show-off your bikes - 50cc to superbikes. Food available 17:00 - 20:00 - bar 15:00 - 22:00. Supporting a charity at every event.,27/05/2026 09:00,27/05/2026 22:00,Europe/London,No,,,Bike meets,"rgb(214, 33, 42)",,Hubbles @ Fendicks Fishery,"Hubbles @ Fendicks Fishery, Methwold Road, Whittington PE33 9GP",,,,,,,,,Yes,More Info,,https://www.fendicksfishery.com/,,,,,,No
LL-0157,Bike Night at The Hunters Inn,Meet up at The Hunters Inn - Freehouse pub with large car park and garden. Great biking roads in area and close to A32 and Loomies Café. Bike night - Thursdays from 18:00,28/05/2026 09:00,28/05/2026 22:00,Europe/London,No,,,Bike meets,"rgb(214, 33, 42)",,The Hunters Inn,"The Hunters Inn, Cott Street, Swanmore, Hants SO32 2PZ",,,,,,,,,Yes,More Info,,https://www.huntersinnpub.com/,,,,,,No
LL-0158,MSV General Track Day,"MSV Trackdays (MSVT) offers car and bike track day events to suit all levels of experience and ability at these brilliant circuits across the UK, all of which are owned or operated by MSV.",28/05/2026 09:00,28/05/2026 22:00,Europe/London,No,,,Bike track days,"rgb(214, 33, 42)",,Snetterton,"Snetterton, Norfolk, NR16 2JU",,,,,,,,,Yes,More Info,,https://msvtrackdays.com/,,,,,,No
LL-0159,MSV General Track Evening,"MSV Trackdays (MSVT) offers car and bike track day events to suit all levels of experience and ability at these brilliant circuits across the UK, all of which are owned or operated by MSV.",28/05/2026 09:00,28/05/2026 22:00,Europe/London,No,,,Bike track days,"rgb(214, 33, 42)",,Snetterton,"Snetterton, Norfolk, NR16 2JU",,,,,,,,,Yes,More Info,,https://msvtrackdays.com/,,,,,,No
LL-0160,Wheels Motorcycles Bike Night,"Join like minded bikers for a catch up, grab a burger from Bowsers Burgers and browse the latest stock and accessories. Showrooms are open until 21:00. Last Thursday of the month (May-Sept)",28/05/2026 09:00,28/05/2026 22:00,Europe/London,No,,,Bike meets,"rgb(214, 33, 42)",,,,,,,,,,,,Yes,More Info,,,,,,,,No
LL-0161,Bike Night at the Crown,Every Thursday from 6pm. Full menu available.,28/05/2026 09:00,28/05/2026 22:00,Europe/London,No,,,Bike meets,"rgb(214, 33, 42)",,The Crown,"The Crown, Main Road, Wormington, CO6 3AB",,,,,,,,,Yes,More Info,,https://www.facebook.com/crownwormingford/posts/bike-night-the-crown-wormingford-6pm-start-tomorrow-full-menu-is-on-our-website-/5102119659879933/,,,,,,No
LL-0162,Harley Night Monthly Meet,"Bike meet at the world famous Ace Café, North Circular, London - 18:00 start",28/05/2026 09:00,28/05/2026 22:00,Europe/London,No,,,Bike meets,"rgb(214, 33, 42)",,Ace Café,"Ace Café, Stonebridge, NW10 7UD",,,,,,,,,Yes,More Info,,https://london.acecafe.com/,,,,,,No
LL-0163,MotoGP - Round 7 - Gran Premio d'Italia,"MotoGP showcases elite motorcycle racing, world-class riders, cutting-edge technology, intense rivalries, and thrilling high-speed battles across iconic circuits worldwide.",29/05/2026 09:00,29/05/2026 22:00,Europe/London,No,,,Race meets,"rgb(214, 33, 42)",,Autodromo Internazionale del Mugello,"Autodromo Internazionale del Mugello, Italy",,,,,,,,,Yes,More Info,,https://www.motogp.com/,,,,,,No
LL-0164,MotoGP - Round 7 - Gran Premio d'Italia,"MotoGP showcases elite motorcycle racing, world-class riders, cutting-edge technology, intense rivalries, and thrilling high-speed battles across iconic circuits worldwide.",30/05/2026 09:00,30/05/2026 22:00,Europe/London,No,,,Race meets,"rgb(214, 33, 42)",,Autodromo Internazionale del Mugello,"Autodromo Internazionale del Mugello, Italy",,,,,,,,,Yes,More Info,,https://www.motogp.com/,,,,,,No
LL-0165,MotoGP - Round 7 - Gran Premio d'Italia,"MotoGP showcases elite motorcycle racing, world-class riders, cutting-edge technology, intense rivalries, and thrilling high-speed battles across iconic circuits worldwide.",31/05/2026 09:00,31/05/2026 22:00,Europe/London,No,,,Race meets,"rgb(214, 33, 42)",,Autodromo Internazionale del Mugello,"Autodromo Internazionale del Mugello, Italy",,,,,,,,,Yes,More Info,,https://www.motogp.com/,,,,,,No
LL-0166,Ireland Bikefest Killarney,Ireland BikeFest Killarney promises to be BIGGER AND BETTER THAN EVER,29/05/2026 09:00,29/05/2026 22:00,Europe/London,No,,,Motorcycle shows and events,"rgb(214, 33, 42)",,Killarney,"Killarney, Co Kerry, Ireland",,,,,,,,,Yes,More Info,,https://www.irelandbikefest.com/,,,,,,No
LL-0167,Ireland Bikefest Killarney,Ireland BikeFest Killarney promises to be BIGGER AND BETTER THAN EVER,30/05/2026 09:00,30/05/2026 22:00,Europe/London,No,,,Motorcycle shows and events,"rgb(214, 33, 42)",,Killarney,"Killarney, Co Kerry, Ireland",,,,,,,,,Yes,More Info,,https://www.irelandbikefest.com/,,,,,,No
LL-0168,Ireland Bikefest Killarney,Ireland BikeFest Killarney promises to be BIGGER AND BETTER THAN EVER,31/05/2026 09:00,31/05/2026 22:00,Europe/London,No,,,Motorcycle shows and events,"rgb(214, 33, 42)",,Killarney,"Killarney, Co Kerry, Ireland",,,,,,,,,Yes,More Info,,https://www.irelandbikefest.com/,,,,,,No
LL-0169,Darley Moor Trackday,"3 classes - Newcomers, Inters and Advanced with full or half days available. Qualified instructor available to offer tuition.",29/05/2026 09:00,29/05/2026 22:00,Europe/London,No,,,Bike track days,"rgb(214, 33, 42)",,Darley Moor Sports Centre,"Darley Moor Sports Centre, Derbyshire DE6 2ET",,,,,,,,,Yes,More Info,,https://www.darleymoor.co.uk/,,,,,,No
LL-0170,"World Superbike Championship - Round 6, Aragon","With up to four races per round, the action is spread over two days. WSBK, WSSP, WSSP300 and WCR",29/05/2026 09:00,29/05/2026 22:00,Europe/London,No,,,Race meets,"rgb(214, 33, 42)",,Motorland Aragon,"Motorland Aragon, Spain",,,,,,,,,Yes,More Info,,https://www.worldsbk.com/,,,,,,No
LL-0171,"World Superbike Championship - Round 6, Aragon","With up to four races per round, the action is spread over two days. WSBK, WSSP, WSSP300 and WCR",30/05/2026 09:00,30/05/2026 22:00,Europe/London,No,,,Race meets,"rgb(214, 33, 42)",,Motorland Aragon,"Motorland Aragon, Spain",,,,,,,,,Yes,More Info,,https://www.worldsbk.com/,,,,,,No
LL-0172,"World Superbike Championship - Round 6, Aragon","With up to four races per round, the action is spread over two days. WSBK, WSSP, WSSP300 and WCR",31/05/2026 09:00,31/05/2026 22:00,Europe/London,No,,,Race meets,"rgb(214, 33, 42)",,Motorland Aragon,"Motorland Aragon, Spain",,,,,,,,,Yes,More Info,,https://www.worldsbk.com/,,,,,,No
LL-0173,Shudy Camps Bike Meet,Real Ale Bar & Live Music - Camping and Food Stalls - Between Haverhill and Saffron Walden. W3W - TIMED.ONLINE.PARTING,29/05/2026 09:00,29/05/2026 22:00,Europe/London,No,,,Bike meets,"rgb(214, 33, 42)",,Shudy Camps,"Shudy Camps, Cambs CB21 4QZ",,,,,,,,,Yes,More Info,,https://www.facebook.com/profile.php?id=100027975176044&locale=en_GB,,,,,,No
LL-0174,BMF Bike Meet,The BMF has decades of experience organising some of the best motorcycle shows and rallies throughout the UK,29/05/2026 09:00,29/05/2026 22:00,Europe/London,No,,,Motorcycle shows and events,"rgb(214, 33, 42)",,Mallory Park,"Mallory Park, Kirkby Mallory, Leics",,,,,,,,,Yes,More Info,,https://www.bmf.co.uk/events,,,,,,No
LL-0175,MSV General Track Day,"MSV Trackdays (MSVT) offers car and bike track day events to suit all levels of experience and ability at these brilliant circuits across the UK, all of which are owned or operated by MSV.",29/05/2026 09:00,29/05/2026 22:00,Europe/London,No,,,Bike track days,"rgb(214, 33, 42)",,Donington Park,"Donington Park, Derby, DE74 2RP",,,,,,,,,Yes,More Info,,https://msvtrackdays.com/,,,,,,No
LL-0176,Bike Night + Performance & Fast Bikes Monthly Meet,"Bike meet at the world famous Ace Café, North Circular, London - 18:00 start",29/05/2026 09:00,29/05/2026 22:00,Europe/London,No,,,Bike meets,"rgb(214, 33, 42)",,Ace Café,"Ace Café, Stonebridge, NW10 7UD",,,,,,,,,Yes,More Info,,https://london.acecafe.com/,,,,,,No
LL-0177,FIM Flat Track World Championship - R2,The FIM Flat Track World Championship is the premier competition organized by FIM on the sport of flat track racing.,30/05/2026 09:00,30/05/2026 22:00,Europe/London,No,,,Race meets,"rgb(214, 33, 42)",,Terenzano,"Terenzano, Italy",,,,,,,,,Yes,More Info,,https://www.fim-live.com/,,,,,,No
LL-0178,British MotorCycle Racing Club (Bemsee) - MRO Championship,Club racing at its finest.,30/05/2026 09:00,30/05/2026 22:00,Europe/London,No,,,Race meets,"rgb(214, 33, 42)",,Cadwell Park,"Cadwell Park, Lincs, NL11 9SE",,,,,,,,,Yes,More Info,,https://www.bemsee.net/,,,,,,No
LL-0179,Club Championships - Classic RMC R3,"The Classic Racing Motorcycle Club (also known as the CRMC) is one of the largest and most respected racing motorcycle clubs dedicated to the preservation and use of post-war racing and sports machines. Close racing, full grids, plus parades and friendly race paddocks at the best racing circuits throughout the UK - CRMC race weekends offer riders, officials and spectators a memorable taste of racing from the past.",30/05/2026 09:00,30/05/2026 22:00,Europe/London,No,,,Race meets,"rgb(214, 33, 42)",,Snetterton Circuit,"Snetterton Circuit, Norwich NR16 2JU",,,,,,,,,Yes,More Info,,https://www.crmc.co.uk/,,,,,,No
LL-0180,Club Championships - Classic RMC R3,"The Classic Racing Motorcycle Club (also known as the CRMC) is one of the largest and most respected racing motorcycle clubs dedicated to the preservation and use of post-war racing and sports machines. Close racing, full grids, plus parades and friendly race paddocks at the best racing circuits throughout the UK - CRMC race weekends offer riders, officials and spectators a memorable taste of racing from the past.",31/05/2026 09:00,31/05/2026 22:00,Europe/London,No,,,Race meets,"rgb(214, 33, 42)",,Snetterton Circuit,"Snetterton Circuit, Norwich NR16 2JU",,,,,,,,,Yes,More Info,,https://www.crmc.co.uk/,,,,,,No
LL-0181,MSV Saturday Track Day,"MSV Trackdays (MSVT) offers car and bike track day events to suit all levels of experience and ability at these brilliant circuits across the UK, all of which are owned or operated by MSV.",30/05/2026 09:00,30/05/2026 22:00,Europe/London,No,,,Bike track days,"rgb(214, 33, 42)",,Oulton Park,"Oulton Park, Cheshire, CW6 9BW",,,,,,,,,Yes,More Info,,https://msvtrackdays.com/,,,,,,No
LL-0182,FIM MX GP of Germany - Motocross World Championship,"The premier championship of motocross racing, plus support events.",31/05/2026 09:00,31/05/2026 22:00,Europe/London,No,,,Race meets,"rgb(214, 33, 42)",,Teutschenthal,"Teutschenthal, Germany",,,,,,,,,Yes,More Info,,https://www.mxgp.com/,,,,,,No
LL-0183,BSA Owners Club,"Join us in celebrating all things BSA from 10.00am to 3.00pm! BSA Club Members are invited to park up in the courtyard. Prizes will be awarded on the day for various categories. You are invited to park up in the courtyard from 10am (please note, no vehicular exit from the courtyard before 1pm.",31/05/2026 09:00,31/05/2026 22:00,Europe/London,No,,,Bike meets,"rgb(214, 33, 42)",,New Milton,"New Milton, Hants BH25 5SZ",,,,,,,,,Yes,More Info,,https://www.sammymiller.co.uk/,,,,,,No
LL-0184,Vintage Japanese Bike Day + VJMC,Bike meet at the world famous Ace Café - 09:00 start,31/05/2026 09:00,31/05/2026 22:00,Europe/London,No,,,Bike meets,"rgb(214, 33, 42)",,Ace Café,"Ace Café, Stonebridge, NW10 7UD",,,,,,,,,Yes,More Info,,https://london.acecafe.com/,,,,,,No
LL-0185,Bike Night at The Cross Keys - Pizza & Pop,"A new bike night at The Cross Keys in Upwood, Ramsey, Cambs, featuring Mooi Pizza and a soft drink for just £10. Plenty of parking and a friendly pub atmosphere make this the ideal Monday night ride out. All pizzas are cooked to order in a wood fired oven. Pre Order on 07355 397164 to avoid delays.",01/06/2026 09:00,01/06/2026 22:00,Europe/London,No,,,Bike meets,"rgb(214, 33, 42)",,The Cross Keys,"The Cross Keys, Upwood, Cambs",,,,,,,,,Yes,More Info,,https://mooipizza.co.uk/,,,,,,No
LL-0186,German Night & Auto Scoots Monthly Meet,"Bike meet at the world famous Ace Café, North Circular, London - 18:00 start",01/06/2026 09:00,01/06/2026 22:00,Europe/London,No,,,Bike meets,"rgb(214, 33, 42)",,Ace Café,"Ace Café, Stonebridge, NW10 7UD",,,,,,,,,Yes,More Info,,https://london.acecafe.com/,,,,,,No
LL-0187,Poole Quay Bike Night,"Every Tuesday until the end of September - Music, local bars, food and retailers. 17:30 start, £3 entry.",02/06/2026 09:00,02/06/2026 22:00,Europe/London,No,,,Bike meets,"rgb(214, 33, 42)",,The Quay,"The Quay, Poole BH15 1HJ",,,,,,,,,Yes,More Info,,https://www.facebook.com/groups/11908800953,,,,,,No
LL-0188,Sugar Loaf Bike Night,Every Tuesday from 6pm. Themed nights - free soft drink with themed bikes. All bikes welcome.,02/06/2026 09:00,02/06/2026 22:00,Europe/London,No,,,Bike meets,"rgb(214, 33, 42)",,The Old Sugar Loaf,"The Old Sugar Loaf, 44 High St, Dunstable, LU6 1LA",,,,,,,,,Yes,More Info,,https://www.facebook.com/groups/1052463642347360/,,,,,,No
LL-0189,Walden Bikers Bike Night,"Where riders of all ages, all abilities, with all types of bikes can meet and ride out with other like minded motorcyclists.",02/06/2026 09:00,02/06/2026 22:00,Europe/London,No,,,Bike meets,"rgb(214, 33, 42)",,The Old Kiora,"The Old Kiora, Newport, Saffron Walden, CB11 3SY",,,,,,,,,Yes,More Info,,https://www.facebook.com/groups/waldenbikers/?locale=en_GB,,,,,,No
LL-0190,Bike Night at The White Swan,A welcoming bike night for all - every Tuesday. BBQ from 18:00 (weather permitting). Come and show off your pride and joy.,02/06/2026 09:00,02/06/2026 22:00,Europe/London,No,,,Bike meets,"rgb(214, 33, 42)",,The White Swan,"The White Swan, Conington, Cambs",,,,,,,,,Yes,More Info,,https://thewhiteswanconington.co.uk/comin-up/,,,,,,No
LL-0191,Gosport Motorbike Social,"A weekly Wednesday meet for like minded bikers from 6pm. Motorcycle ride outs, charity events, food and drinks - all welcome.",03/06/2026 09:00,03/06/2026 22:00,Europe/London,No,,,Bike meets,"rgb(214, 33, 42)",,The Rolling Scone Café,"The Rolling Scone Café, Gosport, Hants, PO13 9UB",,,,,,,,,Yes,More Info,,https://www.facebook.com/TheRollingSconesCafeGosport,,,,,,No
LL-0192,Wicked Wheelie Wednesdays,Come and show-off your bikes - 50cc to superbikes. Food available 17:00 - 20:00 - bar 15:00 - 22:00. Supporting a charity at every event.,03/06/2026 09:00,03/06/2026 22:00,Europe/London,No,,,Bike meets,"rgb(214, 33, 42)",,Hubbles @ Fendicks Fishery,"Hubbles @ Fendicks Fishery, Methwold Road, Whittington PE33 9GP",,,,,,,,,Yes,More Info,,https://www.fendicksfishery.com/,,,,,,No
LL-0193,Bike Night at The Hunters Inn,Meet up at The Hunters Inn - Freehouse pub with large car park and garden. Great biking roads in area and close to A32 and Loomies Café. Bike night - Thursdays from 18:00,04/06/2026 09:00,04/06/2026 22:00,Europe/London,No,,,Bike meets,"rgb(214, 33, 42)",,The Hunters Inn,"The Hunters Inn, Cott Street, Swanmore, Hants SO32 2PZ",,,,,,,,,Yes,More Info,,https://www.huntersinnpub.com/,,,,,,No
LL-0194,Bike Night at the Crown,Every Thursday from 6pm. Full menu available.,04/06/2026 09:00,04/06/2026 22:00,Europe/London,No,,,Bike meets,"rgb(214, 33, 42)",,The Crown,"The Crown, Main Road, Wormington, CO6 3AB",,,,,,,,,Yes,More Info,,https://www.facebook.com/crownwormingford/posts/bike-night-the-crown-wormingford-6pm-start-tomorrow-full-menu-is-on-our-website-/5102119659879933/,,,,,,No
LL-0195,John Bunyan Bike Night,"Great evening of New, Vintage, Custom, Sports and Classics - All welcome. Large carpark, great selection of foods and drinks",04/06/2026 09:00,04/06/2026 22:00,Europe/London,No,,,Bike meets,"rgb(214, 33, 42)",,John Bunyan Pub,"John Bunyan Pub, Coleman Green Ln, St Albans, AL4 8ES",,,,,,,,,Yes,More Info,,https://www.facebook.com/Johnbunyanpub.co.uk/?locale=en_GB,,,,,,No
LL-0196,Swan Inn Bike Night,"Large Car park, indoor and outdoor seating, Stone Baked Pizza, 6pm onwards, all bikes welcome",04/06/2026 09:00,04/06/2026 22:00,Europe/London,No,,,Bike meets,"rgb(214, 33, 42)",,The Swan Inn at Letton,"The Swan Inn at Letton, A438 btwn Hereford and Hay-on-Wye",,,,,,,,,Yes,More Info,,https://www.facebook.com/swaninnletton,,,,,,No
LL-0197,Mod 'n' Mini Night & Classic Scooters Monthly Meet,"Bike meet at the world famous Ace Café, North Circular, London - 18:00 start",04/06/2026 09:00,04/06/2026 22:00,Europe/London,No,,,Bike meets,"rgb(214, 33, 42)",,Ace Café,"Ace Café, Stonebridge, NW10 7UD",,,,,,,,,Yes,More Info,,https://london.acecafe.com/,,,,,,No
LL-0198,Speedway Grand Prix - Round 3 - GP of Great Britain,Sideways action from the FIM World series,05/06/2026 09:00,05/06/2026 22:00,Europe/London,No,,,Race meets,"rgb(214, 33, 42)",,National Speedway Stadium,"National Speedway Stadium, Manchester, M12 4WB",,,,,,,,,Yes,More Info,,https://www.fimspeedway.com/,,,,,,No
LL-0199,"Unwanted MCC bike, Trike and Custom Show","Bikes, bands, food and drinks - camping to be prebooked",05/06/2026 09:00,05/06/2026 22:00,Europe/London,No,,,Bike meets,"rgb(214, 33, 42)",,The Rockbar,"The Rockbar, Burton on Trent, Staffordshire, DE14 2BB",,,,,,,,,Yes,More Info,,https://www.unwantedmcc.co.uk/,,,,,,No
LL-0200,"Unwanted MCC bike, Trike and Custom Show","Bikes, bands, food and drinks - camping to be prebooked",06/06/2026 09:00,06/06/2026 22:00,Europe/London,No,,,Bike meets,"rgb(214, 33, 42)",,The Rockbar,"The Rockbar, Burton on Trent, Staffordshire, DE14 2BB",,,,,,,,,Yes,More Info,,https://www.unwantedmcc.co.uk/,,,,,,No
LL-0201,MotoGP - Round 8 - Grand Prix of Hungary,"MotoGP showcases elite motorcycle racing, world-class riders, cutting-edge technology, intense rivalries, and thrilling high-speed battles across iconic circuits worldwide.",05/06/2026 09:00,05/06/2026 22:00,Europe/London,No,,,Race meets,"rgb(214, 33, 42)",,Balaton Park Circuit,Balaton Park Circuit,,,,,,,,,Yes,More Info,,https://www.motogp.com/,,,,,,No
LL-0202,MotoGP - Round 8 - Grand Prix of Hungary,"MotoGP showcases elite motorcycle racing, world-class riders, cutting-edge technology, intense rivalries, and thrilling high-speed battles across iconic circuits worldwide.",06/06/2026 09:00,06/06/2026 22:00,Europe/London,No,,,Race meets,"rgb(214, 33, 42)",,Balaton Park Circuit,Balaton Park Circuit,,,,,,,,,Yes,More Info,,https://www.motogp.com/,,,,,,No
LL-0203,MotoGP - Round 8 - Grand Prix of Hungary,"MotoGP showcases elite motorcycle racing, world-class riders, cutting-edge technology, intense rivalries, and thrilling high-speed battles across iconic circuits worldwide.",07/06/2026 09:00,07/06/2026 22:00,Europe/London,No,,,Race meets,"rgb(214, 33, 42)",,Balaton Park Circuit,Balaton Park Circuit,,,,,,,,,Yes,More Info,,https://www.motogp.com/,,,,,,No
LL-0204,Bike Night & Streetfighters Monthly Meet,"Bike meet at the world famous Ace Café, North Circular, London - 18:00 start",05/06/2026 09:00,05/06/2026 22:00,Europe/London,No,,,Bike meets,"rgb(214, 33, 42)",,Ace Café,"Ace Café, Stonebridge, NW10 7UD",,,,,,,,,Yes,More Info,,https://london.acecafe.com/,,,,,,No
LL-0205,The Lakeland Historic Car & Bike Club,"The Lakeland Historic Car Club meets on the first Saturday of every month at the museum and Cafe Ambio. Everyone is welcome to attend whether you're an owner, enthusiast or just keen to see some great examples of some classic local cars and bikes. The club roughly arrives at the museum around 10am and leaves after lunch (around 12.30pm).",06/06/2026 09:00,06/06/2026 22:00,Europe/London,No,,,Motorcycle shows and events,"rgb(214, 33, 42)",,Lakeland Motor Museum,"Lakeland Motor Museum, Backbarrow, nr. Ulverston, Cumbria LA12 8TA",,,,,,,,,Yes,More Info,,https://www.lakelandmotormuseum.co.uk/,,,,,,No
LL-0206,Rufforth Autojumble,"A total of 350 pitches with up to 3000 buyers attending. On site facilities include a 5 star cafe, disabled parking and new large toilet facilities. Dogs welcome, but must be kept on lead at all times.",06/06/2026 09:00,06/06/2026 22:00,Europe/London,No,,,Motorcycle shows and events,"rgb(214, 33, 42)",,Rufforth Park,"Rufforth Park, Yorks, YO23 3QH",,,,,,,,,Yes,More Info,,https://www.rufforthautojumble.com/,,,,,,No
LL-0207,Speedway Grand Prix - Round 4 - GP of Great Britain,Sideways action from the FIM World series,06/06/2026 09:00,06/06/2026 22:00,Europe/London,No,,,Race meets,"rgb(214, 33, 42)",,Manchester's National Speedway Stadium,"Manchester's National Speedway Stadium, Manchester, M12 4WB",,,,,,,,,Yes,More Info,,https://www.fimspeedway.com/,,,,,,No
LL-0208,Bikers' Day at Beaulieu,"Beaulieu Bikers’ Day is back on Saturday 21st June, welcoming all motorcyclists to ride into the picturesque grounds for a relaxed and enjoyable day out. Riders will be able to park up in the grounds of the National Motor Museum to catch up with friends and admire a huge variety of bikes. Open to all types of motorcycles and scooters, rally-goers can expect to see everything from sleek sports bikes to mighty three-wheelers and timeless classics.",06/06/2026 09:00,06/06/2026 22:00,Europe/London,No,,,Bike meets,"rgb(214, 33, 42)",,National Motor Museum,"National Motor Museum, Beaulieu",,,,,,,,,Yes,More Info,,https://www.beaulieu.co.uk/events/beaulieu-bikers-day/,,,,,,No
LL-0209,VJMC and Japanese Bike Bonanza,The Vintage Japanese Motorcycle Club invite you to join them for VJMC Day & Japanese Bike Bonanza here at the museum. This is a great event with many different makes and models – last year being the largest gathering yet with 500 bikes!,07/06/2026 09:00,07/06/2026 22:00,Europe/London,No,,,Bike meets,"rgb(214, 33, 42)",,New Milton,"New Milton, Hants BH25 5SZ",,,,,,,,,Yes,More Info,,https://www.sammymiller.co.uk/,,,,,,No
LL-0210,FIM MX GP of Latvia - Motocross World Championship,"The premier championship of motocross racing, plus support events.",07/06/2026 09:00,07/06/2026 22:00,Europe/London,No,,,Race meets,"rgb(214, 33, 42)",,Ķegums,"Ķegums, Latvia",,,,,,,,,Yes,More Info,,https://www.mxgp.com/,,,,,,No
LL-0211,VMCC Banbury Run,The Banbury Run is the world’s premier riding event for Veteran and Vintage motorcycles – bikes made before 1931.,07/06/2026 09:00,07/06/2026 22:00,Europe/London,No,,,Motorcycle ride outs,"rgb(214, 33, 42)",,Gaydon,"Gaydon, Warks CV35 0BJ",,,,,,,,,Yes,More Info,,https://www.banbury-run.co.uk/,,,,,,No
LL-0212,FIM Endurance World Championship - 8H Spa EWC Moto,"The ultimate test of rider and bike durability. Round 2 of the season is held at the Spa Francorchamps circuit, Belgium",07/06/2026 09:00,07/06/2026 22:00,Europe/London,No,,,Race meets,"rgb(214, 33, 42)",,Spa-Francorchamps,"Spa-Francorchamps, Belgium",,,,,,,,,Yes,More Info,,https://www.fim-live.com/,,,,,,No
LL-0213,'Normous Newark Autojumble,"A great day out for any car or motorcycle enthusiast offering a vast array of parts, restoration services and related products.",07/06/2026 09:00,07/06/2026 22:00,Europe/London,No,,,Motorcycle shows and events,"rgb(214, 33, 42)",,Newark and Notts Showground,"Newark and Notts Showground, Newark, NG24 2NY",,,,,,,,,Yes,More Info,,https://www.newarkautojumble.co.uk/,,,,,,No
LL-0214,MAD Sunday + Courier Meet + Ace Café Club Summer Meet,Bike meet at the world famous Ace Café - 09:00 start,07/06/2026 09:00,07/06/2026 22:00,Europe/London,No,,,Bike meets,"rgb(214, 33, 42)",,Ace Café,"Ace Café, Stonebridge, NW10 7UD",,,,,,,,,Yes,More Info,,https://london.acecafe.com/,,,,,,No
LL-0215,Bikestop Breakfast Ride Out,First Sunday of the month from March through to November. Guiding help from local clubs and fuelled by the BikeStop special breakfast,07/06/2026 09:00,07/06/2026 22:00,Europe/London,No,,,Motorcycle ride outs,"rgb(214, 33, 42)",,Bike Stop,"Bike Stop, 104 High St, Stevenage SG1 3DW",,,,,,,,,Yes,More Info,,https://www.bikestop.co.uk/blog/category/events,,,,,,No
LL-0216,VMCC Cranbury Run,"A leisurely social run through the countryside of Warwickshire and North Oxfordshire, over roads similar to those used for The Banbury Run – mainly rural lanes, with riding on major roads kept to a minimum. Open to all motorcycles, sidecars and three-wheelers built before 31st December 2001. A perfect test-run for those riding the following day, and an opportunity to join in the occasion for those riding bikes built after 1930.",07/06/2026 09:00,07/06/2026 22:00,Europe/London,No,,,Motorcycle ride outs,"rgb(214, 33, 42)",,Gaydon,"Gaydon, Warks CV35 0BJ",,,,,,,,,Yes,More Info,,https://www.banbury-run.co.uk/,,,,,,No
LL-0217,Bike Night at The Cross Keys - Pizza & Pop,"A new bike night at The Cross Keys in Upwood, Ramsey, Cambs, featuring Mooi Pizza and a soft drink for just £10. Plenty of parking and a friendly pub atmosphere make this the ideal Monday night ride out. All pizzas are cooked to order in a wood fired oven. Pre Order on 07355 397164 to avoid delays.",08/06/2026 09:00,08/06/2026 22:00,Europe/London,No,,,Bike meets,"rgb(214, 33, 42)",,The Cross Keys,"The Cross Keys, Upwood, Cambs",,,,,,,,,Yes,More Info,,https://mooipizza.co.uk/,,,,,,No
LL-0218,Ride to Work Day,Advocating and supporting the use of motorcycles and scooters for transportation.,09/06/2026 09:00,09/06/2026 22:00,Europe/London,No,,,Motorcycle ride outs,"rgb(214, 33, 42)",,Nationwide,Nationwide,,,,,,,,,Yes,More Info,,https://www.ridetowork.org/,,,,,,No
LL-0219,Poole Quay Bike Night,"Every Tuesday until the end of September - Music, local bars, food and retailers. 17:30 start, £3 entry.",09/06/2026 09:00,09/06/2026 22:00,Europe/London,No,,,Bike meets,"rgb(214, 33, 42)",,The Quay,"The Quay, Poole BH15 1HJ",,,,,,,,,Yes,More Info,,https://www.facebook.com/groups/11908800953,,,,,,No
LL-0220,Sugar Loaf Bike Night,Every Tuesday from 6pm. Themed nights - free soft drink with themed bikes. All bikes welcome.,09/06/2026 09:00,09/06/2026 22:00,Europe/London,No,,,Bike meets,"rgb(214, 33, 42)",,The Old Sugar Loaf,"The Old Sugar Loaf, 44 High St, Dunstable, LU6 1LA",,,,,,,,,Yes,More Info,,https://www.facebook.com/groups/1052463642347360/,,,,,,No
LL-0221,Bike Night at The White Swan,A welcoming bike night for all - every Tuesday. BBQ from 18:00 (weather permitting). Come and show off your pride and joy.,09/06/2026 09:00,09/06/2026 22:00,Europe/London,No,,,Bike meets,"rgb(214, 33, 42)",,The White Swan,"The White Swan, Conington, Cambs",,,,,,,,,Yes,More Info,,https://thewhiteswanconington.co.uk/comin-up/,,,,,,No
LL-0222,Gosport Motorbike Social,"A weekly Wednesday meet for like minded bikers from 6pm. Motorcycle ride outs, charity events, food and drinks - all welcome.",10/06/2026 09:00,10/06/2026 22:00,Europe/London,No,,,Bike meets,"rgb(214, 33, 42)",,The Rolling Scone Café,"The Rolling Scone Café, Gosport, Hants, PO13 9UB",,,,,,,,,Yes,More Info,,https://www.facebook.com/TheRollingSconesCafeGosport,,,,,,No
LL-0223,Triumph Bike Night,"The Triumph Visitor Experience hosts monthly bike nights to cater for all riders. Cafe, exhibit and shop open throughout, burgers and vegetarian options being served. 17:30 - 20:00",10/06/2026 09:00,10/06/2026 22:00,Europe/London,No,,,Bike meets,"rgb(214, 33, 42)",,Triumph Visitor Experience,"Triumph Visitor Experience, Hinckley",,,,,,,,,Yes,More Info,,https://www.triumphmotorcycles.co.uk/for-the-ride/experiences/factory-visitor-experience/events,,,,,,No
LL-0224,The Chequered Flag Cafe Bike Night,"A monthly Wednesday night meet at the Chequered Flag Cafe. Full menu available of great hot foods and drinks. Extra drinks stall outside to save queuing Stalls, ice-cream and live music. All welcome!",10/06/2026 09:00,10/06/2026 22:00,Europe/London,No,,,Bike meets,"rgb(214, 33, 42)",,Darley Moor,"Darley Moor, Ashbourne, DE6 2ET",,,,,,,,,Yes,More Info,,https://www.facebook.com/profile.php?id=61572162905976&sk=events,,,,,,No
LL-0225,Wicked Wheelie Wednesdays,Come and show-off your bikes - 50cc to superbikes. Food available 17:00 - 20:00 - bar 15:00 - 22:00. Supporting a charity at every event.,10/06/2026 09:00,10/06/2026 22:00,Europe/London,No,,,Bike meets,"rgb(214, 33, 42)",,Hubbles @ Fendicks Fishery,"Hubbles @ Fendicks Fishery, Methwold Road, Whittington PE33 9GP",,,,,,,,,Yes,More Info,,https://www.fendicksfishery.com/,,,,,,No
LL-0226,Brit Bikes Night Classic & Modern,"Bike meet at the world famous Ace Café, North Circular, London - 18:00 start",10/06/2026 09:00,10/06/2026 22:00,Europe/London,No,,,Bike meets,"rgb(214, 33, 42)",,Ace Café,"Ace Café, Stonebridge, NW10 7UD",,,,,,,,,Yes,More Info,,https://london.acecafe.com/,,,,,,No
LL-0227,Bike Night at The Hunters Inn,Meet up at The Hunters Inn - Freehouse pub with large car park and garden. Great biking roads in area and close to A32 and Loomies Café. Bike night - Thursdays from 18:00,11/06/2026 09:00,11/06/2026 22:00,Europe/London,No,,,Bike meets,"rgb(214, 33, 42)",,The Hunters Inn,"The Hunters Inn, Cott Street, Swanmore, Hants SO32 2PZ",,,,,,,,,Yes,More Info,,https://www.huntersinnpub.com/,,,,,,No
LL-0228,Bike Night at the Crown,Every Thursday from 6pm. Full menu available.,11/06/2026 09:00,11/06/2026 22:00,Europe/London,No,,,Bike meets,"rgb(214, 33, 42)",,The Crown,"The Crown, Main Road, Wormington, CO6 3AB",,,,,,,,,Yes,More Info,,https://www.facebook.com/crownwormingford/posts/bike-night-the-crown-wormingford-6pm-start-tomorrow-full-menu-is-on-our-website-/5102119659879933/,,,,,,No
LL-0229,Room 24 Bike Night,2nd Thursday of every month - Drink and meal available - check socials for Meal Deal. All bikes welcome.,11/06/2026 09:00,11/06/2026 22:00,Europe/London,No,,,Bike meets,"rgb(214, 33, 42)",,Room 24,"Room 24, Eastern Esplanade, Southend-on-Sea, SS1 2ER",,,,,,,,,Yes,More Info,,https://www.facebook.com/room.twentyfour.7/?locale=en_GB,,,,,,No
LL-0230,Italian Night,"Bike meet at the world famous Ace Café, North Circular, London - 18:00 start",11/06/2026 09:00,11/06/2026 22:00,Europe/London,No,,,Bike meets,"rgb(214, 33, 42)",,Ace Café,"Ace Café, Stonebridge, NW10 7UD",,,,,,,,,Yes,More Info,,https://london.acecafe.com/,,,,,,No
LL-0231,FIM Enduro World Championship - R4,World Enduro Racing at its finest. Open championship is open to two and four-stroke machines of any engine capacity.,12/06/2026 09:00,12/06/2026 22:00,Europe/London,No,,,Race meets,"rgb(214, 33, 42)",,Fafe,"Fafe, Portugal",,,,,,,,,Yes,More Info,,https://www.fim-live.com/,,,,,,No
LL-0232,FIM Enduro World Championship - R4,World Enduro Racing at its finest. Open championship is open to two and four-stroke machines of any engine capacity.,13/06/2026 09:00,13/06/2026 22:00,Europe/London,No,,,Race meets,"rgb(214, 33, 42)",,Fafe,"Fafe, Portugal",,,,,,,,,Yes,More Info,,https://www.fim-live.com/,,,,,,No
LL-0233,FIM Enduro World Championship - R4,World Enduro Racing at its finest. Open championship is open to two and four-stroke machines of any engine capacity.,14/06/2026 09:00,14/06/2026 22:00,Europe/London,No,,,Race meets,"rgb(214, 33, 42)",,Fafe,"Fafe, Portugal",,,,,,,,,Yes,More Info,,https://www.fim-live.com/,,,,,,No
LL-0234,Darley Moor Trackday,"3 classes - Newcomers, Inters and Advanced with full or half days available. Qualified instructor available to offer tuition.",12/06/2026 09:00,12/06/2026 22:00,Europe/London,No,,,Bike track days,"rgb(214, 33, 42)",,Darley Moor Sports Centre,"Darley Moor Sports Centre, Derbyshire DE6 2ET",,,,,,,,,Yes,More Info,,https://www.darleymoor.co.uk/,,,,,,No
LL-0235,"World Superbike Championship - Round 7, Emilia-Romagna","With up to four races per round, the action is spread over two days. WSBK, WSSP, WSSP300 and WCR",12/06/2026 09:00,12/06/2026 22:00,Europe/London,No,,,Race meets,"rgb(214, 33, 42)",,Misano,"Misano, Italy",,,,,,,,,Yes,More Info,,https://www.worldsbk.com/,,,,,,No
LL-0236,"World Superbike Championship - Round 7, Emilia-Romagna","With up to four races per round, the action is spread over two days. WSBK, WSSP, WSSP300 and WCR",13/06/2026 09:00,13/06/2026 22:00,Europe/London,No,,,Race meets,"rgb(214, 33, 42)",,Misano,"Misano, Italy",,,,,,,,,Yes,More Info,,https://www.worldsbk.com/,,,,,,No
LL-0237,"World Superbike Championship - Round 7, Emilia-Romagna","With up to four races per round, the action is spread over two days. WSBK, WSSP, WSSP300 and WCR",14/06/2026 09:00,14/06/2026 22:00,Europe/London,No,,,Race meets,"rgb(214, 33, 42)",,Misano,"Misano, Italy",,,,,,,,,Yes,More Info,,https://www.worldsbk.com/,,,,,,No
LL-0238,Bike Night + Bandits (BOCGB) Monthly Meet,"Bike meet at the world famous Ace Café, North Circular, London - 18:00 start",12/06/2026 09:00,12/06/2026 22:00,Europe/London,No,,,Bike meets,"rgb(214, 33, 42)",,Ace Café,"Ace Café, Stonebridge, NW10 7UD",,,,,,,,,Yes,More Info,,https://london.acecafe.com/,,,,,,No
LL-0239,International Road Racing Championship - R2,"Formerly the 3 Nations Cup, the European Road Racing Series",13/06/2026 09:00,13/06/2026 22:00,Europe/London,No,,,Race meets,"rgb(214, 33, 42)",,Schleiz,"Schleiz, Germany",,,,,,,,,Yes,More Info,,https://www.irrc.eu/,,,,,,No
LL-0240,International Road Racing Championship - R2,"Formerly the 3 Nations Cup, the European Road Racing Series",14/06/2026 09:00,14/06/2026 22:00,Europe/London,No,,,Race meets,"rgb(214, 33, 42)",,Schleiz,"Schleiz, Germany",,,,,,,,,Yes,More Info,,https://www.irrc.eu/,,,,,,No
LL-0241,Club Championships - British Historic Racing,"The British Historic Racing Club has organised vintage races for almost 70 years, and full road-ace meetings for over 50 years. An integral part of the VMCC, BHRC’s foundations are based on those wonderful 1930s 40’s & 50’s race machines, both 2 and 3-wheels, which provide such incredible spectacle and insight into yesteryear for riders and spectators alike.",13/06/2026 09:00,13/06/2026 22:00,Europe/London,No,,,Race meets,"rgb(214, 33, 42)",,Pembrey,"Pembrey, Llanelli SA16 0HZ",,,,,,,,,Yes,More Info,,https://www.britishhistoricracing.co.uk/,,,,,,No
LL-0242,Club Championships - British Historic Racing,"The British Historic Racing Club has organised vintage races for almost 70 years, and full road-ace meetings for over 50 years. An integral part of the VMCC, BHRC’s foundations are based on those wonderful 1930s 40’s & 50’s race machines, both 2 and 3-wheels, which provide such incredible spectacle and insight into yesteryear for riders and spectators alike.",14/06/2026 09:00,14/06/2026 22:00,Europe/London,No,,,Race meets,"rgb(214, 33, 42)",,Pembrey,"Pembrey, Llanelli SA16 0HZ",,,,,,,,,Yes,More Info,,https://www.britishhistoricracing.co.uk/,,,,,,No
LL-0243,Lake District Classic & Performance Show,"Great British Motor Shows invite you to join us to celebrate classics from the Lake District, borders and beyond, with the 22nd Classic Cars in the Park on Sunday 4th June, as the iconic venue plays host to the Lake District’s premier motor show!",14/06/2026 09:00,14/06/2026 22:00,Europe/London,No,,,Motorcycle shows and events,"rgb(214, 33, 42)",,Hutton in the Forest,"Hutton in the Forest, Penrith, CA11 9TH",,,,,,,,,Yes,More Info,,https://www.greatbritishmotorshows.com/,,,,,,No
LL-0244,East Midlands Racing Association (EMRA) - Rnd 3,Grass roots racing at its best - East Midlands Racing Association,14/06/2026 09:00,14/06/2026 22:00,Europe/London,No,,,Race meets,"rgb(214, 33, 42)",,Mallory Park,"Mallory Park, Leics, LE9 7QE",,,,,,,,,Yes,More Info,,https://www.eastmidlandracing.co.uk/,,,,,,No
LL-0245,Rickman Enthusiasts Day,"The Annual Rickman Day will be taking place here at the Sammy Miller Motorcycle Museum from 10am to 4pm. There will be a big display of Rickman bikes in the Courtyard and Don Rickman will be attending and welcoming some very special guests. Bikes parked in Courtyard will be eligible for judging and trophies awarded with no exit from the Courtyard until after presentation which will take place at approximately 1pm – if you do not wish your bike to be judged please park on the drive. A parade around the circuit will take place again for people to hear and see the Rickman Motorcycles in action. The museum open as usual, 10am to 4.30pm. FREE PARKING ~ EVERYONE IS WELCOME ~ REFRESHMENTS AVAILABLE – CRAFT AND GIFT SHOPS OPEN",14/06/2026 09:00,14/06/2026 22:00,Europe/London,No,,,Bike meets,"rgb(214, 33, 42)",,New Milton,"New Milton, Hants BH25 5SZ",,,,,,,,,Yes,More Info,,https://www.sammymiller.co.uk/,,,,,,No
LL-0246,Triumph Day,Bike meet at the world famous Ace Café - 09:00 start,14/06/2026 09:00,14/06/2026 22:00,Europe/London,No,,,Bike meets,"rgb(214, 33, 42)",,Ace Café,"Ace Café, Stonebridge, NW10 7UD",,,,,,,,,Yes,More Info,,https://london.acecafe.com/,,,,,,No
LL-0247,Bike Night at The Cross Keys - Pizza & Pop,"A new bike night at The Cross Keys in Upwood, Ramsey, Cambs, featuring Mooi Pizza and a soft drink for just £10. Plenty of parking and a friendly pub atmosphere make this the ideal Monday night ride out. All pizzas are cooked to order in a wood fired oven. Pre Order on 07355 397164 to avoid delays.",15/06/2026 09:00,15/06/2026 22:00,Europe/London,No,,,Bike meets,"rgb(214, 33, 42)",,The Cross Keys,"The Cross Keys, Upwood, Cambs",,,,,,,,,Yes,More Info,,https://mooipizza.co.uk/,,,,,,No
LL-0248,Poole Quay Bike Night,"Every Tuesday until the end of September - Music, local bars, food and retailers. 17:30 start, £3 entry.",16/06/2026 09:00,16/06/2026 22:00,Europe/London,No,,,Bike meets,"rgb(214, 33, 42)",,The Quay,"The Quay, Poole BH15 1HJ",,,,,,,,,Yes,More Info,,https://www.facebook.com/groups/11908800953,,,,,,No
LL-0249,Sugar Loaf Bike Night,Every Tuesday from 6pm. Themed nights - free soft drink with themed bikes. All bikes welcome.,16/06/2026 09:00,16/06/2026 22:00,Europe/London,No,,,Bike meets,"rgb(214, 33, 42)",,The Old Sugar Loaf,"The Old Sugar Loaf, 44 High St, Dunstable, LU6 1LA",,,,,,,,,Yes,More Info,,https://www.facebook.com/groups/1052463642347360/,,,,,,No
LL-0250,Motorcycle Track Training with James Whitham,"James Whitham motorcycle track training days at Anglesey, Croft, Cadwell and Mallory Park Circuits are rider focused with the emphasis on practical coaching, both on and off the track on the aspects of riding that you want to improve, alongside one-to-one tuition from James and his team of riders that are at the top of their game.",16/06/2026 09:00,16/06/2026 22:00,Europe/London,No,,,Bike track days,"rgb(214, 33, 42)",,Trac Môn Anglesey Circuit,"Trac Môn Anglesey Circuit, Anglesey",,,,,,,,,Yes,More Info,,https://www.jameswhitham.com/calendar-and-booking,,,,,,No
LL-0251,Motorcycle Track Training with James Whitham,"James Whitham motorcycle track training days at Anglesey, Croft, Cadwell and Mallory Park Circuits are rider focused with the emphasis on practical coaching, both on and off the track on the aspects of riding that you want to improve, alongside one-to-one tuition from James and his team of riders that are at the top of their game.",17/06/2026 09:00,17/06/2026 22:00,Europe/London,No,,,Bike track days,"rgb(214, 33, 42)",,Trac Môn Anglesey Circuit,"Trac Môn Anglesey Circuit, Anglesey",,,,,,,,,Yes,More Info,,https://www.jameswhitham.com/calendar-and-booking,,,,,,No
LL-0252,Bike Night at The White Swan,A welcoming bike night for all - every Tuesday. BBQ from 18:00 (weather permitting). Come and show off your pride and joy.,16/06/2026 09:00,16/06/2026 22:00,Europe/London,No,,,Bike meets,"rgb(214, 33, 42)",,The White Swan,"The White Swan, Conington, Cambs",,,,,,,,,Yes,More Info,,https://thewhiteswanconington.co.uk/comin-up/,,,,,,No
LL-0253,Gosport Motorbike Social,"A weekly Wednesday meet for like minded bikers from 6pm. Motorcycle ride outs, charity events, food and drinks - all welcome.",17/06/2026 09:00,17/06/2026 22:00,Europe/London,No,,,Bike meets,"rgb(214, 33, 42)",,The Rolling Scone Café,"The Rolling Scone Café, Gosport, Hants, PO13 9UB",,,,,,,,,Yes,More Info,,https://www.facebook.com/TheRollingSconesCafeGosport,,,,,,No
LL-0254,Wicked Wheelie Wednesdays,Come and show-off your bikes - 50cc to superbikes. Food available 17:00 - 20:00 - bar 15:00 - 22:00. Supporting a charity at every event.,17/06/2026 09:00,17/06/2026 22:00,Europe/London,No,,,Bike meets,"rgb(214, 33, 42)",,Hubbles @ Fendicks Fishery,"Hubbles @ Fendicks Fishery, Methwold Road, Whittington PE33 9GP",,,,,,,,,Yes,More Info,,https://www.fendicksfishery.com/,,,,,,No
LL-0255,Bike Night at The Hunters Inn,Meet up at The Hunters Inn - Freehouse pub with large car park and garden. Great biking roads in area and close to A32 and Loomies Café. Bike night - Thursdays from 18:00,18/06/2026 09:00,18/06/2026 22:00,Europe/London,No,,,Bike meets,"rgb(214, 33, 42)",,The Hunters Inn,"The Hunters Inn, Cott Street, Swanmore, Hants SO32 2PZ",,,,,,,,,Yes,More Info,,https://www.huntersinnpub.com/,,,,,,No
LL-0256,Bike Night at the Crown,Every Thursday from 6pm. Full menu available.,18/06/2026 09:00,18/06/2026 22:00,Europe/London,No,,,Bike meets,"rgb(214, 33, 42)",,The Crown,"The Crown, Main Road, Wormington, CO6 3AB",,,,,,,,,Yes,More Info,,https://www.facebook.com/crownwormingford/posts/bike-night-the-crown-wormingford-6pm-start-tomorrow-full-menu-is-on-our-website-/5102119659879933/,,,,,,No
LL-0257,John Bunyan Bike Night,"Great evening of New, Vintage, Custom, Sports and Classics - All welcome. Large carpark, great selection of foods and drinks",18/06/2026 09:00,18/06/2026 22:00,Europe/London,No,,,Bike meets,"rgb(214, 33, 42)",,John Bunyan Pub,"John Bunyan Pub, Coleman Green Ln, St Albans, AL4 8ES",,,,,,,,,Yes,More Info,,https://www.facebook.com/Johnbunyanpub.co.uk/?locale=en_GB,,,,,,No
LL-0258,"Super Moto + XJR OC, NABD, Scooters & MAG Monthly Meet","Bike meet at the world famous Ace Café, North Circular, London - 18:00 start",18/06/2026 09:00,18/06/2026 22:00,Europe/London,No,,,Bike meets,"rgb(214, 33, 42)",,Ace Café,"Ace Café, Stonebridge, NW10 7UD",,,,,,,,,Yes,More Info,,https://london.acecafe.com/,,,,,,No
LL-0259,Biker Down Course,"Biker Down is a FREE course that offers motorcyclists the opportunity to learn practical skills to help avoid being involved in a crash, as well as essential first-aid training and advice on what to do should they find themselves first on the scene of a crash where someone is injured.",18/06/2026 09:00,18/06/2026 22:00,Europe/London,No,,,Rider Training,"rgb(214, 33, 42)",,Stanground Fire Station,"Stanground Fire Station, Belle Vue, Peterborough, Cambs PE2 8RA",,,,,,,,,Yes,More Info,,https://www.cambsfire.gov.uk/community-safety/road-safety/biker-down/,,,,,,No
LL-0260,FIM Enduro World Championship - R5,World Enduro Racing at its finest. Open championship is open to two and four-stroke machines of any engine capacity.,19/06/2026 09:00,19/06/2026 22:00,Europe/London,No,,,Race meets,"rgb(214, 33, 42)",,Fafe,"Fafe, Portugal",,,,,,,,,Yes,More Info,,https://www.fim-live.com/,,,,,,No
LL-0261,FIM Enduro World Championship - R5,World Enduro Racing at its finest. Open championship is open to two and four-stroke machines of any engine capacity.,20/06/2026 09:00,20/06/2026 22:00,Europe/London,No,,,Race meets,"rgb(214, 33, 42)",,Fafe,"Fafe, Portugal",,,,,,,,,Yes,More Info,,https://www.fim-live.com/,,,,,,No
LL-0262,FIM Enduro World Championship - R5,World Enduro Racing at its finest. Open championship is open to two and four-stroke machines of any engine capacity.,21/06/2026 09:00,21/06/2026 22:00,Europe/London,No,,,Race meets,"rgb(214, 33, 42)",,Fafe,"Fafe, Portugal",,,,,,,,,Yes,More Info,,https://www.fim-live.com/,,,,,,No
LL-0263,The Farmyard Party,"Chilled out atmosphere, fantastic band line up, real ale marquee",19/06/2026 09:00,19/06/2026 22:00,Europe/London,No,,,Motorcycle shows and events,"rgb(214, 33, 42)",,Duncombe Park Est,"Duncombe Park Est, Helmsley",,,,,,,,,Yes,More Info,,https://www.mapevents.co.uk/,,,,,,No
LL-0264,The Farmyard Party,"Chilled out atmosphere, fantastic band line up, real ale marquee",20/06/2026 09:00,20/06/2026 22:00,Europe/London,No,,,Motorcycle shows and events,"rgb(214, 33, 42)",,Duncombe Park Est,"Duncombe Park Est, Helmsley",,,,,,,,,Yes,More Info,,https://www.mapevents.co.uk/,,,,,,No
LL-0265,The Farmyard Party,"Chilled out atmosphere, fantastic band line up, real ale marquee",21/06/2026 09:00,21/06/2026 22:00,Europe/London,No,,,Motorcycle shows and events,"rgb(214, 33, 42)",,Duncombe Park Est,"Duncombe Park Est, Helmsley",,,,,,,,,Yes,More Info,,https://www.mapevents.co.uk/,,,,,,No
LL-0266,British Superbike Championship - Round 3,"The biggest and best national Championship in the world. 3 days of racing with Superbikes, Supersports, Sportsbike and many support classes.",19/06/2026 09:00,19/06/2026 22:00,Europe/London,No,,,Race meets,"rgb(214, 33, 42)",,Knockhill,"Knockhill, Fife, KY12 9TF",,,,,,,,,Yes,More Info,,https://www.britishsuperbike.com/,,,,,,No
LL-0267,British Superbike Championship - Round 3,"The biggest and best national Championship in the world. 3 days of racing with Superbikes, Supersports, Sportsbike and many support classes.",20/06/2026 09:00,20/06/2026 22:00,Europe/London,No,,,Race meets,"rgb(214, 33, 42)",,Knockhill,"Knockhill, Fife, KY12 9TF",,,,,,,,,Yes,More Info,,https://www.britishsuperbike.com/,,,,,,No
LL-0268,British Superbike Championship - Round 3,"The biggest and best national Championship in the world. 3 days of racing with Superbikes, Supersports, Sportsbike and many support classes.",21/06/2026 09:00,21/06/2026 22:00,Europe/London,No,,,Race meets,"rgb(214, 33, 42)",,Knockhill,"Knockhill, Fife, KY12 9TF",,,,,,,,,Yes,More Info,,https://www.britishsuperbike.com/,,,,,,No
LL-0269,MotoGP - Round 9 - Czech Grand Prix,"MotoGP showcases elite motorcycle racing, world-class riders, cutting-edge technology, intense rivalries, and thrilling high-speed battles across iconic circuits worldwide.",19/06/2026 09:00,19/06/2026 22:00,Europe/London,No,,,Race meets,"rgb(214, 33, 42)",,Automotodrom Brno,Automotodrom Brno,,,,,,,,,Yes,More Info,,https://www.motogp.com/,,,,,,No
LL-0270,MotoGP - Round 9 - Czech Grand Prix,"MotoGP showcases elite motorcycle racing, world-class riders, cutting-edge technology, intense rivalries, and thrilling high-speed battles across iconic circuits worldwide.",20/06/2026 09:00,20/06/2026 22:00,Europe/London,No,,,Race meets,"rgb(214, 33, 42)",,Automotodrom Brno,Automotodrom Brno,,,,,,,,,Yes,More Info,,https://www.motogp.com/,,,,,,No
LL-0271,MotoGP - Round 9 - Czech Grand Prix,"MotoGP showcases elite motorcycle racing, world-class riders, cutting-edge technology, intense rivalries, and thrilling high-speed battles across iconic circuits worldwide.",21/06/2026 09:00,21/06/2026 22:00,Europe/London,No,,,Race meets,"rgb(214, 33, 42)",,Automotodrom Brno,Automotodrom Brno,,,,,,,,,Yes,More Info,,https://www.motogp.com/,,,,,,No
LL-0272,Bike Night + Rockers 'n' Classics Monthly Meet,"Bike meet at the world famous Ace Café, North Circular, London - 18:00 start",19/06/2026 09:00,19/06/2026 22:00,Europe/London,No,,,Bike meets,"rgb(214, 33, 42)",,Ace Café,"Ace Café, Stonebridge, NW10 7UD",,,,,,,,,Yes,More Info,,https://london.acecafe.com/,,,,,,No
LL-0273,Dorset BikeFest,"With a whole weekend to look forward to, the fun starts from 3pm whether you're camping or Glamping, so you can pitch up, meet with friends, enjoy some live music then get ready for the best Biker Festival in the South West!",19/06/2026 09:00,19/06/2026 22:00,Europe/London,No,,,Motorcycle shows and events,"rgb(214, 33, 42)",,Wooders Campsite,"Wooders Campsite, Sugar Hill, Wareham, Dorset, BH20 7NN",,,,,,,,,Yes,More Info,,https://dorsetbikefest.com/,,,,,,No
LL-0274,Dorset BikeFest,"With a whole weekend to look forward to, the fun starts from 3pm whether you're camping or Glamping, so you can pitch up, meet with friends, enjoy some live music then get ready for the best Biker Festival in the South West!",20/06/2026 09:00,20/06/2026 22:00,Europe/London,No,,,Motorcycle shows and events,"rgb(214, 33, 42)",,Wooders Campsite,"Wooders Campsite, Sugar Hill, Wareham, Dorset, BH20 7NN",,,,,,,,,Yes,More Info,,https://dorsetbikefest.com/,,,,,,No
LL-0275,Dorset BikeFest,"With a whole weekend to look forward to, the fun starts from 3pm whether you're camping or Glamping, so you can pitch up, meet with friends, enjoy some live music then get ready for the best Biker Festival in the South West!",21/06/2026 09:00,21/06/2026 22:00,Europe/London,No,,,Motorcycle shows and events,"rgb(214, 33, 42)",,Wooders Campsite,"Wooders Campsite, Sugar Hill, Wareham, Dorset, BH20 7NN",,,,,,,,,Yes,More Info,,https://dorsetbikefest.com/,,,,,,No
LL-0276,Speedway Grand Prix - Round 5 - GP of Poland - Wrocław,Sideways action from the FIM World series,20/06/2026 09:00,20/06/2026 22:00,Europe/London,No,,,Race meets,"rgb(214, 33, 42)",,Wrocław,"Wrocław, Poland",,,,,,,,,Yes,More Info,,https://www.fimspeedway.com/,,,,,,No
LL-0277,Darley Moor MCRRC Round 3,"Darley Moor Motor Cycle Road Racing Club Ltd have been organising and running motor cycle road racing at Darley Moor Sports Centre since 1965. Many of today's top riders started their careers at Darley Moor. Affiliated to the East Midland Centre of the Auto Cycle Union (ACU), you will need to apply to join Darley Moor MCRRC if you wish to race.",20/06/2026 09:00,20/06/2026 22:00,Europe/London,No,,,Race meets,"rgb(214, 33, 42)",,Darley Moor Sports Centre,"Darley Moor Sports Centre, Derbyshire DE6 2ET",,,,,,,,,Yes,More Info,,https://www.darleymoor.co.uk/,,,,,,No
LL-0278,Darley Moor MCRRC Round 3,"Darley Moor Motor Cycle Road Racing Club Ltd have been organising and running motor cycle road racing at Darley Moor Sports Centre since 1965. Many of today's top riders started their careers at Darley Moor. Affiliated to the East Midland Centre of the Auto Cycle Union (ACU), you will need to apply to join Darley Moor MCRRC if you wish to race.",21/06/2026 09:00,21/06/2026 22:00,Europe/London,No,,,Race meets,"rgb(214, 33, 42)",,Darley Moor Sports Centre,"Darley Moor Sports Centre, Derbyshire DE6 2ET",,,,,,,,,Yes,More Info,,https://www.darleymoor.co.uk/,,,,,,No
LL-0279,MSV General Track Day,"MSV Trackdays (MSVT) offers car and bike track day events to suit all levels of experience and ability at these brilliant circuits across the UK, all of which are owned or operated by MSV.",20/06/2026 09:00,20/06/2026 22:00,Europe/London,No,,,Bike track days,"rgb(214, 33, 42)",,Circuito de Navarra,Circuito de Navarra,,,,,,,,,Yes,More Info,,https://msvtrackdays.com/,,,,,,No
LL-0280,FIM MX GP of Italy - Motocross World Championship,"The premier championship of motocross racing, plus support events.",21/06/2026 09:00,21/06/2026 22:00,Europe/London,No,,,Race meets,"rgb(214, 33, 42)",,Montevarchi,"Montevarchi, Italy",,,,,,,,,Yes,More Info,,https://www.mxgp.com/,,,,,,No
LL-0281,Father's Day Motor Show and Autojumble (Weston),"Classic Shows events offer a fantastic day out for all of the family and not just car and bike enthusiasts! The events are held at some of the finest country homes in the UK and provide an impressive backdrop to a display of rare and interesting classic vehicles. Many venues allow tours of the country house, grounds and / or also include children’s play facilities in addition to unique shops, food offerings and the retail of local produce.",21/06/2026 09:00,21/06/2026 22:00,Europe/London,No,,,Motorcycle shows and events,"rgb(214, 33, 42)",,Castle Howard,"Castle Howard, York. YO60 7DA",,,,,,,,,Yes,More Info,,https://www.classicshows.org/,,,,,,No
LL-0282,Harley Davidson Bike Meet,Join us in celebrating all things Harley from 10.00am – 3.00pm. The Owners Club will be on site to welcome new members. Early arrivals to park up in the courtyard with the overflow in the carpark. There will be some fun prizes presented at 12.30 including the oldest bike ridden in and best in show!,21/06/2026 09:00,21/06/2026 22:00,Europe/London,No,,,Bike meets,"rgb(214, 33, 42)",,New Milton,"New Milton, Hants BH25 5SZ",,,,,,,,,Yes,More Info,,https://www.sammymiller.co.uk/,,,,,,No
LL-0283,Father's Day Motor Show and Autojumble (Ragley),"Classic Shows events offer a fantastic day out for all of the family and not just car and bike enthusiasts! The events are held at some of the finest country homes in the UK and provide an impressive backdrop to a display of rare and interesting classic vehicles. Many venues allow tours of the country house, grounds and / or also include children’s play facilities in addition to unique shops, food offerings and the retail of local produce.",21/06/2026 09:00,21/06/2026 22:00,Europe/London,No,,,Motorcycle shows and events,"rgb(214, 33, 42)",,Ragley Hall,"Ragley Hall, Alcester, Worcs B49 5NJ",,,,,,,,,Yes,More Info,,https://www.classicshows.org/,,,,,,No
LL-0284,Polish Bike Day,Bike meet at the world famous Ace Café - 09:00 start,21/06/2026 09:00,21/06/2026 22:00,Europe/London,No,,,Bike meets,"rgb(214, 33, 42)",,Ace Café,"Ace Café, Stonebridge, NW10 7UD",,,,,,,,,Yes,More Info,,https://london.acecafe.com/,,,,,,No
LL-0285,Bike Night at The White Swan,A welcoming bike night for all - every Tuesday. BBQ from 18:00 (weather permitting). Come and show off your pride and joy.,21/06/2026 09:00,21/06/2026 22:00,Europe/London,No,,,Bike meets,"rgb(214, 33, 42)",,The White Swan,"The White Swan, Conington, Cambs",,,,,,,,,Yes,More Info,,https://thewhiteswanconington.co.uk/comin-up/,,,,,,No
LL-0286,Biker Down Course,"Biker Down is a FREE course that offers motorcyclists the opportunity to learn practical skills to help avoid being involved in a crash, as well as essential first-aid training and advice on what to do should they find themselves first on the scene of a crash where someone is injured.",21/06/2026 09:00,21/06/2026 22:00,Europe/London,No,,,Rider Training,"rgb(214, 33, 42)",,Wisbech Fire Station,"Wisbech Fire Station, Churchill Rd, Wisbech, Cambs PE13 2DN",,,,,,,,,Yes,More Info,,https://www.cambsfire.gov.uk/community-safety/road-safety/biker-down/,,,,,,No
LL-0287,Arran Motorcycle Show,"Enjoy a day at the Arran Heritage Museum - live music from Arran Pipe Band and Johnny and the Jetpatchers. 12:00 - 16:00, prizegiving at 15:00",21/06/2026 09:00,21/06/2026 22:00,Europe/London,No,,,Motorcycle shows and events,"rgb(214, 33, 42)",,Isle of Arran Heritage Museum,"Isle of Arran Heritage Museum, Arran",,,,,,,,,Yes,More Info,,https://www.arranmuseum.co.uk/what-will-you-see/special-events/,,,,,,No
LL-0288,California Superbike School Training Day,"The California Superbike School was founded by world-famous motorcycle coach Keith Code in 1980. Code has authored numerous books including the seminal motorcycle skills text “Twist of the Wrist”. The UK school teaches four levels of skills and is suitable for novice riders, riders who have never been on a track before, and pro-racers alike. Riders use their own motorcycles or new Kawasaki UK supplied motorcycles can also be hired. A full A or ACU license is required",22/06/2026 09:00,22/06/2026 22:00,Europe/London,No,,,Bike track days,"rgb(214, 33, 42)",,Bedford Autodrome,"Bedford Autodrome, Beds, MK44 2YP",,,,,,,,,Yes,More Info,,https://www.superbikeschool.co.uk/,,,,,,No
LL-0289,Bike Night at The Cross Keys - Pizza & Pop,"A new bike night at The Cross Keys in Upwood, Ramsey, Cambs, featuring Mooi Pizza and a soft drink for just £10. Plenty of parking and a friendly pub atmosphere make this the ideal Monday night ride out. All pizzas are cooked to order in a wood fired oven. Pre Order on 07355 397164 to avoid delays.",22/06/2026 09:00,22/06/2026 22:00,Europe/London,No,,,Bike meets,"rgb(214, 33, 42)",,The Cross Keys,"The Cross Keys, Upwood, Cambs",,,,,,,,,Yes,More Info,,https://mooipizza.co.uk/,,,,,,No
LL-0290,California Superbike School Training Day,"The California Superbike School was founded by world-famous motorcycle coach Keith Code in 1980. Code has authored numerous books including the seminal motorcycle skills text “Twist of the Wrist”. The UK school teaches four levels of skills and is suitable for novice riders, riders who have never been on a track before, and pro-racers alike. Riders use their own motorcycles or new Kawasaki UK supplied motorcycles can also be hired. A full A or ACU license is required",23/06/2026 09:00,23/06/2026 22:00,Europe/London,No,,,Bike track days,"rgb(214, 33, 42)",,Bedford Autodrome,"Bedford Autodrome, Beds, MK44 2YP",,,,,,,,,Yes,More Info,,https://www.superbikeschool.co.uk/,,,,,,No
LL-0291,Poole Quay Bike Night,"Every Tuesday until the end of September - Music, local bars, food and retailers. 17:30 start, £3 entry.",23/06/2026 09:00,23/06/2026 22:00,Europe/London,No,,,Bike meets,"rgb(214, 33, 42)",,The Quay,"The Quay, Poole BH15 1HJ",,,,,,,,,Yes,More Info,,https://www.facebook.com/groups/11908800953,,,,,,No
LL-0292,Sugar Loaf Bike Night,Every Tuesday from 6pm. Themed nights - free soft drink with themed bikes. All bikes welcome.,23/06/2026 09:00,23/06/2026 22:00,Europe/London,No,,,Bike meets,"rgb(214, 33, 42)",,The Old Sugar Loaf,"The Old Sugar Loaf, 44 High St, Dunstable, LU6 1LA",,,,,,,,,Yes,More Info,,https://www.facebook.com/groups/1052463642347360/,,,,,,No
LL-0293,Motorcycle Track Training with James Whitham,"James Whitham motorcycle track training days at Anglesey, Croft, Cadwell and Mallory Park Circuits are rider focused with the emphasis on practical coaching, both on and off the track on the aspects of riding that you want to improve, alongside one-to-one tuition from James and his team of riders that are at the top of their game.",23/06/2026 09:00,23/06/2026 22:00,Europe/London,No,,,Bike track days,"rgb(214, 33, 42)",,Cadwell Park Circuit,"Cadwell Park Circuit, Lincs, LN11 9SE",,,,,,,,,Yes,More Info,,https://www.jameswhitham.com/calendar-and-booking,,,,,,No
LL-0294,Motorcycle Track Training with James Whitham,"James Whitham motorcycle track training days at Anglesey, Croft, Cadwell and Mallory Park Circuits are rider focused with the emphasis on practical coaching, both on and off the track on the aspects of riding that you want to improve, alongside one-to-one tuition from James and his team of riders that are at the top of their game.",24/06/2026 09:00,24/06/2026 22:00,Europe/London,No,,,Bike track days,"rgb(214, 33, 42)",,Cadwell Park Circuit,"Cadwell Park Circuit, Lincs, LN11 9SE",,,,,,,,,Yes,More Info,,https://www.jameswhitham.com/calendar-and-booking,,,,,,No
LL-0295,Bike Night at The White Swan,A welcoming bike night for all - every Tuesday. BBQ from 18:00 (weather permitting). Come and show off your pride and joy.,23/06/2026 09:00,23/06/2026 22:00,Europe/London,No,,,Bike meets,"rgb(214, 33, 42)",,The White Swan,"The White Swan, Conington, Cambs",,,,,,,,,Yes,More Info,,https://thewhiteswanconington.co.uk/comin-up/,,,,,,No
LL-0296,Gosport Motorbike Social,"A weekly Wednesday meet for like minded bikers from 6pm. Motorcycle ride outs, charity events, food and drinks - all welcome.",24/06/2026 09:00,24/06/2026 22:00,Europe/London,No,,,Bike meets,"rgb(214, 33, 42)",,The Rolling Scone Café,"The Rolling Scone Café, Gosport, Hants, PO13 9UB",,,,,,,,,Yes,More Info,,https://www.facebook.com/TheRollingSconesCafeGosport,,,,,,No
LL-0297,The Chequered Flag Cafe Bike Night,"A monthly Wednesday night meet at the Chequered Flag Cafe. Full menu available of great hot foods and drinks. Extra drinks stall outside to save queuing Stalls, ice-cream and live music. All welcome!",24/06/2026 09:00,24/06/2026 22:00,Europe/London,No,,,Bike meets,"rgb(214, 33, 42)",,Darley Moor,"Darley Moor, Ashbourne, DE6 2ET",,,,,,,,,Yes,More Info,,https://www.facebook.com/profile.php?id=61572162905976&sk=events,,,,,,No
LL-0298,Wicked Wheelie Wednesdays,Come and show-off your bikes - 50cc to superbikes. Food available 17:00 - 20:00 - bar 15:00 - 22:00. Supporting a charity at every event.,24/06/2026 09:00,24/06/2026 22:00,Europe/London,No,,,Bike meets,"rgb(214, 33, 42)",,Hubbles @ Fendicks Fishery,"Hubbles @ Fendicks Fishery, Methwold Road, Whittington PE33 9GP",,,,,,,,,Yes,More Info,,https://www.fendicksfishery.com/,,,,,,No
LL-0299,Bike Night at The Hunters Inn,Meet up at The Hunters Inn - Freehouse pub with large car park and garden. Great biking roads in area and close to A32 and Loomies Café. Bike night - Thursdays from 18:00,25/06/2026 09:00,25/06/2026 22:00,Europe/London,No,,,Bike meets,"rgb(214, 33, 42)",,The Hunters Inn,"The Hunters Inn, Cott Street, Swanmore, Hants SO32 2PZ",,,,,,,,,Yes,More Info,,https://www.huntersinnpub.com/,,,,,,No
LL-0300,Bike Night at the Crown,Every Thursday from 6pm. Full menu available.,25/06/2026 09:00,25/06/2026 22:00,Europe/London,No,,,Bike meets,"rgb(214, 33, 42)",,The Crown,"The Crown, Main Road, Wormington, CO6 3AB",,,,,,,,,Yes,More Info,,https://www.facebook.com/crownwormingford/posts/bike-night-the-crown-wormingford-6pm-start-tomorrow-full-menu-is-on-our-website-/5102119659879933/,,,,,,No
LL-0301,Wheels Motorcycles Bike Night,"A friendly meet for all bikers on the last Thursday of the month. Ride over, meet up and chat with fellow bikes. Grab a bite to eat from Bowsers Burgers and check out all the latest models on display - both showrooms open until 9pm.",25/06/2026 09:00,25/06/2026 22:00,Europe/London,No,,,Bike meets,"rgb(214, 33, 42)",,Wheels Motorcycles,"Wheels Motorcycles, Peterborough",,,,,,,,,Yes,More Info,,https://www.wheelsmotorcycles.co.uk/,,,,,,No
LL-0302,Harley Night Monthly Meet,"Bike meet at the world famous Ace Café, North Circular, London - 18:00 start",25/06/2026 09:00,25/06/2026 22:00,Europe/London,No,,,Bike meets,"rgb(214, 33, 42)",,Ace Café,"Ace Café, Stonebridge, NW10 7UD",,,,,,,,,Yes,More Info,,https://london.acecafe.com/,,,,,,No
LL-0303,Dragstalgia,"A weekend dedicated to the race cars, bikes, hot rods and music from a bygone era.",26/06/2026 09:00,26/06/2026 22:00,Europe/London,No,,,Motorcycle shows and events,"rgb(214, 33, 42)",,Santapod Raceway,"Santapod Raceway, Beds, NN29 7XA",,,,,,,,,Yes,More Info,,https://www.santapod.co.uk/,,,,,,No
LL-0304,Dragstalgia,"A weekend dedicated to the race cars, bikes, hot rods and music from a bygone era.",27/06/2026 09:00,27/06/2026 22:00,Europe/London,No,,,Motorcycle shows and events,"rgb(214, 33, 42)",,Santapod Raceway,"Santapod Raceway, Beds, NN29 7XA",,,,,,,,,Yes,More Info,,https://www.santapod.co.uk/,,,,,,No
LL-0305,Dragstalgia,"A weekend dedicated to the race cars, bikes, hot rods and music from a bygone era.",28/06/2026 09:00,28/06/2026 22:00,Europe/London,No,,,Motorcycle shows and events,"rgb(214, 33, 42)",,Santapod Raceway,"Santapod Raceway, Beds, NN29 7XA",,,,,,,,,Yes,More Info,,https://www.santapod.co.uk/,,,,,,No
LL-0306,The ABR Festival,"Held at the magnificent Ragley Hall Estate in Warwickshire, the ABR Festival is the ultimate celebration of motorcycling. With three days of riding, entertainment, test rides, guest speakers, exhibitors, live music, and plenty more on offer, it’s your chance to enjoy a fun-filled weekend away with likeminded riders.",26/06/2026 09:00,26/06/2026 22:00,Europe/London,No,,,Motorcycle shows and events,"rgb(214, 33, 42)",,Ragley Hall,"Ragley Hall, Alcester, Worcs B49 5NJ",,,,,,,,,Yes,More Info,,https://www.abrfestival.com/,,,,,,No
LL-0307,The ABR Festival,"Held at the magnificent Ragley Hall Estate in Warwickshire, the ABR Festival is the ultimate celebration of motorcycling. With three days of riding, entertainment, test rides, guest speakers, exhibitors, live music, and plenty more on offer, it’s your chance to enjoy a fun-filled weekend away with likeminded riders.",27/06/2026 09:00,27/06/2026 22:00,Europe/London,No,,,Motorcycle shows and events,"rgb(214, 33, 42)",,Ragley Hall,"Ragley Hall, Alcester, Worcs B49 5NJ",,,,,,,,,Yes,More Info,,https://www.abrfestival.com/,,,,,,No
LL-0308,The ABR Festival,"Held at the magnificent Ragley Hall Estate in Warwickshire, the ABR Festival is the ultimate celebration of motorcycling. With three days of riding, entertainment, test rides, guest speakers, exhibitors, live music, and plenty more on offer, it’s your chance to enjoy a fun-filled weekend away with likeminded riders.",28/06/2026 09:00,28/06/2026 22:00,Europe/London,No,,,Motorcycle shows and events,"rgb(214, 33, 42)",,Ragley Hall,"Ragley Hall, Alcester, Worcs B49 5NJ",,,,,,,,,Yes,More Info,,https://www.abrfestival.com/,,,,,,No
LL-0309,MotoGP - Round 10 - TT Assen,"MotoGP showcases elite motorcycle racing, world-class riders, cutting-edge technology, intense rivalries, and thrilling high-speed battles across iconic circuits worldwide.",26/06/2026 09:00,26/06/2026 22:00,Europe/London,No,,,Race meets,"rgb(214, 33, 42)",,TT Circuit Assen,"TT Circuit Assen, Netherlands",,,,,,,,,Yes,More Info,,https://www.motogp.com/,,,,,,No
LL-0310,MotoGP - Round 10 - TT Assen,"MotoGP showcases elite motorcycle racing, world-class riders, cutting-edge technology, intense rivalries, and thrilling high-speed battles across iconic circuits worldwide.",27/06/2026 09:00,27/06/2026 22:00,Europe/London,No,,,Race meets,"rgb(214, 33, 42)",,TT Circuit Assen,"TT Circuit Assen, Netherlands",,,,,,,,,Yes,More Info,,https://www.motogp.com/,,,,,,No
LL-0311,MotoGP - Round 10 - TT Assen,"MotoGP showcases elite motorcycle racing, world-class riders, cutting-edge technology, intense rivalries, and thrilling high-speed battles across iconic circuits worldwide.",28/06/2026 09:00,28/06/2026 22:00,Europe/London,No,,,Race meets,"rgb(214, 33, 42)",,TT Circuit Assen,"TT Circuit Assen, Netherlands",,,,,,,,,Yes,More Info,,https://www.motogp.com/,,,,,,No
LL-0312,Shudy Camps Bike Meet,Real Ale Bar & Live Music - Camping and Food Stalls - Between Haverhill and Saffron Walden. W3W - TIMED.ONLINE.PARTING,26/06/2026 09:00,26/06/2026 22:00,Europe/London,No,,,Bike meets,"rgb(214, 33, 42)",,Shudy Camps,"Shudy Camps, Cambs CB21 4QZ",,,,,,,,,Yes,More Info,,https://www.facebook.com/profile.php?id=100027975176044&locale=en_GB,,,,,,No
LL-0313,Bike Night + Performance & Fast Bikes Monthly Meet,"Bike meet at the world famous Ace Café, North Circular, London - 18:00 start",26/06/2026 09:00,26/06/2026 22:00,Europe/London,No,,,Bike meets,"rgb(214, 33, 42)",,Ace Café,"Ace Café, Stonebridge, NW10 7UD",,,,,,,,,Yes,More Info,,https://london.acecafe.com/,,,,,,No
LL-0314,FIM Flat Track World Championship - R3,The FIM Flat Track World Championship is the premier competition organized by FIM on the sport of flat track racing.,27/06/2026 09:00,27/06/2026 22:00,Europe/London,No,,,Race meets,"rgb(214, 33, 42)",,Haunstetten,"Haunstetten, Germany",,,,,,,,,Yes,More Info,,https://www.fim-live.com/,,,,,,No
LL-0315,Masters of Motoring Longleat Motor Show Weekender,"A truly unforgettable celebration of motoring and heritage awaits in 2026 as Great British Motor Shows and Masters of Motoring join forces with Longleat to present the spectacular Longleat Motor Show Weekender — a two-day festival of cars, bikes, motorsport and family adventure.",27/06/2026 09:00,27/06/2026 22:00,Europe/London,No,,,Motorcycle shows and events,"rgb(214, 33, 42)",,Longleat,"Longleat, Warminster, Wiltshire",,,,,,,,,Yes,More Info,,https://mastersofmotoring.com/longleat-motor-show-weekender/,,,,,,No
LL-0316,Masters of Motoring Longleat Motor Show Weekender,"A truly unforgettable celebration of motoring and heritage awaits in 2026 as Great British Motor Shows and Masters of Motoring join forces with Longleat to present the spectacular Longleat Motor Show Weekender — a two-day festival of cars, bikes, motorsport and family adventure.",28/06/2026 09:00,28/06/2026 22:00,Europe/London,No,,,Motorcycle shows and events,"rgb(214, 33, 42)",,Longleat,"Longleat, Warminster, Wiltshire",,,,,,,,,Yes,More Info,,https://mastersofmotoring.com/longleat-motor-show-weekender/,,,,,,No
LL-0317,British MotorCycle Racing Club (Bemsee) - MRO Championship,Club racing at its finest.,27/06/2026 09:00,27/06/2026 22:00,Europe/London,No,,,Race meets,"rgb(214, 33, 42)",,Snetterton,"Snetterton, Norfolk, NR16 2JU",,,,,,,,,Yes,More Info,,https://www.bemsee.net/,,,,,,No
LL-0318,British MotorCycle Racing Club (Bemsee) - MRO Championship,Club racing at its finest.,28/06/2026 09:00,28/06/2026 22:00,Europe/London,No,,,Race meets,"rgb(214, 33, 42)",,Snetterton,"Snetterton, Norfolk, NR16 2JU",,,,,,,,,Yes,More Info,,https://www.bemsee.net/,,,,,,No
LL-0319,Squires Café Autojumble,"Squires Cafe is an ideal venue for all event requirements, boasting large outdoor capacity plus large well equipped indoor facilities making Squires a truly all year-round venue. Monthly autojumble. Pitches are £5 each for sellers",27/06/2026 09:00,27/06/2026 22:00,Europe/London,No,,,Motorcycle shows and events,"rgb(214, 33, 42)",,South Milford,"South Milford, Leeds, LS25 5LX",,,,,,,,,Yes,More Info,,https://www.squires-cafe.co.uk/,,,,,,No
LL-0320,Romney Marsh Classic Bikejumble and Ride-In Show,"Visitors riding their own bike to Romney Marsh can enter the Ride-In Show, with £25 spot-cash prizes on offer for the Best Classic (pre-1980) and Best Post-Classic machine. There's no extra charge - just ride in, pay the regular entry fee and park in the designated Ride-In Show area.",28/06/2026 09:00,28/06/2026 22:00,Europe/London,No,,,Motorcycle shows and events,"rgb(214, 33, 42)",,Hamstreet,"Hamstreet, Kent, TN26 2JD",,,,,,,,,Yes,More Info,,https://www.elkpromotions.co.uk/,,,,,,No
LL-0321,National Airhead Day,"The Airhead Association invite you to join them for their annual Classic Bike Day here at the museum. Airhead Association members are invited to park up in the inner courtyard from 10am (please note, no vehicular exit from the courtyard before 2pm due to prize giving.",28/06/2026 09:00,28/06/2026 22:00,Europe/London,No,,,Bike meets,"rgb(214, 33, 42)",,New Milton,"New Milton, Hants BH25 5SZ",,,,,,,,,Yes,More Info,,https://www.sammymiller.co.uk/,,,,,,No
LL-0322,FIM MX GP of Portugal - Motocross World Championship,"The premier championship of motocross racing, plus support events.",28/06/2026 09:00,28/06/2026 22:00,Europe/London,No,,,Race meets,"rgb(214, 33, 42)",,Águeda,"Águeda, Portugal",,,,,,,,,Yes,More Info,,https://www.mxgp.com/,,,,,,No
LL-0323,Triton & Café Racer Day,Bike meet at the world famous Ace Café - 09:00 start,28/06/2026 09:00,28/06/2026 22:00,Europe/London,No,,,Bike meets,"rgb(214, 33, 42)",,Ace Café,"Ace Café, Stonebridge, NW10 7UD",,,,,,,,,Yes,More Info,,https://london.acecafe.com/,,,,,,No
LL-0324,Coleshill Auto Breakfast Meet,"Join the Coleshill Auto Breakfast meet at the Triumph Visitor Experience for their monthly meet. The Club are active fund raisers for the Warks and Solihull Blood Bikers, so call in and enjoy some of the most incredible vehicles on display.",28/06/2026 09:00,28/06/2026 22:00,Europe/London,No,,,Bike meets,"rgb(214, 33, 42)",,Triumph Visitor Experience,Triumph Visitor Experience,,,,,,,,,Yes,More Info,,https://www.triumphmotorcycles.co.uk/for-the-ride/experiences/factory-visitor-experience/events,,,,,,No
LL-0325,Ride out to Cassington Bike Night,Bike meet at the world famous Ace Café - 16:00 start,29/06/2026 09:00,29/06/2026 22:00,Europe/London,No,,,Bike meets,"rgb(214, 33, 42)",,Ace Café,"Ace Café, Stonebridge, NW10 7UD",,,,,,,,,Yes,More Info,,https://london.acecafe.com/,,,,,,No
LL-0326,Cassington Bike Night,"Join thousands of bikers as they descend on the lovely Cotswold village of Cassington for the annual meet, chat, look, eat and drink. Free entry, however, you are asked to donate for parking via the bucket-shakers. The event is run by volunteers and all money raised helps cover the cost of road closures, cones, toilets etc, with any surplus going to the village community organisations and charities",29/06/2026 09:00,29/06/2026 22:00,Europe/London,No,,,Bike meets,"rgb(214, 33, 42)",,,,,,,,,,,,Yes,More Info,,,,,,,,No
LL-0327,Bike Night at The Cross Keys - Pizza & Pop,"A new bike night at The Cross Keys in Upwood, Ramsey, Cambs, featuring Mooi Pizza and a soft drink for just £10. Plenty of parking and a friendly pub atmosphere make this the ideal Monday night ride out. All pizzas are cooked to order in a wood fired oven. Pre Order on 07355 397164 to avoid delays.",29/06/2026 09:00,29/06/2026 22:00,Europe/London,No,,,Bike meets,"rgb(214, 33, 42)",,The Cross Keys,"The Cross Keys, Upwood, Cambs",,,,,,,,,Yes,More Info,,https://mooipizza.co.uk/,,,,,,No
LL-0328,Motorcycle Track Training with James Whitham (98db day),"James Whitham motorcycle track training days at Anglesey, Croft, Cadwell and Mallory Park Circuits are rider focused with the emphasis on practical coaching, both on and off the track on the aspects of riding that you want to improve, alongside one-to-one tuition from James and his team of riders that are at the top of their game.",30/06/2026 09:00,30/06/2026 22:00,Europe/London,No,,,Bike track days,"rgb(214, 33, 42)",,Mallory Park,"Mallory Park, Church Rd, Kirkby Mallory LE9 7QE",,,,,,,,,Yes,More Info,,https://www.jameswhitham.com/calendar-and-booking,,,,,,No
LL-0329,Bike Night at The White Swan,A welcoming bike night for all - every Tuesday. BBQ from 18:00 (weather permitting). Come and show off your pride and joy.,30/06/2026 09:00,30/06/2026 22:00,Europe/London,No,,,Bike meets,"rgb(214, 33, 42)",,The White Swan,"The White Swan, Conington, Cambs",,,,,,,,,Yes,More Info,,https://thewhiteswanconington.co.uk/comin-up/,,,,,,No
LL-0330,Gosport Motorbike Social,"A weekly Wednesday meet for like minded bikers from 6pm. Motorcycle ride outs, charity events, food and drinks - all welcome.",01/07/2026 09:00,01/07/2026 22:00,Europe/London,No,,,Bike meets,"rgb(214, 33, 42)",,The Rolling Scone Café,"The Rolling Scone Café, Gosport, Hants, PO13 9UB",,,,,,,,,Yes,More Info,,https://www.facebook.com/TheRollingSconesCafeGosport,,,,,,No
LL-0331,Wicked Wheelie Wednesdays,Come and show-off your bikes - 50cc to superbikes. Food available 17:00 - 20:00 - bar 15:00 - 22:00. Supporting a charity at every event.,01/07/2026 09:00,01/07/2026 22:00,Europe/London,No,,,Bike meets,"rgb(214, 33, 42)",,Hubbles @ Fendicks Fishery,"Hubbles @ Fendicks Fishery, Methwold Road, Whittington PE33 9GP",,,,,,,,,Yes,More Info,,https://www.fendicksfishery.com/,,,,,,No
LL-0332,Boston Bike Night,A popular bike night which attracts thousands of people from across the county,02/07/2026 09:00,02/07/2026 22:00,Europe/London,No,,,Bike meets,"rgb(214, 33, 42)",,Boston,"Boston, Lincs PE21 6LJ",,,,,,,,,Yes,More Info,,https://www.bostonbikenight.co.uk/,,,,,,No
LL-0333,Bike Night at The Hunters Inn,Meet up at The Hunters Inn - Freehouse pub with large car park and garden. Great biking roads in area and close to A32 and Loomies Café. Bike night - Thursdays from 18:00,02/07/2026 09:00,02/07/2026 22:00,Europe/London,No,,,Bike meets,"rgb(214, 33, 42)",,The Hunters Inn,"The Hunters Inn, Cott Street, Swanmore, Hants SO32 2PZ",,,,,,,,,Yes,More Info,,https://www.huntersinnpub.com/,,,,,,No
LL-0334,Bike Night at the Crown,Every Thursday from 6pm. Full menu available.,02/07/2026 09:00,02/07/2026 22:00,Europe/London,No,,,Bike meets,"rgb(214, 33, 42)",,The Crown,"The Crown, Main Road, Wormington, CO6 3AB",,,,,,,,,Yes,More Info,,https://www.facebook.com/crownwormingford/posts/bike-night-the-crown-wormingford-6pm-start-tomorrow-full-menu-is-on-our-website-/5102119659879933/,,,,,,No
LL-0335,John Bunyan Bike Night,"Great evening of New, Vintage, Custom, Sports and Classics - All welcome. Large carpark, great selection of foods and drinks",02/07/2026 09:00,02/07/2026 22:00,Europe/London,No,,,Bike meets,"rgb(214, 33, 42)",,John Bunyan Pub,"John Bunyan Pub, Coleman Green Ln, St Albans, AL4 8ES",,,,,,,,,Yes,More Info,,https://www.facebook.com/Johnbunyanpub.co.uk/?locale=en_GB,,,,,,No
LL-0336,Swan Inn Bike Night,"Large Car park, indoor and outdoor seating, Stone Baked Pizza, 6pm onwards, all bikes welcome",02/07/2026 09:00,02/07/2026 22:00,Europe/London,No,,,Bike meets,"rgb(214, 33, 42)",,The Swan Inn at Letton,"The Swan Inn at Letton, A438 btwn Hereford and Hay-on-Wye",,,,,,,,,Yes,More Info,,https://www.facebook.com/swaninnletton,,,,,,No
LL-0337,Mod 'n' Mini Night & Classic Scooters Monthly Meet,"Bike meet at the world famous Ace Café, North Circular, London - 18:00 start",02/07/2026 09:00,02/07/2026 22:00,Europe/London,No,,,Bike meets,"rgb(214, 33, 42)",,Ace Café,"Ace Café, Stonebridge, NW10 7UD",,,,,,,,,Yes,More Info,,https://london.acecafe.com/,,,,,,No
LL-0338,International Road Racing Championship - R3,"Formerly the 3 Nations Cup, the European Road Racing Series",03/07/2026 09:00,03/07/2026 22:00,Europe/London,No,,,Race meets,"rgb(214, 33, 42)",,Imatra,"Imatra, Finland",,,,,,,,,Yes,More Info,,https://www.irrc.eu/,,,,,,No
LL-0339,International Road Racing Championship - R3,"Formerly the 3 Nations Cup, the European Road Racing Series",04/07/2026 09:00,04/07/2026 22:00,Europe/London,No,,,Race meets,"rgb(214, 33, 42)",,Imatra,"Imatra, Finland",,,,,,,,,Yes,More Info,,https://www.irrc.eu/,,,,,,No
LL-0340,International Road Racing Championship - R3,"Formerly the 3 Nations Cup, the European Road Racing Series",05/07/2026 09:00,05/07/2026 22:00,Europe/London,No,,,Race meets,"rgb(214, 33, 42)",,Imatra,"Imatra, Finland",,,,,,,,,Yes,More Info,,https://www.irrc.eu/,,,,,,No
LL-0341,British Superbike Championship - Round 4,"The biggest and best national Championship in the world. 3 days of racing with Superbikes, Supersports, Sportsbike and many support classes.",03/07/2026 09:00,03/07/2026 22:00,Europe/London,No,,,Race meets,"rgb(214, 33, 42)",,Snetterton,"Snetterton, Norfolk, NR16 2JU",,,,,,,,,Yes,More Info,,https://www.britishsuperbike.com/,,,,,,No
LL-0342,British Superbike Championship - Round 4,"The biggest and best national Championship in the world. 3 days of racing with Superbikes, Supersports, Sportsbike and many support classes.",04/07/2026 09:00,04/07/2026 22:00,Europe/London,No,,,Race meets,"rgb(214, 33, 42)",,Snetterton,"Snetterton, Norfolk, NR16 2JU",,,,,,,,,Yes,More Info,,https://www.britishsuperbike.com/,,,,,,No
LL-0343,British Superbike Championship - Round 4,"The biggest and best national Championship in the world. 3 days of racing with Superbikes, Supersports, Sportsbike and many support classes.",05/07/2026 09:00,05/07/2026 22:00,Europe/London,No,,,Race meets,"rgb(214, 33, 42)",,Snetterton,"Snetterton, Norfolk, NR16 2JU",,,,,,,,,Yes,More Info,,https://www.britishsuperbike.com/,,,,,,No
LL-0344,Darley Moor Trackday,"3 classes - Newcomers, Inters and Advanced with full or half days available. Qualified instructor available to offer tuition.",03/07/2026 09:00,03/07/2026 22:00,Europe/London,No,,,Bike track days,"rgb(214, 33, 42)",,Darley Moor Sports Centre,"Darley Moor Sports Centre, Derbyshire DE6 2ET",,,,,,,,,Yes,More Info,,https://www.darleymoor.co.uk/,,,,,,No
LL-0345,Bike Night & Streetfighters Monthly Meet,"Bike meet at the world famous Ace Café, North Circular, London - 18:00 start",03/07/2026 09:00,03/07/2026 22:00,Europe/London,No,,,Bike meets,"rgb(214, 33, 42)",,Ace Café,"Ace Café, Stonebridge, NW10 7UD",,,,,,,,,Yes,More Info,,https://london.acecafe.com/,,,,,,No
LL-0346,1000 Bikes Revival,Grass roots racing at its best - East Midlands Racing Association,04/07/2026 09:00,04/07/2026 22:00,Europe/London,No,,,Race meets,"rgb(214, 33, 42)",,Mallory Park,"Mallory Park, Leics, LE9 7QE",,,,,,,,,Yes,More Info,,https://www.eastmidlandracing.co.uk/,,,,,,No
LL-0347,1000 Bikes Revival,Grass roots racing at its best - East Midlands Racing Association,05/07/2026 09:00,05/07/2026 22:00,Europe/London,No,,,Race meets,"rgb(214, 33, 42)",,Mallory Park,"Mallory Park, Leics, LE9 7QE",,,,,,,,,Yes,More Info,,https://www.eastmidlandracing.co.uk/,,,,,,No
LL-0348,Straightliners at Dakota Raceway,"The Home of Speed - Europe’s leading organisers of straight-line events, drag racing and motorsport for anything on wheels.",04/07/2026 09:00,04/07/2026 22:00,Europe/London,No,,,Race meets,"rgb(214, 33, 42)",,Dakota Raceway,"Dakota Raceway, Honiton, EX14 9RQ",,,,,,,,,Yes,More Info,,https://straightliners.events/all-events/,,,,,,No
LL-0349,FIM Flat Track World Championship - R4,The FIM Flat Track World Championship is the premier competition organized by FIM on the sport of flat track racing.,04/07/2026 09:00,04/07/2026 22:00,Europe/London,No,,,Race meets,"rgb(214, 33, 42)",,Donji Kraljevec,"Donji Kraljevec, Croatia",,,,,,,,,Yes,More Info,,https://www.fim-live.com/,,,,,,No
LL-0350,Rufforth Autojumble,"A total of 350 pitches with up to 3000 buyers attending. On site facilities include a 5 star cafe, disabled parking and new large toilet facilities. Dogs welcome, but must be kept on lead at all times.",04/07/2026 09:00,04/07/2026 22:00,Europe/London,No,,,Motorcycle shows and events,"rgb(214, 33, 42)",,Rufforth Park,"Rufforth Park, Yorks, YO23 3QH",,,,,,,,,Yes,More Info,,https://www.rufforthautojumble.com/,,,,,,No
LL-0351,The Lakeland Historic Car & Bike Club,"The Lakeland Historic Car Club meets on the first Saturday of every month at the museum and Cafe Ambio. Everyone is welcome to attend whether you're an owner, enthusiast or just keen to see some great examples of some classic local cars and bikes. The club roughly arrives at the museum around 10am and leaves after lunch (around 12.30pm).",04/07/2026 09:00,04/07/2026 22:00,Europe/London,No,,,Motorcycle shows and events,"rgb(214, 33, 42)",,Lakeland Motor Museum,"Lakeland Motor Museum, Backbarrow, nr. Ulverston, Cumbria LA12 8TA",,,,,,,,,Yes,More Info,,https://www.lakelandmotormuseum.co.uk/,,,,,,No
LL-0352,Bike Bonanza,"Spectacular motorcycle competition at the Shelsley Walsh hill climb. Paddock displays include Suzuki motorcycles raced by British legends Barry Sheene and David Jefferies, plus Steve Parrish ‘meet n greet’, motorcycle club displays, Show & Shine, trade stands, interviews, live music and more! Discounted advance tickets now available",04/07/2026 09:00,04/07/2026 22:00,Europe/London,No,,,Motorcycle shows and events,"rgb(214, 33, 42)",,Brands Hatch Indy Circuit,"Brands Hatch Indy Circuit, Sevenoaks, TN15 6FS",,,,,,,,,Yes,More Info,,https://www.crmc.co.uk/,,,,,,No
LL-0353,Diamond Day - NCC London Custom Bike Show,Bike meet at the world famous Ace Café - 09:00 start,04/07/2026 09:00,04/07/2026 22:00,Europe/London,No,,,Bike meets,"rgb(214, 33, 42)",,Ace Café,"Ace Café, Stonebridge, NW10 7UD",,,,,,,,,Yes,More Info,,https://london.acecafe.com/,,,,,,No
LL-0354,Club Championships - Classic RMC R4,"The Classic Racing Motorcycle Club (also known as the CRMC) is one of the largest and most respected racing motorcycle clubs dedicated to the preservation and use of post-war racing and sports machines. Close racing, full grids, plus parades and friendly race paddocks at the best racing circuits throughout the UK - CRMC race weekends offer riders, officials and spectators a memorable taste of racing from the past.",04/07/2026 09:00,04/07/2026 22:00,Europe/London,No,,,Race meets,"rgb(214, 33, 42)",,Brands Hatch Indy Circuit,"Brands Hatch Indy Circuit, Sevenoaks, TN15 6FS",,,,,,,,,Yes,More Info,,https://www.crmc.co.uk/,,,,,,No
LL-0355,Club Championships - Classic RMC R4,"The Classic Racing Motorcycle Club (also known as the CRMC) is one of the largest and most respected racing motorcycle clubs dedicated to the preservation and use of post-war racing and sports machines. Close racing, full grids, plus parades and friendly race paddocks at the best racing circuits throughout the UK - CRMC race weekends offer riders, officials and spectators a memorable taste of racing from the past.",05/07/2026 09:00,05/07/2026 22:00,Europe/London,No,,,Race meets,"rgb(214, 33, 42)",,Brands Hatch Indy Circuit,"Brands Hatch Indy Circuit, Sevenoaks, TN15 6FS",,,,,,,,,Yes,More Info,,https://www.crmc.co.uk/,,,,,,No
LL-0356,The Dereham Motorcycle Rally,The Dereham Bike Rally returns! Last year we welcomed over 900 bikes and hope to grow those numbers once again. All welcome - £1 donation to Dereham FC Entry,04/07/2026 09:00,04/07/2026 22:00,Europe/London,No,,,Bike meets,"rgb(214, 33, 42)",,Dereham Town FC,"Dereham Town FC, Norwich Rd, Dereham NR20 3PX",,,,,,,,,Yes,More Info,,https://www.facebook.com/events/1965613503992769/?post_id=1967743763779743&acontext=%7B%22event_action_history%22%3A[%7B%22mechanism%22%3A%22attachment_media%22%2C%22surface%22%3A%22newsfeed%22%7D]%2C%22ref_notif_type%22%3Anull%7D,,,,,,No
LL-0357,British Bike Day,"We look forward to seeing many different makes and models of British Bikes who are invited to park up in the Courtyard from 10am (please note, no vehicular exit from the Courtyard before 12.30 due to health and safety. Anyone wishing to leave earlier, please park in the main car park).",05/07/2026 09:00,05/07/2026 22:00,Europe/London,No,,,Bike meets,"rgb(214, 33, 42)",,New Milton,"New Milton, Hants BH25 5SZ",,,,,,,,,Yes,More Info,,https://www.sammymiller.co.uk/,,,,,,No
LL-0358,The Brooklands Motorcycle Day,"Join us as we celebrate a staggering legacy of motorcycling at Brooklands matched with the best of today’s bikes and super-machines. Motorcycle enthusiasts, no matter what they ride or from what era, all are welcome to come and enjoy the spectacle.",05/07/2026 09:00,05/07/2026 22:00,Europe/London,No,,,Motorcycle shows and events,"rgb(214, 33, 42)",,Brooklands Museum,"Brooklands Museum, Surrey KT13 0SL",,,,,,,,,Yes,More Info,,https://www.brooklandsmuseum.com/,,,,,,No
LL-0359,FIM Endurance World Championship - Suzuka 8 Hours,"The ultimate test of rider and bike durability. Round 3 of the season takes us round the world to the Suzuka circuit, Japan.",05/07/2026 09:00,05/07/2026 22:00,Europe/London,No,,,Race meets,"rgb(214, 33, 42)",,Suzuka Circuit,"Suzuka Circuit, Japan",,,,,,,,,Yes,More Info,,https://www.fim-live.com/,,,,,,No
LL-0360,FIM MX GP of Rep. of South Africa - Motocross World Championship,"The premier championship of motocross racing, plus support events.",05/07/2026 09:00,05/07/2026 22:00,Europe/London,No,,,Race meets,"rgb(214, 33, 42)",,Johannesburg,"Johannesburg, RSA",,,,,,,,,Yes,More Info,,https://www.mxgp.com/,,,,,,No
LL-0361,Bikestop Breakfast Ride Outs,First Sunday of the month from March through to November. Guiding help from local clubs and fuelled by the BikeStop special breakfast,05/07/2026 09:00,05/07/2026 22:00,Europe/London,No,,,Motorcycle ride outs,"rgb(214, 33, 42)",,Bike Stop,"Bike Stop, 104 High St, Stevenage SG1 3DW",,,,,,,,,Yes,More Info,,https://www.bikestop.co.uk/blog/category/events,,,,,,No
LL-0362,Goldwing 'Wing-Ding',Bike meet at the world famous Ace Café - 09:00 start,05/07/2026 09:00,05/07/2026 22:00,Europe/London,No,,,Bike meets,"rgb(214, 33, 42)",,Ace Café,"Ace Café, Stonebridge, NW10 7UD",,,,,,,,,Yes,More Info,,https://london.acecafe.com/,,,,,,No
LL-0363,Back to Basics Car & Bike Show,"National Chopper Club Bedfordshire presents Back to Basics with music, hot food, trophies. 11am to 4pm with prize giving at 3pm. £3 Entry on the gate.",05/07/2026 09:00,05/07/2026 22:00,Europe/London,No,,,Motorcycle shows and events,"rgb(214, 33, 42)",,The White Horse,"The White Horse, Husborne Crawley, Beds MK43 0XF",,,,,,,,,Yes,More Info,,https://www.facebook.com/events/673497195755565,,,,,,No
LL-0364,California Superbike School Training Day,"The California Superbike School was founded by world-famous motorcycle coach Keith Code in 1980. Code has authored numerous books including the seminal motorcycle skills text “Twist of the Wrist”. The UK school teaches four levels of skills and is suitable for novice riders, riders who have never been on a track before, and pro-racers alike. Riders use their own motorcycles or new Kawasaki UK supplied motorcycles can also be hired. A full A or ACU license is required",06/07/2026 09:00,06/07/2026 22:00,Europe/London,No,,,Bike track days,"rgb(214, 33, 42)",,Donington Park,"Donington Park, Castle Donington, Derby DE74 2RP",,,,,,,,,Yes,More Info,,https://www.superbikeschool.co.uk/,,,,,,No
LL-0365,Southern 100 - Isle of Man Steam Packet Southern 100 International Road Races,"Since the first race on Thursday 14th July 1955, the 350cc won by Derek Ennett a total of 590 races have been run over the Billown Course, including 143 Sidecar races, with 106,500 racing laps completed, a racing distance of 452,625.00 miles at the end of the 2019 meeting.",06/07/2026 09:00,06/07/2026 22:00,Europe/London,No,,,Race meets,"rgb(214, 33, 42)",,Billown,"Billown, Isle of Man",,,,,,,,,Yes,More Info,,https://www.southern100.com/,,,,,,No
LL-0366,Southern 100 - Isle of Man Steam Packet Southern 100 International Road Races,"Since the first race on Thursday 14th July 1955, the 350cc won by Derek Ennett a total of 590 races have been run over the Billown Course, including 143 Sidecar races, with 106,500 racing laps completed, a racing distance of 452,625.00 miles at the end of the 2019 meeting.",07/07/2026 09:00,07/07/2026 22:00,Europe/London,No,,,Race meets,"rgb(214, 33, 42)",,Billown,"Billown, Isle of Man",,,,,,,,,Yes,More Info,,https://www.southern100.com/,,,,,,No
LL-0367,Southern 100 - Isle of Man Steam Packet Southern 100 International Road Races,"Since the first race on Thursday 14th July 1955, the 350cc won by Derek Ennett a total of 590 races have been run over the Billown Course, including 143 Sidecar races, with 106,500 racing laps completed, a racing distance of 452,625.00 miles at the end of the 2019 meeting.",08/07/2026 09:00,08/07/2026 22:00,Europe/London,No,,,Race meets,"rgb(214, 33, 42)",,Billown,"Billown, Isle of Man",,,,,,,,,Yes,More Info,,https://www.southern100.com/,,,,,,No
LL-0368,Southern 100 - Isle of Man Steam Packet Southern 100 International Road Races,"Since the first race on Thursday 14th July 1955, the 350cc won by Derek Ennett a total of 590 races have been run over the Billown Course, including 143 Sidecar races, with 106,500 racing laps completed, a racing distance of 452,625.00 miles at the end of the 2019 meeting.",09/07/2026 09:00,09/07/2026 22:00,Europe/London,No,,,Race meets,"rgb(214, 33, 42)",,Billown,"Billown, Isle of Man",,,,,,,,,Yes,More Info,,https://www.southern100.com/,,,,,,No
LL-0369,Southern 100 - Classic Road Races,The Southern 100 Road Races is rated as one of the most popular and ‘must do’ events in the annual Classic calendar attracting well over 250 entries for its nine-race event.,06/07/2026 09:00,06/07/2026 22:00,Europe/London,No,,,Race meets,"rgb(214, 33, 42)",,Billown,"Billown, Isle of Man",,,,,,,,,Yes,More Info,,https://www.southern100.com/,,,,,,No
LL-0370,Southern 100 - Classic Road Races,The Southern 100 Road Races is rated as one of the most popular and ‘must do’ events in the annual Classic calendar attracting well over 250 entries for its nine-race event.,07/07/2026 09:00,07/07/2026 22:00,Europe/London,No,,,Race meets,"rgb(214, 33, 42)",,Billown,"Billown, Isle of Man",,,,,,,,,Yes,More Info,,https://www.southern100.com/,,,,,,No
LL-0371,Southern 100 - Classic Road Races,The Southern 100 Road Races is rated as one of the most popular and ‘must do’ events in the annual Classic calendar attracting well over 250 entries for its nine-race event.,08/07/2026 09:00,08/07/2026 22:00,Europe/London,No,,,Race meets,"rgb(214, 33, 42)",,Billown,"Billown, Isle of Man",,,,,,,,,Yes,More Info,,https://www.southern100.com/,,,,,,No
LL-0372,Southern 100 - Classic Road Races,The Southern 100 Road Races is rated as one of the most popular and ‘must do’ events in the annual Classic calendar attracting well over 250 entries for its nine-race event.,09/07/2026 09:00,09/07/2026 22:00,Europe/London,No,,,Race meets,"rgb(214, 33, 42)",,Billown,"Billown, Isle of Man",,,,,,,,,Yes,More Info,,https://www.southern100.com/,,,,,,No
LL-0373,Bike Night at The Cross Keys - Pizza & Pop,"A new bike night at The Cross Keys in Upwood, Ramsey, Cambs, featuring Mooi Pizza and a soft drink for just £10. Plenty of parking and a friendly pub atmosphere make this the ideal Monday night ride out. All pizzas are cooked to order in a wood fired oven. Pre Order on 07355 397164 to avoid delays.",06/07/2026 09:00,06/07/2026 22:00,Europe/London,No,,,Bike meets,"rgb(214, 33, 42)",,The Cross Keys,"The Cross Keys, Upwood, Cambs",,,,,,,,,Yes,More Info,,https://mooipizza.co.uk/,,,,,,No
LL-0374,German Night & Auto Scoots Monthly Meet,"Bike meet at the world famous Ace Café, North Circular, London - 18:00 start",06/07/2026 09:00,06/07/2026 22:00,Europe/London,No,,,Bike meets,"rgb(214, 33, 42)",,Ace Café,"Ace Café, Stonebridge, NW10 7UD",,,,,,,,,Yes,More Info,,https://london.acecafe.com/,,,,,,No
LL-0375,Poole Quay Bike Night,"Every Tuesday until the end of September - Music, local bars, food and retailers. 17:30 start, £3 entry.",07/07/2026 09:00,07/07/2026 22:00,Europe/London,No,,,Bike meets,"rgb(214, 33, 42)",,The Quay,"The Quay, Poole BH15 1HJ",,,,,,,,,Yes,More Info,,https://www.facebook.com/groups/11908800953,,,,,,No
LL-0376,Sugar Loaf Bike Night,Every Tuesday from 6pm. Themed nights - free soft drink with themed bikes. All bikes welcome.,07/07/2026 09:00,07/07/2026 22:00,Europe/London,No,,,Bike meets,"rgb(214, 33, 42)",,The Old Sugar Loaf,"The Old Sugar Loaf, 44 High St, Dunstable, LU6 1LA",,,,,,,,,Yes,More Info,,https://www.facebook.com/groups/1052463642347360/,,,,,,No
LL-0377,Walden Bikers Bike Night,"Where riders of all ages, all abilities, with all types of bikes can meet and ride out with other like minded motorcyclists.",07/07/2026 09:00,07/07/2026 22:00,Europe/London,No,,,Bike meets,"rgb(214, 33, 42)",,The Old Kiora,"The Old Kiora, Newport, Saffron Walden, CB11 3SY",,,,,,,,,Yes,More Info,,https://www.facebook.com/groups/waldenbikers/?locale=en_GB,,,,,,No
LL-0378,Motorcycle Track Training with James Whitham,"James Whitham motorcycle track training days at Anglesey, Croft, Cadwell and Mallory Park Circuits are rider focused with the emphasis on practical coaching, both on and off the track on the aspects of riding that you want to improve, alongside one-to-one tuition from James and his team of riders that are at the top of their game.",07/07/2026 09:00,07/07/2026 22:00,Europe/London,No,,,Bike track days,"rgb(214, 33, 42)",,Croft Circuit,"Croft Circuit, Darlington, DL2 2PL",,,,,,,,,Yes,More Info,,https://www.jameswhitham.com/calendar-and-booking,,,,,,No
LL-0379,Motorcycle Track Training with James Whitham,"James Whitham motorcycle track training days at Anglesey, Croft, Cadwell and Mallory Park Circuits are rider focused with the emphasis on practical coaching, both on and off the track on the aspects of riding that you want to improve, alongside one-to-one tuition from James and his team of riders that are at the top of their game.",08/07/2026 09:00,08/07/2026 22:00,Europe/London,No,,,Bike track days,"rgb(214, 33, 42)",,Croft Circuit,"Croft Circuit, Darlington, DL2 2PL",,,,,,,,,Yes,More Info,,https://www.jameswhitham.com/calendar-and-booking,,,,,,No
LL-0380,Bike Night at The White Swan,A welcoming bike night for all - every Tuesday. BBQ from 18:00 (weather permitting). Come and show off your pride and joy.,07/07/2026 09:00,07/07/2026 22:00,Europe/London,No,,,Bike meets,"rgb(214, 33, 42)",,The White Swan,"The White Swan, Conington, Cambs",,,,,,,,,Yes,More Info,,https://thewhiteswanconington.co.uk/comin-up/,,,,,,No
LL-0381,Gosport Motorbike Social,"A weekly Wednesday meet for like minded bikers from 6pm. Motorcycle ride outs, charity events, food and drinks - all welcome.",08/07/2026 09:00,08/07/2026 22:00,Europe/London,No,,,Bike meets,"rgb(214, 33, 42)",,The Rolling Scone Café,"The Rolling Scone Café, Gosport, Hants, PO13 9UB",,,,,,,,,Yes,More Info,,https://www.facebook.com/TheRollingSconesCafeGosport,,,,,,No
LL-0382,Superpole PillionXperience with James Whitham,"James Whitham motorcycle track training days at Anglesey, Croft, Cadwell and Mallory Park Circuits are rider focused with the emphasis on practical coaching, both on and off the track on the aspects of riding that you want to improve, alongside one-to-one tuition from James and his team of riders that are at the top of their game.",08/07/2026 09:00,08/07/2026 22:00,Europe/London,No,,,Bike track days,"rgb(214, 33, 42)",,Croft Circuit,"Croft Circuit, Darlington, DL2 2PL",,,,,,,,,Yes,More Info,,https://www.jameswhitham.com/calendar-and-booking,,,,,,No
LL-0383,Triumph Bike Night,"The Triumph Visitor Experience hosts monthly bike nights to cater for all riders. Cafe, exhibit and shop open throughout, burgers and vegetarian options being served. 17:30 - 20:00",08/07/2026 09:00,08/07/2026 22:00,Europe/London,No,,,Bike meets,"rgb(214, 33, 42)",,Triumph Visitor Experience,"Triumph Visitor Experience, Hinckley",,,,,,,,,Yes,More Info,,https://www.triumphmotorcycles.co.uk/for-the-ride/experiences/factory-visitor-experience/events,,,,,,No
LL-0384,The Chequered Flag Cafe Bike Night,"A monthly Wednesday night meet at the Chequered Flag Cafe. Full menu available of great hot foods and drinks. Extra drinks stall outside to save queuing Stalls, ice-cream and live music. All welcome!",08/07/2026 09:00,08/07/2026 22:00,Europe/London,No,,,Bike meets,"rgb(214, 33, 42)",,Darley Moor,"Darley Moor, Ashbourne, DE6 2ET",,,,,,,,,Yes,More Info,,https://www.facebook.com/profile.php?id=61572162905976&sk=events,,,,,,No
LL-0385,Wicked Wheelie Wednesdays,Come and show-off your bikes - 50cc to superbikes. Food available 17:00 - 20:00 - bar 15:00 - 22:00. Supporting a charity at every event.,08/07/2026 09:00,08/07/2026 22:00,Europe/London,No,,,Bike meets,"rgb(214, 33, 42)",,Hubbles @ Fendicks Fishery,"Hubbles @ Fendicks Fishery, Methwold Road, Whittington PE33 9GP",,,,,,,,,Yes,More Info,,https://www.fendicksfishery.com/,,,,,,No
LL-0386,Brit Bikes Night Classic & Modern,"Bike meet at the world famous Ace Café, North Circular, London - 18:00 start",08/07/2026 09:00,08/07/2026 22:00,Europe/London,No,,,Bike meets,"rgb(214, 33, 42)",,Ace Café,"Ace Café, Stonebridge, NW10 7UD",,,,,,,,,Yes,More Info,,https://london.acecafe.com/,,,,,,No
LL-0387,Bike Night at The Hunters Inn,Meet up at The Hunters Inn - Freehouse pub with large car park and garden. Great biking roads in area and close to A32 and Loomies Café. Bike night - Thursdays from 18:00,09/07/2026 09:00,09/07/2026 22:00,Europe/London,No,,,Bike meets,"rgb(214, 33, 42)",,The Hunters Inn,"The Hunters Inn, Cott Street, Swanmore, Hants SO32 2PZ",,,,,,,,,Yes,More Info,,https://www.huntersinnpub.com/,,,,,,No
LL-0388,Goodwood Festival of Speed,"The Festival of Speed boasts cars, stars and motor sport royalty at the largest event of its kind, gathering the planet's rarest and most glamorous cars",09/07/2026 09:00,09/07/2026 22:00,Europe/London,No,,,Motorcycle shows and events,"rgb(214, 33, 42)",,Goodwood,"Goodwood, West Sussex, PO18 0PX",,,,,,,,,Yes,More Info,,https://www.goodwood.com/flagship-events/festival-of-speed/,,,,,,No
LL-0389,Goodwood Festival of Speed,"The Festival of Speed boasts cars, stars and motor sport royalty at the largest event of its kind, gathering the planet's rarest and most glamorous cars",10/07/2026 09:00,10/07/2026 22:00,Europe/London,No,,,Motorcycle shows and events,"rgb(214, 33, 42)",,Goodwood,"Goodwood, West Sussex, PO18 0PX",,,,,,,,,Yes,More Info,,https://www.goodwood.com/flagship-events/festival-of-speed/,,,,,,No
LL-0390,Goodwood Festival of Speed,"The Festival of Speed boasts cars, stars and motor sport royalty at the largest event of its kind, gathering the planet's rarest and most glamorous cars",11/07/2026 09:00,11/07/2026 22:00,Europe/London,No,,,Motorcycle shows and events,"rgb(214, 33, 42)",,Goodwood,"Goodwood, West Sussex, PO18 0PX",,,,,,,,,Yes,More Info,,https://www.goodwood.com/flagship-events/festival-of-speed/,,,,,,No
LL-0391,Goodwood Festival of Speed,"The Festival of Speed boasts cars, stars and motor sport royalty at the largest event of its kind, gathering the planet's rarest and most glamorous cars",12/07/2026 09:00,12/07/2026 22:00,Europe/London,No,,,Motorcycle shows and events,"rgb(214, 33, 42)",,Goodwood,"Goodwood, West Sussex, PO18 0PX",,,,,,,,,Yes,More Info,,https://www.goodwood.com/flagship-events/festival-of-speed/,,,,,,No
LL-0392,Bike Night at the Crown,Every Thursday from 6pm. Full menu available.,09/07/2026 09:00,09/07/2026 22:00,Europe/London,No,,,Bike meets,"rgb(214, 33, 42)",,The Crown,"The Crown, Main Road, Wormington, CO6 3AB",,,,,,,,,Yes,More Info,,https://www.facebook.com/crownwormingford/posts/bike-night-the-crown-wormingford-6pm-start-tomorrow-full-menu-is-on-our-website-/5102119659879933/,,,,,,No
LL-0393,Room 24 Bike Night,2nd Thursday of every month - Drink and meal available - check socials for Meal Deal. All bikes welcome.,09/07/2026 09:00,09/07/2026 22:00,Europe/London,No,,,Bike meets,"rgb(214, 33, 42)",,Room 24,"Room 24, Eastern Esplanade, Southend-on-Sea, SS1 2ER",,,,,,,,,Yes,More Info,,https://www.facebook.com/room.twentyfour.7/?locale=en_GB,,,,,,No
LL-0394,Italian Night,"Bike meet at the world famous Ace Café, North Circular, London - 18:00 start",09/07/2026 09:00,09/07/2026 22:00,Europe/London,No,,,Bike meets,"rgb(214, 33, 42)",,Ace Café,"Ace Café, Stonebridge, NW10 7UD",,,,,,,,,Yes,More Info,,https://london.acecafe.com/,,,,,,No
LL-0395,MotoGP - Round 11 - Motorrad Grand Prix Deutschland,"MotoGP showcases elite motorcycle racing, world-class riders, cutting-edge technology, intense rivalries, and thrilling high-speed battles across iconic circuits worldwide.",10/07/2026 09:00,10/07/2026 22:00,Europe/London,No,,,Race meets,"rgb(214, 33, 42)",,Saschenring,"Saschenring, Germany",,,,,,,,,Yes,More Info,,https://www.motogp.com/,,,,,,No
LL-0396,MotoGP - Round 11 - Motorrad Grand Prix Deutschland,"MotoGP showcases elite motorcycle racing, world-class riders, cutting-edge technology, intense rivalries, and thrilling high-speed battles across iconic circuits worldwide.",11/07/2026 09:00,11/07/2026 22:00,Europe/London,No,,,Race meets,"rgb(214, 33, 42)",,Saschenring,"Saschenring, Germany",,,,,,,,,Yes,More Info,,https://www.motogp.com/,,,,,,No
LL-0397,MotoGP - Round 11 - Motorrad Grand Prix Deutschland,"MotoGP showcases elite motorcycle racing, world-class riders, cutting-edge technology, intense rivalries, and thrilling high-speed battles across iconic circuits worldwide.",12/07/2026 09:00,12/07/2026 22:00,Europe/London,No,,,Race meets,"rgb(214, 33, 42)",,Saschenring,"Saschenring, Germany",,,,,,,,,Yes,More Info,,https://www.motogp.com/,,,,,,No
LL-0398,Unwanted MCC Cock Out Rally,"Bikes, bands, food and drinks - camping to be prebooked",10/07/2026 09:00,10/07/2026 22:00,Europe/London,No,,,Bike meets,"rgb(214, 33, 42)",,The Rockbar,"The Rockbar, Burton on Trent, Staffordshire, DE14 2BB",,,,,,,,,Yes,More Info,,https://www.unwantedmcc.co.uk/,,,,,,No
LL-0399,Unwanted MCC Cock Out Rally,"Bikes, bands, food and drinks - camping to be prebooked",11/07/2026 09:00,11/07/2026 22:00,Europe/London,No,,,Bike meets,"rgb(214, 33, 42)",,The Rockbar,"The Rockbar, Burton on Trent, Staffordshire, DE14 2BB",,,,,,,,,Yes,More Info,,https://www.unwantedmcc.co.uk/,,,,,,No
LL-0400,World Superbike Championship - Round 8 - UK,"With up to four races per round, the action is spread over two days. WSBK, WSSP, WSSP300 and WCR",10/07/2026 09:00,10/07/2026 22:00,Europe/London,No,,,Race meets,"rgb(214, 33, 42)",,Donington Park,"Donington Park, Derby, DE74 2RP",,,,,,,,,Yes,More Info,,https://www.worldsbk.com/,,,,,,No
LL-0401,World Superbike Championship - Round 8 - UK,"With up to four races per round, the action is spread over two days. WSBK, WSSP, WSSP300 and WCR",11/07/2026 09:00,11/07/2026 22:00,Europe/London,No,,,Race meets,"rgb(214, 33, 42)",,Donington Park,"Donington Park, Derby, DE74 2RP",,,,,,,,,Yes,More Info,,https://www.worldsbk.com/,,,,,,No
LL-0402,World Superbike Championship - Round 8 - UK,"With up to four races per round, the action is spread over two days. WSBK, WSSP, WSSP300 and WCR",12/07/2026 09:00,12/07/2026 22:00,Europe/London,No,,,Race meets,"rgb(214, 33, 42)",,Donington Park,"Donington Park, Derby, DE74 2RP",,,,,,,,,Yes,More Info,,https://www.worldsbk.com/,,,,,,No
LL-0403,BMF Bike Meet,The BMF has decades of experience organising some of the best motorcycle shows and rallies throughout the UK,10/07/2026 09:00,10/07/2026 22:00,Europe/London,No,,,Motorcycle shows and events,"rgb(214, 33, 42)",,Mallory Park,"Mallory Park, Kirkby Mallory, Leics",,,,,,,,,Yes,More Info,,https://www.bmf.co.uk/events,,,,,,No
LL-0404,Bike Night + Bandits (BOCGB) Monthly Meet,"Bike meet at the world famous Ace Café, North Circular, London - 18:00 start",10/07/2026 09:00,10/07/2026 22:00,Europe/London,No,,,Bike meets,"rgb(214, 33, 42)",,Ace Café,"Ace Café, Stonebridge, NW10 7UD",,,,,,,,,Yes,More Info,,https://london.acecafe.com/,,,,,,No
LL-0405,Speedway Grand Prix - Round 6 - GP of Sweden,Sideways action from the FIM World series,11/07/2026 09:00,11/07/2026 22:00,Europe/London,No,,,Race meets,"rgb(214, 33, 42)",,Malilla,"Malilla, Sweden",,,,,,,,,Yes,More Info,,https://www.fimspeedway.com/,,,,,,No
LL-0406,Leighton Hall Classic Car & Bike Show,"A huge selection of classic vehicles, including classic cars, Land Rovers, motorcycles, vans, kit cars, custom, modern classics, trucks, 4x4s, military vehicles and commercials. Great British Motor Shows are delighted to be back at the beginning of July for what has proven to be a very popular show.",12/07/2026 09:00,12/07/2026 22:00,Europe/London,No,,,Motorcycle shows and events,"rgb(214, 33, 42)",,Leighton Hall,"Leighton Hall, Carnforth, Lancashire, LA5 9ST",,,,,,,,,Yes,More Info,,https://www.greatbritishmotorshows.com/,,,,,,No
LL-0407,Annual Scooter Gathering,"We invite you to the Scooters Ride-in here at the Museum. Scooters are invited to park in the Courtyard from 10am with overflow in the carpark. Any age, any make, any model – we look forward to welcoming you and seeing your machines! Owners Club and local dealers will be here supporting this event",12/07/2026 09:00,12/07/2026 22:00,Europe/London,No,,,Bike meets,"rgb(214, 33, 42)",,New Milton,"New Milton, Hants BH25 5SZ",,,,,,,,,Yes,More Info,,https://www.sammymiller.co.uk/,,,,,,No
LL-0408,Honda Bike Day,Bike meet at the world famous Ace Café - 09:00 start,12/07/2026 09:00,12/07/2026 22:00,Europe/London,No,,,Bike meets,"rgb(214, 33, 42)",,Ace Café,"Ace Café, Stonebridge, NW10 7UD",,,,,,,,,Yes,More Info,,https://london.acecafe.com/,,,,,,No
LL-0409,MSV General Track Day,"MSV Trackdays (MSVT) offers car and bike track day events to suit all levels of experience and ability at these brilliant circuits across the UK, all of which are owned or operated by MSV.",12/07/2026 09:00,12/07/2026 22:00,Europe/London,No,,,Bike track days,"rgb(214, 33, 42)",,Circuito de Navarra,Circuito de Navarra,,,,,,,,,Yes,More Info,,https://msvtrackdays.com/,,,,,,No
LL-0410,Bike Night at The Cross Keys - Pizza & Pop,"A new bike night at The Cross Keys in Upwood, Ramsey, Cambs, featuring Mooi Pizza and a soft drink for just £10. Plenty of parking and a friendly pub atmosphere make this the ideal Monday night ride out. All pizzas are cooked to order in a wood fired oven. Pre Order on 07355 397164 to avoid delays.",13/07/2026 09:00,13/07/2026 22:00,Europe/London,No,,,Bike meets,"rgb(214, 33, 42)",,The Cross Keys,"The Cross Keys, Upwood, Cambs",,,,,,,,,Yes,More Info,,https://mooipizza.co.uk/,,,,,,No
LL-0411,Poole Quay Bike Night,"Every Tuesday until the end of September - Music, local bars, food and retailers. 17:30 start, £3 entry.",14/07/2026 09:00,14/07/2026 22:00,Europe/London,No,,,Bike meets,"rgb(214, 33, 42)",,The Quay,"The Quay, Poole BH15 1HJ",,,,,,,,,Yes,More Info,,https://www.facebook.com/groups/11908800953,,,,,,No
LL-0412,Sugar Loaf Bike Night,Every Tuesday from 6pm. Themed nights - free soft drink with themed bikes. All bikes welcome.,14/07/2026 09:00,14/07/2026 22:00,Europe/London,No,,,Bike meets,"rgb(214, 33, 42)",,The Old Sugar Loaf,"The Old Sugar Loaf, 44 High St, Dunstable, LU6 1LA",,,,,,,,,Yes,More Info,,https://www.facebook.com/groups/1052463642347360/,,,,,,No
LL-0413,Motorcycle Track Training with James Whitham,"James Whitham motorcycle track training days at Anglesey, Croft, Cadwell and Mallory Park Circuits are rider focused with the emphasis on practical coaching, both on and off the track on the aspects of riding that you want to improve, alongside one-to-one tuition from James and his team of riders that are at the top of their game.",14/07/2026 09:00,14/07/2026 22:00,Europe/London,No,,,Bike track days,"rgb(214, 33, 42)",,Trac Môn Anglesey Circuit,"Trac Môn Anglesey Circuit, Anglesey",,,,,,,,,Yes,More Info,,https://www.jameswhitham.com/calendar-and-booking,,,,,,No
LL-0414,Motorcycle Track Training with James Whitham,"James Whitham motorcycle track training days at Anglesey, Croft, Cadwell and Mallory Park Circuits are rider focused with the emphasis on practical coaching, both on and off the track on the aspects of riding that you want to improve, alongside one-to-one tuition from James and his team of riders that are at the top of their game.",15/07/2026 09:00,15/07/2026 22:00,Europe/London,No,,,Bike track days,"rgb(214, 33, 42)",,Trac Môn Anglesey Circuit,"Trac Môn Anglesey Circuit, Anglesey",,,,,,,,,Yes,More Info,,https://www.jameswhitham.com/calendar-and-booking,,,,,,No
LL-0415,Bike Night at The White Swan,A welcoming bike night for all - every Tuesday. BBQ from 18:00 (weather permitting). Come and show off your pride and joy.,14/07/2026 09:00,14/07/2026 22:00,Europe/London,No,,,Bike meets,"rgb(214, 33, 42)",,The White Swan,"The White Swan, Conington, Cambs",,,,,,,,,Yes,More Info,,https://thewhiteswanconington.co.uk/comin-up/,,,,,,No
LL-0416,Gosport Motorbike Social,"A weekly Wednesday meet for like minded bikers from 6pm. Motorcycle ride outs, charity events, food and drinks - all welcome.",15/07/2026 09:00,15/07/2026 22:00,Europe/London,No,,,Bike meets,"rgb(214, 33, 42)",,The Rolling Scone Café,"The Rolling Scone Café, Gosport, Hants, PO13 9UB",,,,,,,,,Yes,More Info,,https://www.facebook.com/TheRollingSconesCafeGosport,,,,,,No
LL-0417,Wicked Wheelie Wednesdays,Come and show-off your bikes - 50cc to superbikes. Food available 17:00 - 20:00 - bar 15:00 - 22:00. Supporting a charity at every event.,15/07/2026 09:00,15/07/2026 22:00,Europe/London,No,,,Bike meets,"rgb(214, 33, 42)",,Hubbles @ Fendicks Fishery,"Hubbles @ Fendicks Fishery, Methwold Road, Whittington PE33 9GP",,,,,,,,,Yes,More Info,,https://www.fendicksfishery.com/,,,,,,No
LL-0418,Bike Night at The Hunters Inn,Meet up at The Hunters Inn - Freehouse pub with large car park and garden. Great biking roads in area and close to A32 and Loomies Café. Bike night - Thursdays from 18:00,16/07/2026 09:00,16/07/2026 22:00,Europe/London,No,,,Bike meets,"rgb(214, 33, 42)",,The Hunters Inn,"The Hunters Inn, Cott Street, Swanmore, Hants SO32 2PZ",,,,,,,,,Yes,More Info,,https://www.huntersinnpub.com/,,,,,,No
LL-0419,Bike Night at the Crown,Every Thursday from 6pm. Full menu available.,16/07/2026 09:00,16/07/2026 22:00,Europe/London,No,,,Bike meets,"rgb(214, 33, 42)",,The Crown,"The Crown, Main Road, Wormington, CO6 3AB",,,,,,,,,Yes,More Info,,https://www.facebook.com/crownwormingford/posts/bike-night-the-crown-wormingford-6pm-start-tomorrow-full-menu-is-on-our-website-/5102119659879933/,,,,,,No
LL-0420,John Bunyan Bike Night,"Great evening of New, Vintage, Custom, Sports and Classics - All welcome. Large carpark, great selection of foods and drinks",16/07/2026 09:00,16/07/2026 22:00,Europe/London,No,,,Bike meets,"rgb(214, 33, 42)",,John Bunyan Pub,"John Bunyan Pub, Coleman Green Ln, St Albans, AL4 8ES",,,,,,,,,Yes,More Info,,https://www.facebook.com/Johnbunyanpub.co.uk/?locale=en_GB,,,,,,No
LL-0421,"Super Moto + XJR OC, NABD, Scooters & MAG Monthly Meet","Bike meet at the world famous Ace Café, North Circular, London - 18:00 start",16/07/2026 09:00,16/07/2026 22:00,Europe/London,No,,,Bike meets,"rgb(214, 33, 42)",,Ace Café,"Ace Café, Stonebridge, NW10 7UD",,,,,,,,,Yes,More Info,,https://london.acecafe.com/,,,,,,No
LL-0422,Royston and District Motorcycle Show,"A great midweek evening out to come along on your bike and admire the 1000+ bikes that also come along for a chat with friends and raise a little money for the Air Ambulance, Blood Runners and alike organisations. Entrance £5 cash donation at the gate. 18:00 start.",17/07/2026 09:00,17/07/2026 22:00,Europe/London,No,,,Bike meets,"rgb(214, 33, 42)",,Eternit Sports and Social Club Grounds,"Eternit Sports and Social Club Grounds, Meldreth, Cambs, SG8 5RL",,,,,,,,,Yes,More Info,,https://www.facebook.com/roystonmotorcycleshow/,,,,,,No
LL-0423,FIM Enduro World Championship - R6,World Enduro Racing at its finest. Open championship is open to two and four-stroke machines of any engine capacity.,17/07/2026 09:00,17/07/2026 22:00,Europe/London,No,,,Race meets,"rgb(214, 33, 42)",,Saint-Agrève,"Saint-Agrève, France",,,,,,,,,Yes,More Info,,https://www.fim-live.com/,,,,,,No
LL-0424,FIM Enduro World Championship - R6,World Enduro Racing at its finest. Open championship is open to two and four-stroke machines of any engine capacity.,18/07/2026 09:00,18/07/2026 22:00,Europe/London,No,,,Race meets,"rgb(214, 33, 42)",,Saint-Agrève,"Saint-Agrève, France",,,,,,,,,Yes,More Info,,https://www.fim-live.com/,,,,,,No
LL-0425,FIM Enduro World Championship - R6,World Enduro Racing at its finest. Open championship is open to two and four-stroke machines of any engine capacity.,19/07/2026 09:00,19/07/2026 22:00,Europe/London,No,,,Race meets,"rgb(214, 33, 42)",,Saint-Agrève,"Saint-Agrève, France",,,,,,,,,Yes,More Info,,https://www.fim-live.com/,,,,,,No
LL-0426,Bike4Life Ride Out & Festival,"Midlands Air Ambulance Charity's Bike4Life Ride Out and Festival is one of the biggest biker events in the country, attracting over 12,000 bikers.",17/07/2026 09:00,17/07/2026 22:00,Europe/London,No,,,Motorcycle shows and events,"rgb(214, 33, 42)",,RAF Museum Cosford,"RAF Museum Cosford, Shrops, TF11 8UP",,,,,,,,,Yes,More Info,,https://www.bike4lifefest.com/,,,,,,No
LL-0427,British Superbike Championship - Round 5,"The biggest and best national Championship in the world. 3 days of racing with Superbikes, Supersports, Sportsbike and many support classes.",17/07/2026 09:00,17/07/2026 22:00,Europe/London,No,,,Race meets,"rgb(214, 33, 42)",,Brands Hatch,"Brands Hatch, Kent, DA3 8NG",,,,,,,,,Yes,More Info,,https://www.britishsuperbike.com/,,,,,,No
LL-0428,British Superbike Championship - Round 5,"The biggest and best national Championship in the world. 3 days of racing with Superbikes, Supersports, Sportsbike and many support classes.",18/07/2026 09:00,18/07/2026 22:00,Europe/London,No,,,Race meets,"rgb(214, 33, 42)",,Brands Hatch,"Brands Hatch, Kent, DA3 8NG",,,,,,,,,Yes,More Info,,https://www.britishsuperbike.com/,,,,,,No
LL-0429,British Superbike Championship - Round 5,"The biggest and best national Championship in the world. 3 days of racing with Superbikes, Supersports, Sportsbike and many support classes.",19/07/2026 09:00,19/07/2026 22:00,Europe/London,No,,,Race meets,"rgb(214, 33, 42)",,Brands Hatch,"Brands Hatch, Kent, DA3 8NG",,,,,,,,,Yes,More Info,,https://www.britishsuperbike.com/,,,,,,No
LL-0430,Bike Night + Rockers 'n' Classics Monthly Meet,"Bike meet at the world famous Ace Café, North Circular, London - 18:00 start",17/07/2026 09:00,17/07/2026 22:00,Europe/London,No,,,Bike meets,"rgb(214, 33, 42)",,Ace Café,"Ace Café, Stonebridge, NW10 7UD",,,,,,,,,Yes,More Info,,https://london.acecafe.com/,,,,,,No
LL-0431,Chimay Classics,450 race drivers and 500 exceptional motorbikes will join this iconic event,18/07/2026 09:00,18/07/2026 22:00,Europe/London,No,,,Race meets,"rgb(214, 33, 42)",,Chimay,"Chimay, Belgium",,,,,,,,,Yes,More Info,,https://www.walloniabelgiumtourism.co.uk/en-gb/content/classic-bikes-chimay,,,,,,No
LL-0432,Chimay Classics,450 race drivers and 500 exceptional motorbikes will join this iconic event,19/07/2026 09:00,19/07/2026 22:00,Europe/London,No,,,Race meets,"rgb(214, 33, 42)",,Chimay,"Chimay, Belgium",,,,,,,,,Yes,More Info,,https://www.walloniabelgiumtourism.co.uk/en-gb/content/classic-bikes-chimay,,,,,,No
LL-0433,Kempton Park Autojumble,"Kempton Jumble now accommodates at least 250 stalls for regular traders and is a very useful venue for enthusiasts having ""clear outs"".",18/07/2026 09:00,18/07/2026 22:00,Europe/London,No,,,Motorcycle shows and events,"rgb(214, 33, 42)",,Kempton Park,"Kempton Park, Middlesex, TW16 5AQ",,,,,,,,,Yes,More Info,,https://www.kemptonparkautojumble.co.uk/,,,,,,No
LL-0434,Club Championships - British Historic Racing,"The British Historic Racing Club has organised vintage races for almost 70 years, and full road-ace meetings for over 50 years. An integral part of the VMCC, BHRC’s foundations are based on those wonderful 1930s 40’s & 50’s race machines, both 2 and 3-wheels, which provide such incredible spectacle and insight into yesteryear for riders and spectators alike.",18/07/2026 09:00,18/07/2026 22:00,Europe/London,No,,,Race meets,"rgb(214, 33, 42)",,Darley Moor Sports Centre,"Darley Moor Sports Centre, Derbyshire DE6 2ET",,,,,,,,,Yes,More Info,,https://www.britishhistoricracing.co.uk/,,,,,,No
LL-0435,Club Championships - British Historic Racing,"The British Historic Racing Club has organised vintage races for almost 70 years, and full road-ace meetings for over 50 years. An integral part of the VMCC, BHRC’s foundations are based on those wonderful 1930s 40’s & 50’s race machines, both 2 and 3-wheels, which provide such incredible spectacle and insight into yesteryear for riders and spectators alike.",19/07/2026 09:00,19/07/2026 22:00,Europe/London,No,,,Race meets,"rgb(214, 33, 42)",,Darley Moor Sports Centre,"Darley Moor Sports Centre, Derbyshire DE6 2ET",,,,,,,,,Yes,More Info,,https://www.britishhistoricracing.co.uk/,,,,,,No
LL-0436,The Malle Mile Festival,"Join the greatest and most inappropriate motorcycle race & festival in the country. A celebration of the motorcycle culture in all its forms, with a non-stop programme of very inappropriate racing, world class music on the Mile stage, the Art of Machine show, photography, custom motorcycle installations, the Midnight Mile, motorcycle/automotive exhibitions, the Malle Scramble and amazing DJs, in the now legendary mile after-party.",17/07/2026 09:00,17/07/2026 22:00,Europe/London,No,,,Motorcycle shows and events,"rgb(214, 33, 42)",,Grimsthorpe Castle,"Grimsthorpe Castle, Bourne, Lincs PE10 0LY",,,,,,,,,Yes,More Info,,https://mallelondon.com/the-mile/,,,,,,No
LL-0437,The Malle Mile Festival,"Join the greatest and most inappropriate motorcycle race & festival in the country. A celebration of the motorcycle culture in all its forms, with a non-stop programme of very inappropriate racing, world class music on the Mile stage, the Art of Machine show, photography, custom motorcycle installations, the Midnight Mile, motorcycle/automotive exhibitions, the Malle Scramble and amazing DJs, in the now legendary mile after-party.",18/07/2026 09:00,18/07/2026 22:00,Europe/London,No,,,Motorcycle shows and events,"rgb(214, 33, 42)",,Grimsthorpe Castle,"Grimsthorpe Castle, Bourne, Lincs PE10 0LY",,,,,,,,,Yes,More Info,,https://mallelondon.com/the-mile/,,,,,,No
LL-0438,The Malle Mile Festival,"Join the greatest and most inappropriate motorcycle race & festival in the country. A celebration of the motorcycle culture in all its forms, with a non-stop programme of very inappropriate racing, world class music on the Mile stage, the Art of Machine show, photography, custom motorcycle installations, the Midnight Mile, motorcycle/automotive exhibitions, the Malle Scramble and amazing DJs, in the now legendary mile after-party.",19/07/2026 09:00,19/07/2026 22:00,Europe/London,No,,,Motorcycle shows and events,"rgb(214, 33, 42)",,Grimsthorpe Castle,"Grimsthorpe Castle, Bourne, Lincs PE10 0LY",,,,,,,,,Yes,More Info,,https://mallelondon.com/the-mile/,,,,,,No
LL-0439,Smokin' to Sammy's - Two Stroke Event,Why not join us for our annual Smokin’ to Sammy’s – Two Stroke Day here at the Museum? Strokers are invited to park in the Courtyard from 10am with fun spot prizes being awarded around 12.30. For those wishing to leave before that time please park in the carpark.,19/07/2026 09:00,19/07/2026 22:00,Europe/London,No,,,Bike meets,"rgb(214, 33, 42)",,New Milton,"New Milton, Hants BH25 5SZ",,,,,,,,,Yes,More Info,,https://www.sammymiller.co.uk/,,,,,,No
LL-0440,Chatsworth Signature Classic & Performance Show,"Classic Cars, Club Stands, Motorcycles, Performance cars, Light Commercials, Ex – Army and Classic 4×4’s. Trade stands, autojumble plus show arena on display on the Chatsworth Park grounds with a shuttle running to gain access to the historic Chatsworth House and Gardens.",19/07/2026 09:00,19/07/2026 22:00,Europe/London,No,,,Motorcycle shows and events,"rgb(214, 33, 42)",,Chatsworth House & Gardens,"Chatsworth House & Gardens, Derbyshire, DE45",,,,,,,,,Yes,More Info,,https://www.greatbritishmotorshows.com/,,,,,,No
LL-0441,Cheshire Classic Car & Motorcycle Show,"Classic Shows events offer a fantastic day out for all of the family and not just car and bike enthusiasts! The events are held at some of the finest country homes in the UK and provide an impressive backdrop to a display of rare and interesting classic vehicles. Many venues allow tours of the country house, grounds and / or also include children’s play facilities in addition to unique shops, food offerings and the retail of local produce.",19/07/2026 09:00,19/07/2026 22:00,Europe/London,No,,,Motorcycle shows and events,"rgb(214, 33, 42)",,Capesthorne Hall,"Capesthorne Hall, Macclesfield, Cheshire, SK11 9JY",,,,,,,,,Yes,More Info,,https://www.classicshows.org/,,,,,,No
LL-0442,FIM MX GP of Great Britain - Motocross World Championship,"The premier championship of motocross racing, plus support events.",19/07/2026 09:00,19/07/2026 22:00,Europe/London,No,,,Race meets,"rgb(214, 33, 42)",,Foxhill,"Foxhill, Swindon SN4 0DR",,,,,,,,,Yes,More Info,,https://www.mxgp.com/,,,,,,No
LL-0443,70's Bike Day,Bike meet at the world famous Ace Café - 09:00 start,19/07/2026 09:00,19/07/2026 22:00,Europe/London,No,,,Bike meets,"rgb(214, 33, 42)",,Ace Café,"Ace Café, Stonebridge, NW10 7UD",,,,,,,,,Yes,More Info,,https://london.acecafe.com/,,,,,,No
LL-0444,Bike Night at The Cross Keys - Pizza & Pop,"A new bike night at The Cross Keys in Upwood, Ramsey, Cambs, featuring Mooi Pizza and a soft drink for just £10. Plenty of parking and a friendly pub atmosphere make this the ideal Monday night ride out. All pizzas are cooked to order in a wood fired oven. Pre Order on 07355 397164 to avoid delays.",20/07/2026 09:00,20/07/2026 22:00,Europe/London,No,,,Bike meets,"rgb(214, 33, 42)",,The Cross Keys,"The Cross Keys, Upwood, Cambs",,,,,,,,,Yes,More Info,,https://mooipizza.co.uk/,,,,,,No
LL-0445,Poole Quay Bike Night,"Every Tuesday until the end of September - Music, local bars, food and retailers. 17:30 start, £3 entry.",21/07/2026 09:00,21/07/2026 22:00,Europe/London,No,,,Bike meets,"rgb(214, 33, 42)",,The Quay,"The Quay, Poole BH15 1HJ",,,,,,,,,Yes,More Info,,https://www.facebook.com/groups/11908800953,,,,,,No
LL-0446,Sugar Loaf Bike Night,Every Tuesday from 6pm. Themed nights - free soft drink with themed bikes. All bikes welcome.,21/07/2026 09:00,21/07/2026 22:00,Europe/London,No,,,Bike meets,"rgb(214, 33, 42)",,The Old Sugar Loaf,"The Old Sugar Loaf, 44 High St, Dunstable, LU6 1LA",,,,,,,,,Yes,More Info,,https://www.facebook.com/groups/1052463642347360/,,,,,,No
LL-0447,Bike Night at The White Swan,A welcoming bike night for all - every Tuesday. BBQ from 18:00 (weather permitting). Come and show off your pride and joy.,21/07/2026 09:00,21/07/2026 22:00,Europe/London,No,,,Bike meets,"rgb(214, 33, 42)",,The White Swan,"The White Swan, Conington, Cambs",,,,,,,,,Yes,More Info,,https://thewhiteswanconington.co.uk/comin-up/,,,,,,No
LL-0448,Gosport Motorbike Social,"A weekly Wednesday meet for like minded bikers from 6pm. Motorcycle ride outs, charity events, food and drinks - all welcome.",22/07/2026 09:00,22/07/2026 22:00,Europe/London,No,,,Bike meets,"rgb(214, 33, 42)",,The Rolling Scone Café,"The Rolling Scone Café, Gosport, Hants, PO13 9UB",,,,,,,,,Yes,More Info,,https://www.facebook.com/TheRollingSconesCafeGosport,,,,,,No
LL-0449,The Chequered Flag Cafe Bike Night,"A monthly Wednesday night meet at the Chequered Flag Cafe. Full menu available of great hot foods and drinks. Extra drinks stall outside to save queuing Stalls, ice-cream and live music. All welcome!",22/07/2026 09:00,22/07/2026 22:00,Europe/London,No,,,Bike meets,"rgb(214, 33, 42)",,Darley Moor,"Darley Moor, Ashbourne, DE6 2ET",,,,,,,,,Yes,More Info,,https://www.facebook.com/profile.php?id=61572162905976&sk=events,,,,,,No
LL-0450,Wicked Wheelie Wednesdays,Come and show-off your bikes - 50cc to superbikes. Food available 17:00 - 20:00 - bar 15:00 - 22:00. Supporting a charity at every event.,22/07/2026 09:00,22/07/2026 22:00,Europe/London,No,,,Bike meets,"rgb(214, 33, 42)",,Hubbles @ Fendicks Fishery,"Hubbles @ Fendicks Fishery, Methwold Road, Whittington PE33 9GP",,,,,,,,,Yes,More Info,,https://www.fendicksfishery.com/,,,,,,No
LL-0451,Bike Night at The Hunters Inn,Meet up at The Hunters Inn - Freehouse pub with large car park and garden. Great biking roads in area and close to A32 and Loomies Café. Bike night - Thursdays from 18:00,23/07/2026 09:00,23/07/2026 22:00,Europe/London,No,,,Bike meets,"rgb(214, 33, 42)",,The Hunters Inn,"The Hunters Inn, Cott Street, Swanmore, Hants SO32 2PZ",,,,,,,,,Yes,More Info,,https://www.huntersinnpub.com/,,,,,,No
LL-0452,Bike Night at the Crown,Every Thursday from 6pm. Full menu available.,23/07/2026 09:00,23/07/2026 22:00,Europe/London,No,,,Bike meets,"rgb(214, 33, 42)",,The Crown,"The Crown, Main Road, Wormington, CO6 3AB",,,,,,,,,Yes,More Info,,https://www.facebook.com/crownwormingford/posts/bike-night-the-crown-wormingford-6pm-start-tomorrow-full-menu-is-on-our-website-/5102119659879933/,,,,,,No
LL-0453,Armoy Road Races,The Race of Legends,24/07/2026 09:00,24/07/2026 22:00,Europe/London,No,,,Race meets,"rgb(214, 33, 42)",,Armoy,"Armoy, County Antrim, BT53 8RQ",,,,,,,,,Yes,More Info,,https://www.amrrc.com/,,,,,,No
LL-0454,Armoy Road Races,The Race of Legends,25/07/2026 09:00,25/07/2026 22:00,Europe/London,No,,,Race meets,"rgb(214, 33, 42)",,Armoy,"Armoy, County Antrim, BT53 8RQ",,,,,,,,,Yes,More Info,,https://www.amrrc.com/,,,,,,No
LL-0455,BugJam,"The legendary VW festival, with a vibrant and fun atmosphere, brings to life the very essence of VW culture. Including VW Drag Racing, Show n Shine and an intoxicating mix of music*, comedy, nightlife, fun fair, massive trade village and more",24/07/2026 09:00,24/07/2026 22:00,Europe/London,No,,,Motorcycle shows and events,"rgb(214, 33, 42)",,Santapod Raceway,"Santapod Raceway, Beds, NN29 7XA",,,,,,,,,Yes,More Info,,https://www.santapod.co.uk/,,,,,,No
LL-0456,BugJam,"The legendary VW festival, with a vibrant and fun atmosphere, brings to life the very essence of VW culture. Including VW Drag Racing, Show n Shine and an intoxicating mix of music*, comedy, nightlife, fun fair, massive trade village and more",25/07/2026 09:00,25/07/2026 22:00,Europe/London,No,,,Motorcycle shows and events,"rgb(214, 33, 42)",,Santapod Raceway,"Santapod Raceway, Beds, NN29 7XA",,,,,,,,,Yes,More Info,,https://www.santapod.co.uk/,,,,,,No
LL-0457,BugJam,"The legendary VW festival, with a vibrant and fun atmosphere, brings to life the very essence of VW culture. Including VW Drag Racing, Show n Shine and an intoxicating mix of music*, comedy, nightlife, fun fair, massive trade village and more",26/07/2026 09:00,26/07/2026 22:00,Europe/London,No,,,Motorcycle shows and events,"rgb(214, 33, 42)",,Santapod Raceway,"Santapod Raceway, Beds, NN29 7XA",,,,,,,,,Yes,More Info,,https://www.santapod.co.uk/,,,,,,No
LL-0458,Shudy Camps Bike Meet,Real Ale Bar & Live Music - Camping and Food Stalls - Between Haverhill and Saffron Walden. W3W - TIMED.ONLINE.PARTING,24/07/2026 09:00,24/07/2026 22:00,Europe/London,No,,,Bike meets,"rgb(214, 33, 42)",,Shudy Camps,"Shudy Camps, Cambs CB21 4QZ",,,,,,,,,Yes,More Info,,https://www.facebook.com/profile.php?id=100027975176044&locale=en_GB,,,,,,No
LL-0459,Squires Café Autojumble,"Squires Cafe is an ideal venue for all event requirements, boasting large outdoor capacity plus large well equipped indoor facilities making Squires a truly all year-round venue. Monthly autojumble. Pitches are £5 each for sellers",25/07/2026 09:00,25/07/2026 22:00,Europe/London,No,,,Motorcycle shows and events,"rgb(214, 33, 42)",,South Milford,"South Milford, Leeds, LS25 5LX",,,,,,,,,Yes,More Info,,https://www.squires-cafe.co.uk/,,,,,,No
LL-0460,British MotorCycle Racing Club (Bemsee) - MRO Championship,Club racing at its finest.,25/07/2026 09:00,25/07/2026 22:00,Europe/London,No,,,Race meets,"rgb(214, 33, 42)",,Donington Park,"Donington Park, Derby, DE74 2RP",,,,,,,,,Yes,More Info,,https://www.bemsee.net/,,,,,,No
LL-0461,British MotorCycle Racing Club (Bemsee) - MRO Championship,Club racing at its finest.,26/07/2026 09:00,26/07/2026 22:00,Europe/London,No,,,Race meets,"rgb(214, 33, 42)",,Donington Park,"Donington Park, Derby, DE74 2RP",,,,,,,,,Yes,More Info,,https://www.bemsee.net/,,,,,,No
LL-0462,International Road Racing Championship - R4,"Formerly the 3 Nations Cup, the European Road Racing Series",25/07/2026 09:00,25/07/2026 22:00,Europe/London,No,,,Race meets,"rgb(214, 33, 42)",,Chimay,"Chimay, Belgium",,,,,,,,,Yes,More Info,,https://www.irrc.eu/,,,,,,No
LL-0463,International Road Racing Championship - R4,"Formerly the 3 Nations Cup, the European Road Racing Series",26/07/2026 09:00,26/07/2026 22:00,Europe/London,No,,,Race meets,"rgb(214, 33, 42)",,Chimay,"Chimay, Belgium",,,,,,,,,Yes,More Info,,https://www.irrc.eu/,,,,,,No
LL-0464,North Wales Classic Car & Motorcycle Show,"Classic Shows events offer a fantastic day out for all of the family and not just car and bike enthusiasts! The events are held at some of the finest country homes in the UK and provide an impressive backdrop to a display of rare and interesting classic vehicles. Many venues allow tours of the country house, grounds and / or also include children’s play facilities in addition to unique shops, food offerings and the retail of local produce.",26/07/2026 09:00,26/07/2026 22:00,Europe/London,No,,,Motorcycle shows and events,"rgb(214, 33, 42)",,Bodrhyddan Hall,"Bodrhyddan Hall, Clwyd LL18 5SB",,,,,,,,,Yes,More Info,,https://www.classicshows.org/,,,,,,No
LL-0465,Classic & Performance Motor Show at Hoghton,"Great British Motor Shows are back near Preston to take over the beautiful setting of Hoghton Tower with a Classic & Performance Motor Show in front of the house and in the main show field, packed with stunning exhibiting cars, bikes and 4×4’s.",26/07/2026 09:00,26/07/2026 22:00,Europe/London,No,,,Motorcycle shows and events,"rgb(214, 33, 42)",,Hoghton Tower,"Hoghton Tower, Nr Preston, PR5 0SH",,,,,,,,,Yes,More Info,,https://www.greatbritishmotorshows.com/,,,,,,No
LL-0466,Ardingly Classic Bike Show & Bikejumble,"A must for all classic motorcycle enthusiasts, starring a pair of ex-Barry Sheene race bikes.",26/07/2026 09:00,26/07/2026 22:00,Europe/London,No,,,Motorcycle shows and events,"rgb(214, 33, 42)",,Ardingly,"Ardingly, West Sussex, RH17 6TL",,,,,,,,,Yes,More Info,,https://www.elkpromotions.co.uk/,,,,,,No
LL-0467,FIM MX GP of Czech Republic - Motocross World Championship,"The premier championship of motocross racing, plus support events.",26/07/2026 09:00,26/07/2026 22:00,Europe/London,No,,,Race meets,"rgb(214, 33, 42)",,Loket,"Loket, Czechia",,,,,,,,,Yes,More Info,,https://www.mxgp.com/,,,,,,No
LL-0468,Honda Owners Classic Bike Show,The Honda Owner’s Club invite you to join them for their Classic Bike Day here at the museum.Free Entry to show your bike. Special Guests are Alan Millyard and friends.All Hondas are welcome with awards for various categories. Concourse judging starts at 11.30am No exit before 2.30pm due to prize giving.,26/07/2026 09:00,26/07/2026 22:00,Europe/London,No,,,Bike meets,"rgb(214, 33, 42)",,New Milton,"New Milton, Hants BH25 5SZ",,,,,,,,,Yes,More Info,,https://www.sammymiller.co.uk/,,,,,,No
LL-0469,The Fossils Motorcycle Charity Bike Run,Join us for the running of this popular fund-raising event in aid of Hampshire & Isle of Wight Air Ambulance and Serv Wessex The Blood Bikes - 09:30 sign on,26/07/2026 09:00,26/07/2026 22:00,Europe/London,No,,,Motorcycle ride outs,"rgb(214, 33, 42)",,Ace Café,"Ace Café, Stonebridge, NW10 7UD",,,,,,,,,Yes,More Info,,https://london.acecafe.com/,,,,,,No
LL-0470,Indian Bike Day,Bike meet at the world famous Ace Café - 09:00 start,26/07/2026 09:00,26/07/2026 22:00,Europe/London,No,,,Bike meets,"rgb(214, 33, 42)",,Triumph Visitor Experience,Triumph Visitor Experience,,,,,,,,,Yes,More Info,,https://www.triumphmotorcycles.co.uk/for-the-ride/experiences/factory-visitor-experience/events,,,,,,No
LL-0471,Coleshill Auto Breakfast Meet,"Join the Coleshill Auto Breakfast meet at the Triumph Visitor Experience for their monthly meet. The Club are active fund raisers for the Warks and Solihull Blood Bikers, so call in and enjoy some of the most incredible vehicles on display.",26/07/2026 09:00,26/07/2026 22:00,Europe/London,No,,,Bike meets,"rgb(214, 33, 42)",,The Cross Keys,"The Cross Keys, Upwood, Cambs",,,,,,,,,Yes,More Info,,https://mooipizza.co.uk/,,,,,,No
LL-0472,Bike Night at The Cross Keys - Pizza & Pop,"A new bike night at The Cross Keys in Upwood, Ramsey, Cambs, featuring Mooi Pizza and a soft drink for just £10. Plenty of parking and a friendly pub atmosphere make this the ideal Monday night ride out. All pizzas are cooked to order in a wood fired oven. Pre Order on 07355 397164 to avoid delays.",27/07/2026 09:00,27/07/2026 22:00,Europe/London,No,,,Bike meets,"rgb(214, 33, 42)",,The Quay,"The Quay, Poole BH15 1HJ",,,,,,,,,Yes,More Info,,https://www.facebook.com/groups/11908800953,,,,,,No
LL-0473,Poole Quay Bike Night,"Every Tuesday until the end of September - Music, local bars, food and retailers. 17:30 start, £3 entry.",28/07/2026 09:00,28/07/2026 22:00,Europe/London,No,,,Bike meets,"rgb(214, 33, 42)",,The Old Sugar Loaf,"The Old Sugar Loaf, 44 High St, Dunstable, LU6 1LA",,,,,,,,,Yes,More Info,,https://www.facebook.com/groups/1052463642347360/,,,,,,No
LL-0474,Sugar Loaf Bike Night,Every Tuesday from 6pm. Themed nights - free soft drink with themed bikes. All bikes welcome.,28/07/2026 09:00,28/07/2026 22:00,Europe/London,No,,,Bike meets,"rgb(214, 33, 42)",,The White Swan,"The White Swan, Conington, Cambs",,,,,,,,,Yes,More Info,,https://thewhiteswanconington.co.uk/comin-up/,,,,,,No
LL-0475,Bike Night at The White Swan,A welcoming bike night for all - every Tuesday. BBQ from 18:00 (weather permitting). Come and show off your pride and joy.,28/07/2026 09:00,28/07/2026 22:00,Europe/London,No,,,Bike meets,"rgb(214, 33, 42)",,The Rolling Scone Café,"The Rolling Scone Café, Gosport, Hants, PO13 9UB",,,,,,,,,Yes,More Info,,https://www.facebook.com/TheRollingSconesCafeGosport,,,,,,No
LL-0476,Gosport Motorbike Social,"A weekly Wednesday meet for like minded bikers from 6pm. Motorcycle ride outs, charity events, food and drinks - all welcome.",29/07/2026 09:00,29/07/2026 22:00,Europe/London,No,,,Bike meets,"rgb(214, 33, 42)",,Mallory Park,"Mallory Park, Leics, LE9 7QE",,,,,,,,,Yes,More Info,,https://www.jameswhitham.com/calendar-and-booking,,,,,,No
LL-0477,Motorcycle Track Training with James Whitham (98db),"James Whitham motorcycle track training days at Anglesey, Croft, Cadwell and Mallory Park Circuits are rider focused with the emphasis on practical coaching, both on and off the track on the aspects of riding that you want to improve, alongside one-to-one tuition from James and his team of riders that are at the top of their game.",29/07/2026 09:00,29/07/2026 22:00,Europe/London,No,,,Bike track days,"rgb(214, 33, 42)",,Oulton Park,"Oulton Park, Little Budworth, Tarporley CW6 9BW",,,,,,,,,Yes,More Info,,https://www.superbikeschool.co.uk/,,,,,,No
LL-0478,California Superbike School Training Day,"The California Superbike School was founded by world-famous motorcycle coach Keith Code in 1980. Code has authored numerous books including the seminal motorcycle skills text “Twist of the Wrist”. The UK school teaches four levels of skills and is suitable for novice riders, riders who have never been on a track before, and pro-racers alike. Riders use their own motorcycles or new Kawasaki UK supplied motorcycles can also be hired. A full A or ACU license is required",29/07/2026 09:00,29/07/2026 22:00,Europe/London,No,,,Bike track days,"rgb(214, 33, 42)",,Hubbles @ Fendicks Fishery,"Hubbles @ Fendicks Fishery, Methwold Road, Whittington PE33 9GP",,,,,,,,,Yes,More Info,,https://www.fendicksfishery.com/,,,,,,No
LL-0479,Wicked Wheelie Wednesdays,Come and show-off your bikes - 50cc to superbikes. Food available 17:00 - 20:00 - bar 15:00 - 22:00. Supporting a charity at every event.,29/07/2026 09:00,29/07/2026 22:00,Europe/London,No,,,Bike meets,"rgb(214, 33, 42)",,Mallory Park,"Mallory Park, Leics, LE9 7QE",,,,,,,,,Yes,More Info,,https://www.jameswhitham.com/calendar-and-booking,,,,,,No
LL-0480,Superpole PillionXperience with James Whitham,"James Whitham motorcycle track training days at Anglesey, Croft, Cadwell and Mallory Park Circuits are rider focused with the emphasis on practical coaching, both on and off the track on the aspects of riding that you want to improve, alongside one-to-one tuition from James and his team of riders that are at the top of their game.",29/07/2026 09:00,29/07/2026 22:00,Europe/London,No,,,Bike track days,"rgb(214, 33, 42)",,Mallory Park,"Mallory Park, Leics, LE9 7QE",,,,,,,,,Yes,More Info,,https://www.jameswhitham.com/calendar-and-booking,,,,,,No
LL-0481,Bike Night at the Crown,Every Thursday from 6pm. Full menu available.,30/07/2026 09:00,30/07/2026 22:00,Europe/London,No,,,Bike meets,"rgb(214, 33, 42)",,The Crown,"The Crown, Main Road, Wormington, CO6 3AB",,,,,,,,,Yes,More Info,,https://www.facebook.com/crownwormingford/posts/bike-night-the-crown-wormingford-6pm-start-tomorrow-full-menu-is-on-our-website-/5102119659879933/,,,,,,No
LL-0482,John Bunyan Bike Night,"Great evening of New, Vintage, Custom, Sports and Classics - All welcome. Large carpark, great selection of foods and drinks",30/07/2026 09:00,30/07/2026 22:00,Europe/London,No,,,Bike meets,"rgb(214, 33, 42)",,John Bunyan Pub,"John Bunyan Pub, Coleman Green Ln, St Albans, AL4 8ES",,,,,,,,,Yes,More Info,,https://www.facebook.com/Johnbunyanpub.co.uk/?locale=en_GB,,,,,,No
LL-0483,Wheels Motorcycles Bike Night,"Join like minded bikers for a catch up, grab a burger from Bowsers Burgers and browse the latest stock and accessories. Showrooms are open until 21:00. Last Thursday of the month (May-Sept)",30/07/2026 09:00,30/07/2026 22:00,Europe/London,No,,,Bike meets,"rgb(214, 33, 42)",,Wheels Motorcycles,"Wheels Motorcycles, Peterborough",,,,,,,,,Yes,More Info,,https://www.wheelsmotorcycles.co.uk/,,,,,,No
LL-0484,Bike Night at The Hunters Inn,Meet up at The Hunters Inn - Freehouse pub with large car park and garden. Great biking roads in area and close to A32 and Loomies Café. Bike night - Thursdays from 18:00,30/07/2026 09:00,30/07/2026 22:00,Europe/London,No,,,Bike meets,"rgb(214, 33, 42)",,The Hunters Inn,"The Hunters Inn, Cott Street, Swanmore, Hants SO32 2PZ",,,,,,,,,Yes,More Info,,https://www.huntersinnpub.com/,,,,,,No
LL-0485,Harley Night Monthly Meet,"Bike meet at the world famous Ace Café, North Circular, London - 18:00 start",30/07/2026 09:00,30/07/2026 22:00,Europe/London,No,,,Bike meets,"rgb(214, 33, 42)",,Ace Café,"Ace Café, Stonebridge, NW10 7UD",,,,,,,,,Yes,More Info,,https://london.acecafe.com/,,,,,,No
LL-0486,Ultimate Street Car,"The largest, loudest, hottest and fastest modified car festival in Europe featuring RWYB, Show & Shine, club camping, live stage, top-flight evening entertainment*, stunt displays, huge trade village and more.",31/07/2026 09:00,31/07/2026 22:00,Europe/London,No,,,Motorcycle shows and events,"rgb(214, 33, 42)",,Santapod Raceway,"Santapod Raceway, Beds, NN29 7XA",,,,,,,,,Yes,More Info,,https://www.santapod.co.uk/,,,,,,No
LL-0487,Ultimate Street Car,"The largest, loudest, hottest and fastest modified car festival in Europe featuring RWYB, Show & Shine, club camping, live stage, top-flight evening entertainment*, stunt displays, huge trade village and more.",01/08/2026 09:00,01/08/2026 22:00,Europe/London,No,,,Motorcycle shows and events,"rgb(214, 33, 42)",,Santapod Raceway,"Santapod Raceway, Beds, NN29 7XA",,,,,,,,,Yes,More Info,,https://www.santapod.co.uk/,,,,,,No
LL-0488,Ultimate Street Car,"The largest, loudest, hottest and fastest modified car festival in Europe featuring RWYB, Show & Shine, club camping, live stage, top-flight evening entertainment*, stunt displays, huge trade village and more.",02/08/2026 09:00,02/08/2026 22:00,Europe/London,No,,,Motorcycle shows and events,"rgb(214, 33, 42)",,Santapod Raceway,"Santapod Raceway, Beds, NN29 7XA",,,,,,,,,Yes,More Info,,https://www.santapod.co.uk/,,,,,,No
LL-0489,Yorkshire Pudding Rally,"Chilled out atmosphere, fantastic band line up, real ale marquee",31/07/2026 09:00,31/07/2026 22:00,Europe/London,No,,,Motorcycle shows and events,"rgb(214, 33, 42)",,Escrick Park,"Escrick Park, York YO19 6LB",,,,,,,,,Yes,More Info,,https://www.mapevents.co.uk/,,,,,,No
LL-0490,Yorkshire Pudding Rally,"Chilled out atmosphere, fantastic band line up, real ale marquee",01/08/2026 09:00,01/08/2026 22:00,Europe/London,No,,,Motorcycle shows and events,"rgb(214, 33, 42)",,Escrick Park,"Escrick Park, York YO19 6LB",,,,,,,,,Yes,More Info,,https://www.mapevents.co.uk/,,,,,,No
LL-0491,Yorkshire Pudding Rally,"Chilled out atmosphere, fantastic band line up, real ale marquee",02/08/2026 09:00,02/08/2026 22:00,Europe/London,No,,,Motorcycle shows and events,"rgb(214, 33, 42)",,Escrick Park,"Escrick Park, York YO19 6LB",,,,,,,,,Yes,More Info,,https://www.mapevents.co.uk/,,,,,,No
LL-0492,British Superbike Championship - Round 6,"The biggest and best national Championship in the world. 3 days of racing with Superbikes, Supersports, Sportsbike and many support classes.",31/07/2026 09:00,31/07/2026 22:00,Europe/London,No,,,Race meets,"rgb(214, 33, 42)",,Oulton Park,"Oulton Park, Cheshire, CW6 9BW",,,,,,,,,Yes,More Info,,https://www.britishsuperbike.com/,,,,,,No
LL-0493,British Superbike Championship - Round 6,"The biggest and best national Championship in the world. 3 days of racing with Superbikes, Supersports, Sportsbike and many support classes.",01/08/2026 09:00,01/08/2026 22:00,Europe/London,No,,,Race meets,"rgb(214, 33, 42)",,Oulton Park,"Oulton Park, Cheshire, CW6 9BW",,,,,,,,,Yes,More Info,,https://www.britishsuperbike.com/,,,,,,No
LL-0494,British Superbike Championship - Round 6,"The biggest and best national Championship in the world. 3 days of racing with Superbikes, Supersports, Sportsbike and many support classes.",02/08/2026 09:00,02/08/2026 22:00,Europe/London,No,,,Race meets,"rgb(214, 33, 42)",,Oulton Park,"Oulton Park, Cheshire, CW6 9BW",,,,,,,,,Yes,More Info,,https://www.britishsuperbike.com/,,,,,,No
LL-0495,Darley Moor Trackday,"3 classes - Newcomers, Inters and Advanced with full or half days available. Qualified instructor available to offer tuition.",31/07/2026 09:00,31/07/2026 22:00,Europe/London,No,,,Bike track days,"rgb(214, 33, 42)",,Darley Moor Sports Centre,"Darley Moor Sports Centre, Derbyshire DE6 2ET",,,,,,,,,Yes,More Info,,https://www.darleymoor.co.uk/,,,,,,No
LL-0496,Bike Night + Performance & Fast Bikes Monthly Meet,"Bike meet at the world famous Ace Café, North Circular, London - 18:00 start",31/07/2026 09:00,31/07/2026 22:00,Europe/London,No,,,Bike meets,"rgb(214, 33, 42)",,Ace Café,"Ace Café, Stonebridge, NW10 7UD",,,,,,,,,Yes,More Info,,https://london.acecafe.com/,,,,,,No
LL-0497,Speedway Grand Prix - Round 7 - GP of Poland - Łódź,Sideways action from the FIM World series,01/08/2026 09:00,01/08/2026 22:00,Europe/London,No,,,Race meets,"rgb(214, 33, 42)",,Łódź,"Łódź, Poland",,,,,,,,,Yes,More Info,,https://www.fimspeedway.com/,,,,,,No
LL-0498,Father's Day Motorfest,"An intoxicating mix of cars, bikes, trucks and all things motoring come together over two superb days for the Festival of Wheels.",01/08/2026 09:00,01/08/2026 22:00,Europe/London,No,,,Motorcycle shows and events,"rgb(214, 33, 42)",,Trinity Park,"Trinity Park, Ipswich, IP3 8UH",,,,,,,,,Yes,More Info,,https://www.motorshowevents.com/,,,,,,No
LL-0499,Father's Day Motorfest,"An intoxicating mix of cars, bikes, trucks and all things motoring come together over two superb days for the Festival of Wheels.",02/08/2026 09:00,02/08/2026 22:00,Europe/London,No,,,Motorcycle shows and events,"rgb(214, 33, 42)",,Trinity Park,"Trinity Park, Ipswich, IP3 8UH",,,,,,,,,Yes,More Info,,https://www.motorshowevents.com/,,,,,,No
LL-0500,Aberdare Park Road Races,"Set in a beautiful Victorian Parkland, the best in high speed modern and classic bikes",01/08/2026 09:00,01/08/2026 22:00,Europe/London,No,,,Race meets,"rgb(214, 33, 42)",,Aberdare,"Aberdare, South Wales, CF44 8LU",,,,,,,,,Yes,More Info,,https://www.aberdare-park-road-races.co.uk/,,,,,,No
LL-0501,Aberdare Park Road Races,"Set in a beautiful Victorian Parkland, the best in high speed modern and classic bikes",02/08/2026 09:00,02/08/2026 22:00,Europe/London,No,,,Race meets,"rgb(214, 33, 42)",,Aberdare,"Aberdare, South Wales, CF44 8LU",,,,,,,,,Yes,More Info,,https://www.aberdare-park-road-races.co.uk/,,,,,,No
LL-0502,Festival of Wheels,"An intoxicating mix of cars, bikes, trucks and all things motoring come together over two superb days for the Festival of Wheels.",01/08/2026 09:00,01/08/2026 22:00,Europe/London,No,,,Motorcycle shows and events,"rgb(214, 33, 42)",,Trinity Park,"Trinity Park, Ipswich IP3 8UH",,,,,,,,,Yes,More Info,,https://www.motorshowevents.com/,,,,,,No
LL-0503,Festival of Wheels,"An intoxicating mix of cars, bikes, trucks and all things motoring come together over two superb days for the Festival of Wheels.",02/08/2026 09:00,02/08/2026 22:00,Europe/London,No,,,Motorcycle shows and events,"rgb(214, 33, 42)",,Trinity Park,"Trinity Park, Ipswich IP3 8UH",,,,,,,,,Yes,More Info,,https://www.motorshowevents.com/,,,,,,No
LL-0504,The Lakeland Historic Car & Bike Club,"The Lakeland Historic Car Club meets on the first Saturday of every month at the museum and Cafe Ambio. Everyone is welcome to attend whether you're an owner, enthusiast or just keen to see some great examples of some classic local cars and bikes. The club roughly arrives at the museum around 10am and leaves after lunch (around 12.30pm).",01/08/2026 09:00,01/08/2026 22:00,Europe/London,No,,,Motorcycle shows and events,"rgb(214, 33, 42)",,Lakeland Motor Museum,"Lakeland Motor Museum, Backbarrow, nr. Ulverston, Cumbria LA12 8TA",,,,,,,,,Yes,More Info,,https://www.lakelandmotormuseum.co.uk/,,,,,,No
LL-0505,Rufforth Autojumble,"A total of 350 pitches with up to 3000 buyers attending. On site facilities include a 5 star cafe, disabled parking and new large toilet facilities. Dogs welcome, but must be kept on lead at all times.",01/08/2026 09:00,01/08/2026 22:00,Europe/London,No,,,Motorcycle shows and events,"rgb(214, 33, 42)",,Rufforth Park,"Rufforth Park, Yorks, YO23 3QH",,,,,,,,,Yes,More Info,,https://www.rufforthautojumble.com/,,,,,,No
LL-0506,Club Championships - Classic RMC R5,"The Classic Racing Motorcycle Club (also known as the CRMC) is one of the largest and most respected racing motorcycle clubs dedicated to the preservation and use of post-war racing and sports machines. Close racing, full grids, plus parades and friendly race paddocks at the best racing circuits throughout the UK - CRMC race weekends offer riders, officials and spectators a memorable taste of racing from the past.",01/08/2026 09:00,01/08/2026 22:00,Europe/London,No,,,Race meets,"rgb(214, 33, 42)",,Donington Park,"Donington Park, Castle Donington, Derby DE74 2RP",,,,,,,,,Yes,More Info,,https://www.crmc.co.uk/,,,,,,No
LL-0507,Club Championships - Classic RMC R5,"The Classic Racing Motorcycle Club (also known as the CRMC) is one of the largest and most respected racing motorcycle clubs dedicated to the preservation and use of post-war racing and sports machines. Close racing, full grids, plus parades and friendly race paddocks at the best racing circuits throughout the UK - CRMC race weekends offer riders, officials and spectators a memorable taste of racing from the past.",02/08/2026 09:00,02/08/2026 22:00,Europe/London,No,,,Race meets,"rgb(214, 33, 42)",,Donington Park,"Donington Park, Castle Donington, Derby DE74 2RP",,,,,,,,,Yes,More Info,,https://www.crmc.co.uk/,,,,,,No
LL-0508,Triumph Owners Meet,Triumph Day at the Sammy Miller Motorcycle Museum in conjunction with the Triumph Owners MCC. Sunday 3rd August from 10am to 3pm Triumph Owners Club MCC and Destination Triumph will be on site with New Model Triumphs Fun Prizes to be awarded at 12.30pm. First arrivals to park in the Courtyard followed by the Carpark,02/08/2026 09:00,02/08/2026 22:00,Europe/London,No,,,Bike meets,"rgb(214, 33, 42)",,New Milton,"New Milton, Hants BH25 5SZ",,,,,,,,,Yes,More Info,,https://www.sammymiller.co.uk/,,,,,,No
LL-0509,South Yorkshire Classic Car and Motor Show,"Classic Shows events offer a fantastic day out for all of the family and not just car and bike enthusiasts! The events are held at some of the finest country homes in the UK and provide an impressive backdrop to a display of rare and interesting classic vehicles. Many venues allow tours of the country house, grounds and / or also include children’s play facilities in addition to unique shops, food offerings and the retail of local produce.",02/08/2026 09:00,02/08/2026 22:00,Europe/London,No,,,Motorcycle shows and events,"rgb(214, 33, 42)",,Wentworth Woodhouse,"Wentworth Woodhouse, Rotherham S62 7TQ",,,,,,,,,Yes,More Info,,https://www.classicshows.org/,,,,,,No
LL-0510,Warwickshire Classic & Performance Motor Show,Nestled just outside of Warwick in 27 acres Warwickshire countryside and parkland of the estate and is home as a new venue for the Warwickshire Classic & Performance Motor Show.,02/08/2026 09:00,02/08/2026 22:00,Europe/London,No,,,Motorcycle shows and events,"rgb(214, 33, 42)",,Wroxhall Park,"Wroxhall Park, Birmingham Road, Warwick CV35 7NB",,,,,,,,,Yes,More Info,,https://www.greatbritishmotorshows.com/,,,,,,No
LL-0511,East Midlands Racing Association (EMRA) - Rnd 4,Grass roots racing at its best - East Midlands Racing Association,02/08/2026 09:00,02/08/2026 22:00,Europe/London,No,,,Race meets,"rgb(214, 33, 42)",,Mallory Park,"Mallory Park, Leics, LE9 7QE",,,,,,,,,Yes,More Info,,https://www.eastmidlandracing.co.uk/,,,,,,No
LL-0512,FIM MX GP of Flanders - Motocross World Championship,"The premier championship of motocross racing, plus support events.",02/08/2026 09:00,02/08/2026 22:00,Europe/London,No,,,Race meets,"rgb(214, 33, 42)",,Lommel,"Lommel, Belgium",,,,,,,,,Yes,More Info,,https://www.mxgp.com/,,,,,,No
LL-0513,Bikestop Breakfast Ride Outs,First Sunday of the month from March through to November. Guiding help from local clubs and fuelled by the BikeStop special breakfast,02/08/2026 09:00,02/08/2026 22:00,Europe/London,No,,,Motorcycle ride outs,"rgb(214, 33, 42)",,Bike Stop,"Bike Stop, 104 High St, Stevenage SG1 3DW",,,,,,,,,Yes,More Info,,https://www.bikestop.co.uk/blog/category/events,,,,,,No
LL-0514,Suzuki Sunday,Bike meet at the world famous Ace Café - 09:00 start,02/08/2026 09:00,02/08/2026 22:00,Europe/London,No,,,Bike meets,"rgb(214, 33, 42)",,Ace Café,"Ace Café, Stonebridge, NW10 7UD",,,,,,,,,Yes,More Info,,https://london.acecafe.com/,,,,,,No
LL-0515,Bike Night at The Cross Keys - Pizza & Pop,"A new bike night at The Cross Keys in Upwood, Ramsey, Cambs, featuring Mooi Pizza and a soft drink for just £10. Plenty of parking and a friendly pub atmosphere make this the ideal Monday night ride out. All pizzas are cooked to order in a wood fired oven. Pre Order on 07355 397164 to avoid delays.",03/08/2026 09:00,03/08/2026 22:00,Europe/London,No,,,Bike meets,"rgb(214, 33, 42)",,The Cross Keys,"The Cross Keys, Upwood, Cambs",,,,,,,,,Yes,More Info,,https://mooipizza.co.uk/,,,,,,No
LL-0516,German Night & Auto Scoots Monthly Meet,"Bike meet at the world famous Ace Café, North Circular, London - 18:00 start",03/08/2026 09:00,03/08/2026 22:00,Europe/London,No,,,Bike meets,"rgb(214, 33, 42)",,Ace Café,"Ace Café, Stonebridge, NW10 7UD",,,,,,,,,Yes,More Info,,https://london.acecafe.com/,,,,,,No
LL-0517,California Superbike School Training Day,"The California Superbike School was founded by world-famous motorcycle coach Keith Code in 1980. Code has authored numerous books including the seminal motorcycle skills text “Twist of the Wrist”. The UK school teaches four levels of skills and is suitable for novice riders, riders who have never been on a track before, and pro-racers alike. Riders use their own motorcycles or new Kawasaki UK supplied motorcycles can also be hired. A full A or ACU license is required",04/08/2026 09:00,04/08/2026 22:00,Europe/London,No,,,Bike track days,"rgb(214, 33, 42)",,Bedford Autodrome,"Bedford Autodrome, Beds, MK44 2YP",,,,,,,,,Yes,More Info,,https://www.superbikeschool.co.uk/,,,,,,No
LL-0518,Poole Quay Bike Night,"Every Tuesday until the end of September - Music, local bars, food and retailers. 17:30 start, £3 entry.",04/08/2026 09:00,04/08/2026 22:00,Europe/London,No,,,Bike meets,"rgb(214, 33, 42)",,The Quay,"The Quay, Poole BH15 1HJ",,,,,,,,,Yes,More Info,,https://www.facebook.com/groups/11908800953,,,,,,No
LL-0519,Sugar Loaf Bike Night,Every Tuesday from 6pm. Themed nights - free soft drink with themed bikes. All bikes welcome.,04/08/2026 09:00,04/08/2026 22:00,Europe/London,No,,,Bike meets,"rgb(214, 33, 42)",,The Old Sugar Loaf,"The Old Sugar Loaf, 44 High St, Dunstable, LU6 1LA",,,,,,,,,Yes,More Info,,https://www.facebook.com/groups/1052463642347360/,,,,,,No
LL-0520,Walden Bikers Bike Night,"Where riders of all ages, all abilities, with all types of bikes can meet and ride out with other like minded motorcyclists.",04/08/2026 09:00,04/08/2026 22:00,Europe/London,No,,,Bike meets,"rgb(214, 33, 42)",,The Old Kiora,"The Old Kiora, Newport, Saffron Walden, CB11 3SY",,,,,,,,,Yes,More Info,,https://www.facebook.com/groups/waldenbikers/?locale=en_GB,,,,,,No
LL-0521,Motorcycle Track Training with James Whitham,"James Whitham motorcycle track training days at Anglesey, Croft, Cadwell and Mallory Park Circuits are rider focused with the emphasis on practical coaching, both on and off the track on the aspects of riding that you want to improve, alongside one-to-one tuition from James and his team of riders that are at the top of their game.",04/08/2026 09:00,04/08/2026 22:00,Europe/London,No,,,Bike track days,"rgb(214, 33, 42)",,Trac Môn Anglesey Circuit,"Trac Môn Anglesey Circuit, Anglesey",,,,,,,,,Yes,More Info,,https://www.jameswhitham.com/calendar-and-booking,,,,,,No
LL-0522,Motorcycle Track Training with James Whitham,"James Whitham motorcycle track training days at Anglesey, Croft, Cadwell and Mallory Park Circuits are rider focused with the emphasis on practical coaching, both on and off the track on the aspects of riding that you want to improve, alongside one-to-one tuition from James and his team of riders that are at the top of their game.",05/08/2026 09:00,05/08/2026 22:00,Europe/London,No,,,Bike track days,"rgb(214, 33, 42)",,Trac Môn Anglesey Circuit,"Trac Môn Anglesey Circuit, Anglesey",,,,,,,,,Yes,More Info,,https://www.jameswhitham.com/calendar-and-booking,,,,,,No
LL-0523,Bike Night at The White Swan,A welcoming bike night for all - every Tuesday. BBQ from 18:00 (weather permitting). Come and show off your pride and joy.,04/08/2026 09:00,04/08/2026 22:00,Europe/London,No,,,Bike meets,"rgb(214, 33, 42)",,The White Swan,"The White Swan, Conington, Cambs",,,,,,,,,Yes,More Info,,https://thewhiteswanconington.co.uk/comin-up/,,,,,,No
LL-0524,Gosport Motorbike Social,"A weekly Wednesday meet for like minded bikers from 6pm. Motorcycle ride outs, charity events, food and drinks - all welcome.",05/08/2026 09:00,05/08/2026 22:00,Europe/London,No,,,Bike meets,"rgb(214, 33, 42)",,The Rolling Scone Café,"The Rolling Scone Café, Gosport, Hants, PO13 9UB",,,,,,,,,Yes,More Info,,https://www.facebook.com/TheRollingSconesCafeGosport,,,,,,No
LL-0525,California Superbike School Training Day,"The California Superbike School was founded by world-famous motorcycle coach Keith Code in 1980. Code has authored numerous books including the seminal motorcycle skills text “Twist of the Wrist”. The UK school teaches four levels of skills and is suitable for novice riders, riders who have never been on a track before, and pro-racers alike. Riders use their own motorcycles or new Kawasaki UK supplied motorcycles can also be hired. A full A or ACU license is required",05/08/2026 09:00,05/08/2026 22:00,Europe/London,No,,,Bike track days,"rgb(214, 33, 42)",,Bedford Autodrome,"Bedford Autodrome, Beds, MK44 2YP",,,,,,,,,Yes,More Info,,https://www.superbikeschool.co.uk/,,,,,,No
LL-0526,Wicked Wheelie Wednesdays,Come and show-off your bikes - 50cc to superbikes. Food available 17:00 - 20:00 - bar 15:00 - 22:00. Supporting a charity at every event.,05/08/2026 09:00,05/08/2026 22:00,Europe/London,No,,,Bike meets,"rgb(214, 33, 42)",,Hubbles @ Fendicks Fishery,"Hubbles @ Fendicks Fishery, Methwold Road, Whittington PE33 9GP",,,,,,,,,Yes,More Info,,https://www.fendicksfishery.com/,,,,,,No
LL-0527,The Chequered Flag Cafe Bike Night,"A monthly Wednesday night meet at the Chequered Flag Cafe. Full menu available of great hot foods and drinks. Extra drinks stall outside to save queuing Stalls, ice-cream and live music. All welcome!",05/08/2026 09:00,05/08/2026 22:00,Europe/London,No,,,Bike meets,"rgb(214, 33, 42)",,Darley Moor,"Darley Moor, Ashbourne, DE6 2ET",,,,,,,,,Yes,More Info,,https://www.facebook.com/profile.php?id=61572162905976&sk=events,,,,,,No
LL-0528,Bike Night at The Hunters Inn,Meet up at The Hunters Inn - Freehouse pub with large car park and garden. Great biking roads in area and close to A32 and Loomies Café. Bike night - Thursdays from 18:00,06/08/2026 09:00,06/08/2026 22:00,Europe/London,No,,,Bike meets,"rgb(214, 33, 42)",,The Hunters Inn,"The Hunters Inn, Cott Street, Swanmore, Hants SO32 2PZ",,,,,,,,,Yes,More Info,,https://www.huntersinnpub.com/,,,,,,No
LL-0529,Yorkshire Rock and Bike Show,Featuring 3 days of music and bikes. Tickets for the show are available from the cafe counter. Tickets are also available online at www.yorkshirerocknbikeshow.co.uk,06/08/2026 09:00,06/08/2026 22:00,Europe/London,No,,,Bike meets,"rgb(214, 33, 42)",,South Milford,"South Milford, Leeds, LS25 5LX",,,,,,,,,Yes,More Info,,https://www.squires-cafe.co.uk/,,,,,,No
LL-0530,Yorkshire Rock and Bike Show,Featuring 3 days of music and bikes. Tickets for the show are available from the cafe counter. Tickets are also available online at www.yorkshirerocknbikeshow.co.uk,07/08/2026 09:00,07/08/2026 22:00,Europe/London,No,,,Bike meets,"rgb(214, 33, 42)",,South Milford,"South Milford, Leeds, LS25 5LX",,,,,,,,,Yes,More Info,,https://www.squires-cafe.co.uk/,,,,,,No
LL-0531,Yorkshire Rock and Bike Show,Featuring 3 days of music and bikes. Tickets for the show are available from the cafe counter. Tickets are also available online at www.yorkshirerocknbikeshow.co.uk,08/08/2026 09:00,08/08/2026 22:00,Europe/London,No,,,Bike meets,"rgb(214, 33, 42)",,South Milford,"South Milford, Leeds, LS25 5LX",,,,,,,,,Yes,More Info,,https://www.squires-cafe.co.uk/,,,,,,No
LL-0532,Bike Night at the Crown,Every Thursday from 6pm. Full menu available.,06/08/2026 09:00,06/08/2026 22:00,Europe/London,No,,,Bike meets,"rgb(214, 33, 42)",,The Crown,"The Crown, Main Road, Wormington, CO6 3AB",,,,,,,,,Yes,More Info,,https://www.facebook.com/crownwormingford/posts/bike-night-the-crown-wormingford-6pm-start-tomorrow-full-menu-is-on-our-website-/5102119659879933/,,,,,,No
LL-0533,Swan Inn Bike Night,"Large Car park, indoor and outdoor seating, Stone Baked Pizza, 6pm onwards, all bikes welcome",06/08/2026 09:00,06/08/2026 22:00,Europe/London,No,,,Bike meets,"rgb(214, 33, 42)",,The Swan Inn at Letton,"The Swan Inn at Letton, A438 btwn Hereford and Hay-on-Wye",,,,,,,,,Yes,More Info,,https://www.facebook.com/swaninnletton,,,,,,No
LL-0534,Mod 'n' Mini Night & Classic Scooters Monthly Meet,"Bike meet at the world famous Ace Café, North Circular, London - 18:00 start",06/08/2026 09:00,06/08/2026 22:00,Europe/London,No,,,Bike meets,"rgb(214, 33, 42)",,Ace Café,"Ace Café, Stonebridge, NW10 7UD",,,,,,,,,Yes,More Info,,https://london.acecafe.com/,,,,,,No
LL-0535,Yorkshire Rock and Bike Show,Featuring 3 days of music and bikes. This year the show is in the top field in a massive marquee and not in the car park. Therefore the cafe will be open as normal. Tickets for the show are available from the cafe counter. Tickets are also available online at www.yorkshirerocknbikeshow.co.uk,06/08/2026 09:00,06/08/2026 22:00,Europe/London,No,,,Bike meets,"rgb(214, 33, 42)",,South Milford,"South Milford, Leeds, LS25 5LX",,,,,,,,,Yes,More Info,,https://www.squires-cafe.co.uk/,,,,,,No
LL-0536,Yorkshire Rock and Bike Show,Featuring 3 days of music and bikes. This year the show is in the top field in a massive marquee and not in the car park. Therefore the cafe will be open as normal. Tickets for the show are available from the cafe counter. Tickets are also available online at www.yorkshirerocknbikeshow.co.uk,07/08/2026 09:00,07/08/2026 22:00,Europe/London,No,,,Bike meets,"rgb(214, 33, 42)",,South Milford,"South Milford, Leeds, LS25 5LX",,,,,,,,,Yes,More Info,,https://www.squires-cafe.co.uk/,,,,,,No
LL-0537,Yorkshire Rock and Bike Show,Featuring 3 days of music and bikes. This year the show is in the top field in a massive marquee and not in the car park. Therefore the cafe will be open as normal. Tickets for the show are available from the cafe counter. Tickets are also available online at www.yorkshirerocknbikeshow.co.uk,08/08/2026 09:00,08/08/2026 22:00,Europe/London,No,,,Bike meets,"rgb(214, 33, 42)",,South Milford,"South Milford, Leeds, LS25 5LX",,,,,,,,,Yes,More Info,,https://www.squires-cafe.co.uk/,,,,,,No
LL-0538,MotoGP - Round 12 - British Grand Prix,"MotoGP showcases elite motorcycle racing, world-class riders, cutting-edge technology, intense rivalries, and thrilling high-speed battles across iconic circuits worldwide.",07/08/2026 09:00,07/08/2026 22:00,Europe/London,No,,,Race meets,"rgb(214, 33, 42)",,Silverstone,"Silverstone, Northants, NN12 8TN",,,,,,,,,Yes,More Info,,https://www.motogp.com/,,,,,,No
LL-0539,MotoGP - Round 12 - British Grand Prix,"MotoGP showcases elite motorcycle racing, world-class riders, cutting-edge technology, intense rivalries, and thrilling high-speed battles across iconic circuits worldwide.",08/08/2026 09:00,08/08/2026 22:00,Europe/London,No,,,Race meets,"rgb(214, 33, 42)",,Silverstone,"Silverstone, Northants, NN12 8TN",,,,,,,,,Yes,More Info,,https://www.motogp.com/,,,,,,No
LL-0540,MotoGP - Round 12 - British Grand Prix,"MotoGP showcases elite motorcycle racing, world-class riders, cutting-edge technology, intense rivalries, and thrilling high-speed battles across iconic circuits worldwide.",09/08/2026 09:00,09/08/2026 22:00,Europe/London,No,,,Race meets,"rgb(214, 33, 42)",,Silverstone,"Silverstone, Northants, NN12 8TN",,,,,,,,,Yes,More Info,,https://www.motogp.com/,,,,,,No
LL-0541,FIM Enduro World Championship - R7,World Enduro Racing at its finest. Open championship is open to two and four-stroke machines of any engine capacity.,07/08/2026 09:00,07/08/2026 22:00,Europe/London,No,,,Race meets,"rgb(214, 33, 42)",,Rhayader,"Rhayader, Wales",,,,,,,,,Yes,More Info,,https://www.fim-live.com/,,,,,,No
LL-0542,FIM Enduro World Championship - R7,World Enduro Racing at its finest. Open championship is open to two and four-stroke machines of any engine capacity.,08/08/2026 09:00,08/08/2026 22:00,Europe/London,No,,,Race meets,"rgb(214, 33, 42)",,Rhayader,"Rhayader, Wales",,,,,,,,,Yes,More Info,,https://www.fim-live.com/,,,,,,No
LL-0543,FIM Enduro World Championship - R7,World Enduro Racing at its finest. Open championship is open to two and four-stroke machines of any engine capacity.,09/08/2026 09:00,09/08/2026 22:00,Europe/London,No,,,Race meets,"rgb(214, 33, 42)",,Rhayader,"Rhayader, Wales",,,,,,,,,Yes,More Info,,https://www.fim-live.com/,,,,,,No
LL-0544,Bike Night & Streetfighters Monthly Meet,"Bike meet at the world famous Ace Café, North Circular, London - 18:00 start",07/08/2026 09:00,07/08/2026 22:00,Europe/London,No,,,Bike meets,"rgb(214, 33, 42)",,Ace Café,"Ace Café, Stonebridge, NW10 7UD",,,,,,,,,Yes,More Info,,https://london.acecafe.com/,,,,,,No
LL-0545,Speedway Grand Prix - Round 8 - GP of Latvia,Sideways action from the FIM World series,08/08/2026 09:00,08/08/2026 22:00,Europe/London,No,,,Race meets,"rgb(214, 33, 42)",,Riga,"Riga, Latvia",,,,,,,,,Yes,More Info,,https://www.fimspeedway.com/,,,,,,No
LL-0546,International Road Racing Championship - R5,"Formerly the 3 Nations Cup, the European Road Racing Series",08/08/2026 09:00,08/08/2026 22:00,Europe/London,No,,,Race meets,"rgb(214, 33, 42)",,Horice,"Horice, Czechia",,,,,,,,,Yes,More Info,,https://www.irrc.eu/,,,,,,No
LL-0547,International Road Racing Championship - R5,"Formerly the 3 Nations Cup, the European Road Racing Series",09/08/2026 09:00,09/08/2026 22:00,Europe/London,No,,,Race meets,"rgb(214, 33, 42)",,Horice,"Horice, Czechia",,,,,,,,,Yes,More Info,,https://www.irrc.eu/,,,,,,No
LL-0548,'Normous Newark Autojumble,"A great day out for any car or motorcycle enthusiast offering a vast array of parts, restoration services and related products.",09/08/2026 09:00,09/08/2026 22:00,Europe/London,No,,,Motorcycle shows and events,"rgb(214, 33, 42)",,Newark and Notts Showground,"Newark and Notts Showground, Newark, NG24 2NY",,,,,,,,,Yes,More Info,,https://www.newarkautojumble.co.uk/,,,,,,No
LL-0549,Summer Autojumble,"Come and join us for our Summer Auto Jumble here at the Museum. Gates open to sellers for set up at 7am, buyers at 8.30am. Please note that admission to the complex is via the Auto Jumble only. Adults — £5 Children under 16 free CASH ONLY PLEASE!",09/08/2026 09:00,09/08/2026 22:00,Europe/London,No,,,Bike meets,"rgb(214, 33, 42)",,New Milton,"New Milton, Hants BH25 5SZ",,,,,,,,,Yes,More Info,,https://www.sammymiller.co.uk/,,,,,,No
LL-0550,Cambridgeshire Signature Classic & Performance Motor Show,"A thrilling new Signature event joins the Great British Motor Shows calendar for 2026 – the Cambridgeshire Signature Classic & Performance Motor Show, hosted at the legendary Imperial War Museum Duxford, near Cambridge.",09/08/2026 09:00,09/08/2026 22:00,Europe/London,No,,,Motorcycle shows and events,"rgb(214, 33, 42)",,Imperial War Museum Duxford,"Imperial War Museum Duxford, Cambridge, CB22 4QR",,,,,,,,,Yes,More Info,,https://www.greatbritishmotorshows.com/,,,,,,No
LL-0551,Darley Moor MCRRC Round 4,"Darley Moor Motor Cycle Road Racing Club Ltd have been organising and running motor cycle road racing at Darley Moor Sports Centre since 1965. Many of today's top riders started their careers at Darley Moor. Affiliated to the East Midland Centre of the Auto Cycle Union (ACU), you will need to apply to join Darley Moor MCRRC if you wish to race.",09/08/2026 09:00,09/08/2026 22:00,Europe/London,No,,,Race meets,"rgb(214, 33, 42)",,Darley Moor Sports Centre,"Darley Moor Sports Centre, Derbyshire DE6 2ET",,,,,,,,,Yes,More Info,,https://www.darleymoor.co.uk/,,,,,,No
LL-0552,Vintage & Classic Bike Day + VMCC,Bike meet at the world famous Ace Café - 09:00 start,09/08/2026 09:00,09/08/2026 22:00,Europe/London,No,,,Bike meets,"rgb(214, 33, 42)",,Ace Café,"Ace Café, Stonebridge, NW10 7UD",,,,,,,,,Yes,More Info,,https://london.acecafe.com/,,,,,,No
LL-0553,Bike Night at The Cross Keys - Pizza & Pop,"A new bike night at The Cross Keys in Upwood, Ramsey, Cambs, featuring Mooi Pizza and a soft drink for just £10. Plenty of parking and a friendly pub atmosphere make this the ideal Monday night ride out. All pizzas are cooked to order in a wood fired oven. Pre Order on 07355 397164 to avoid delays.",10/08/2026 09:00,10/08/2026 22:00,Europe/London,No,,,Bike meets,"rgb(214, 33, 42)",,The Cross Keys,"The Cross Keys, Upwood, Cambs",,,,,,,,,Yes,More Info,,https://mooipizza.co.uk/,,,,,,No
LL-0554,Poole Quay Bike Night,"Every Tuesday until the end of September - Music, local bars, food and retailers. 17:30 start, £3 entry.",11/08/2026 09:00,11/08/2026 22:00,Europe/London,No,,,Bike meets,"rgb(214, 33, 42)",,The Quay,"The Quay, Poole BH15 1HJ",,,,,,,,,Yes,More Info,,https://www.facebook.com/groups/11908800953,,,,,,No
LL-0555,Sugar Loaf Bike Night,Every Tuesday from 6pm. Themed nights - free soft drink with themed bikes. All bikes welcome.,11/08/2026 09:00,11/08/2026 22:00,Europe/London,No,,,Bike meets,"rgb(214, 33, 42)",,The Old Sugar Loaf,"The Old Sugar Loaf, 44 High St, Dunstable, LU6 1LA",,,,,,,,,Yes,More Info,,https://www.facebook.com/groups/1052463642347360/,,,,,,No
LL-0556,Bike Night at The White Swan,A welcoming bike night for all - every Tuesday. BBQ from 18:00 (weather permitting). Come and show off your pride and joy.,11/08/2026 09:00,11/08/2026 22:00,Europe/London,No,,,Bike meets,"rgb(214, 33, 42)",,The White Swan,"The White Swan, Conington, Cambs",,,,,,,,,Yes,More Info,,https://thewhiteswanconington.co.uk/comin-up/,,,,,,No
LL-0557,Gosport Motorbike Social,"A weekly Wednesday meet for like minded bikers from 6pm. Motorcycle ride outs, charity events, food and drinks - all welcome.",12/08/2026 09:00,12/08/2026 22:00,Europe/London,No,,,Bike meets,"rgb(214, 33, 42)",,The Rolling Scone Café,"The Rolling Scone Café, Gosport, Hants, PO13 9UB",,,,,,,,,Yes,More Info,,https://www.facebook.com/TheRollingSconesCafeGosport,,,,,,No
LL-0558,Motorcycle Track Training with James Whitham,"James Whitham motorcycle track training days at Anglesey, Croft, Cadwell and Mallory Park Circuits are rider focused with the emphasis on practical coaching, both on and off the track on the aspects of riding that you want to improve, alongside one-to-one tuition from James and his team of riders that are at the top of their game.",12/08/2026 09:00,12/08/2026 22:00,Europe/London,No,,,Bike track days,"rgb(214, 33, 42)",,Croft Circuit,"Croft Circuit, Dalton-on-Tees, Darlington DL2 2PL",,,,,,,,,Yes,More Info,,https://www.jameswhitham.com/calendar-and-booking,,,,,,No
LL-0559,Triumph Bike Night,"The Triumph Visitor Experience hosts monthly bike nights to cater for all riders. Cafe, exhibit and shop open throughout, burgers and vegetarian options being served. 17:30 - 20:00",12/08/2026 09:00,12/08/2026 22:00,Europe/London,No,,,Bike meets,"rgb(214, 33, 42)",,Triumph Visitor Experience,"Triumph Visitor Experience, Hinckley",,,,,,,,,Yes,More Info,,https://www.triumphmotorcycles.co.uk/for-the-ride/experiences/factory-visitor-experience/events,,,,,,No
LL-0560,Wicked Wheelie Wednesdays,Come and show-off your bikes - 50cc to superbikes. Food available 17:00 - 20:00 - bar 15:00 - 22:00. Supporting a charity at every event.,12/08/2026 09:00,12/08/2026 22:00,Europe/London,No,,,Bike meets,"rgb(214, 33, 42)",,Hubbles @ Fendicks Fishery,"Hubbles @ Fendicks Fishery, Methwold Road, Whittington PE33 9GP",,,,,,,,,Yes,More Info,,https://www.fendicksfishery.com/,,,,,,No
LL-0561,Superpole PillionXperience with James Whitham,"James Whitham motorcycle track training days at Anglesey, Croft, Cadwell and Mallory Park Circuits are rider focused with the emphasis on practical coaching, both on and off the track on the aspects of riding that you want to improve, alongside one-to-one tuition from James and his team of riders that are at the top of their game.",12/08/2026 09:00,12/08/2026 22:00,Europe/London,No,,,Bike track days,"rgb(214, 33, 42)",,Croft Circuit,"Croft Circuit, Dalton-on-Tees, Darlington DL2 2PL",,,,,,,,,Yes,More Info,,https://www.jameswhitham.com/calendar-and-booking,,,,,,No
LL-0562,Brit Bikes Night Classic & Modern,"Bike meet at the world famous Ace Café, North Circular, London - 18:00 start",12/08/2026 09:00,12/08/2026 22:00,Europe/London,No,,,Bike meets,"rgb(214, 33, 42)",,Ace Café,"Ace Café, Stonebridge, NW10 7UD",,,,,,,,,Yes,More Info,,https://london.acecafe.com/,,,,,,No
LL-0563,Bike Night at The Hunters Inn,Meet up at The Hunters Inn - Freehouse pub with large car park and garden. Great biking roads in area and close to A32 and Loomies Café. Bike night - Thursdays from 18:00,13/08/2026 09:00,13/08/2026 22:00,Europe/London,No,,,Bike meets,"rgb(214, 33, 42)",,The Hunters Inn,"The Hunters Inn, Cott Street, Swanmore, Hants SO32 2PZ",,,,,,,,,Yes,More Info,,https://www.huntersinnpub.com/,,,,,,No
LL-0564,Bike Night at the Crown,Every Thursday from 6pm. Full menu available.,13/08/2026 09:00,13/08/2026 22:00,Europe/London,No,,,Bike meets,"rgb(214, 33, 42)",,The Crown,"The Crown, Main Road, Wormington, CO6 3AB",,,,,,,,,Yes,More Info,,https://www.facebook.com/crownwormingford/posts/bike-night-the-crown-wormingford-6pm-start-tomorrow-full-menu-is-on-our-website-/5102119659879933/,,,,,,No
LL-0565,Room 24 Bike Night,2nd Thursday of every month - Drink and meal available - check socials for Meal Deal. All bikes welcome.,13/08/2026 09:00,13/08/2026 22:00,Europe/London,No,,,Bike meets,"rgb(214, 33, 42)",,Room 24,"Room 24, Eastern Esplanade, Southend-on-Sea, SS1 2ER",,,,,,,,,Yes,More Info,,https://www.facebook.com/room.twentyfour.7/?locale=en_GB,,,,,,No
LL-0566,John Bunyan Bike Night,"Great evening of New, Vintage, Custom, Sports and Classics - All welcome. Large carpark, great selection of foods and drinks",13/08/2026 09:00,13/08/2026 22:00,Europe/London,No,,,Bike meets,"rgb(214, 33, 42)",,John Bunyan Pub,"John Bunyan Pub, Coleman Green Ln, St Albans, AL4 8ES",,,,,,,,,Yes,More Info,,https://www.facebook.com/Johnbunyanpub.co.uk/?locale=en_GB,,,,,,No
LL-0567,Italian Night,"Bike meet at the world famous Ace Café, North Circular, London - 18:00 start",13/08/2026 09:00,13/08/2026 22:00,Europe/London,No,,,Bike meets,"rgb(214, 33, 42)",,Ace Café,"Ace Café, Stonebridge, NW10 7UD",,,,,,,,,Yes,More Info,,https://london.acecafe.com/,,,,,,No
LL-0568,British Superbike Championship - Round 7,"The most biggest and best national Championship in the world. 3 days of racing with Superbikes, Supersports, Sportsbike and many support classes.",14/08/2026 09:00,14/08/2026 22:00,Europe/London,No,,,Race meets,"rgb(214, 33, 42)",,Thruxton,"Thruxton, Hants, SP11 8PW",,,,,,,,,Yes,More Info,,https://www.britishsuperbike.com/,,,,,,No
LL-0569,British Superbike Championship - Round 7,"The most biggest and best national Championship in the world. 3 days of racing with Superbikes, Supersports, Sportsbike and many support classes.",15/08/2026 09:00,15/08/2026 22:00,Europe/London,No,,,Race meets,"rgb(214, 33, 42)",,Thruxton,"Thruxton, Hants, SP11 8PW",,,,,,,,,Yes,More Info,,https://www.britishsuperbike.com/,,,,,,No
LL-0570,British Superbike Championship - Round 7,"The most biggest and best national Championship in the world. 3 days of racing with Superbikes, Supersports, Sportsbike and many support classes.",16/08/2026 09:00,16/08/2026 22:00,Europe/London,No,,,Race meets,"rgb(214, 33, 42)",,Thruxton,"Thruxton, Hants, SP11 8PW",,,,,,,,,Yes,More Info,,https://www.britishsuperbike.com/,,,,,,No
LL-0571,Bike Night + Bandits (BOCGB) Monthly Meet,"Bike meet at the world famous Ace Café, North Circular, London - 18:00 start",14/08/2026 09:00,14/08/2026 22:00,Europe/London,No,,,Bike meets,"rgb(214, 33, 42)",,Ace Café,"Ace Café, Stonebridge, NW10 7UD",,,,,,,,,Yes,More Info,,https://london.acecafe.com/,,,,,,No
LL-0572,British MotorCycle Racing Club (Bemsee) - MRO Championship,Club racing at its finest.,15/08/2026 09:00,15/08/2026 22:00,Europe/London,No,,,Race meets,"rgb(214, 33, 42)",,Cadwell Park,"Cadwell Park, Lincs, NL11 9SE",,,,,,,,,Yes,More Info,,https://www.bemsee.net/,,,,,,No
LL-0573,British MotorCycle Racing Club (Bemsee) - MRO Championship,Club racing at its finest.,16/08/2026 09:00,16/08/2026 22:00,Europe/London,No,,,Race meets,"rgb(214, 33, 42)",,Cadwell Park,"Cadwell Park, Lincs, NL11 9SE",,,,,,,,,Yes,More Info,,https://www.bemsee.net/,,,,,,No
LL-0574,Straightliners at Dakota Raceway,"The Home of Speed - Europe’s leading organisers of straight-line events, drag racing and motorsport for anything on wheels.",15/08/2026 09:00,15/08/2026 22:00,Europe/London,No,,,Race meets,"rgb(214, 33, 42)",,Dakota Raceway,"Dakota Raceway, Honiton, EX14 9RQ",,,,,,,,,Yes,More Info,,https://straightliners.events/all-events/,,,,,,No
LL-0575,Capel Classic Car & Bike Show,From humble beginnings in the early 90's it has now become one of the most anticipated shows in the season of Classic Shows.,15/08/2026 09:00,15/08/2026 22:00,Europe/London,No,,,Motorcycle shows and events,"rgb(214, 33, 42)",,Capel,"Capel, Surrey RH5 5HP",,,,,,,,,Yes,More Info,,https://www.capelcarshow.com/,,,,,,No
LL-0576,Club Championships - British Historic Racing,"The British Historic Racing Club has organised vintage races for almost 70 years, and full road-ace meetings for over 50 years. An integral part of the VMCC, BHRC’s foundations are based on those wonderful 1930s 40’s & 50’s race machines, both 2 and 3-wheels, which provide such incredible spectacle and insight into yesteryear for riders and spectators alike.",15/08/2026 09:00,15/08/2026 22:00,Europe/London,No,,,Race meets,"rgb(214, 33, 42)",,Trac Môn Anglesey Circuit,"Trac Môn Anglesey Circuit, Ty Croes, LL63 5TF",,,,,,,,,Yes,More Info,,https://www.britishhistoricracing.co.uk/,,,,,,No
LL-0577,Club Championships - British Historic Racing,"The British Historic Racing Club has organised vintage races for almost 70 years, and full road-ace meetings for over 50 years. An integral part of the VMCC, BHRC’s foundations are based on those wonderful 1930s 40’s & 50’s race machines, both 2 and 3-wheels, which provide such incredible spectacle and insight into yesteryear for riders and spectators alike.",16/08/2026 09:00,16/08/2026 22:00,Europe/London,No,,,Race meets,"rgb(214, 33, 42)",,Trac Môn Anglesey Circuit,"Trac Môn Anglesey Circuit, Ty Croes, LL63 5TF",,,,,,,,,Yes,More Info,,https://www.britishhistoricracing.co.uk/,,,,,,No
LL-0578,Manx Grand Prix,"The Manx Grand Prix remains, for all its fans, whether racers, ex-racers, spectators or followers from home, a uniquely special motorsport event.The Manx Grand Prix – get your heart racing",16/08/2026 09:00,16/08/2026 22:00,Europe/London,No,,,Race meets,"rgb(214, 33, 42)",,Isle of Man,Isle of Man,,,,,,,,,Yes,More Info,,https://www.manxgrandprix.org/,,,,,,No
LL-0579,Manx Grand Prix,"The Manx Grand Prix remains, for all its fans, whether racers, ex-racers, spectators or followers from home, a uniquely special motorsport event.The Manx Grand Prix – get your heart racing",17/08/2026 09:00,17/08/2026 22:00,Europe/London,No,,,Race meets,"rgb(214, 33, 42)",,Isle of Man,Isle of Man,,,,,,,,,Yes,More Info,,https://www.manxgrandprix.org/,,,,,,No
LL-0580,Manx Grand Prix,"The Manx Grand Prix remains, for all its fans, whether racers, ex-racers, spectators or followers from home, a uniquely special motorsport event.The Manx Grand Prix – get your heart racing",18/08/2026 09:00,18/08/2026 22:00,Europe/London,No,,,Race meets,"rgb(214, 33, 42)",,Isle of Man,Isle of Man,,,,,,,,,Yes,More Info,,https://www.manxgrandprix.org/,,,,,,No
LL-0581,Manx Grand Prix,"The Manx Grand Prix remains, for all its fans, whether racers, ex-racers, spectators or followers from home, a uniquely special motorsport event.The Manx Grand Prix – get your heart racing",19/08/2026 09:00,19/08/2026 22:00,Europe/London,No,,,Race meets,"rgb(214, 33, 42)",,Isle of Man,Isle of Man,,,,,,,,,Yes,More Info,,https://www.manxgrandprix.org/,,,,,,No
LL-0582,Manx Grand Prix,"The Manx Grand Prix remains, for all its fans, whether racers, ex-racers, spectators or followers from home, a uniquely special motorsport event.The Manx Grand Prix – get your heart racing",20/08/2026 09:00,20/08/2026 22:00,Europe/London,No,,,Race meets,"rgb(214, 33, 42)",,Isle of Man,Isle of Man,,,,,,,,,Yes,More Info,,https://www.manxgrandprix.org/,,,,,,No
LL-0583,Manx Grand Prix,"The Manx Grand Prix remains, for all its fans, whether racers, ex-racers, spectators or followers from home, a uniquely special motorsport event.The Manx Grand Prix – get your heart racing",21/08/2026 09:00,21/08/2026 22:00,Europe/London,No,,,Race meets,"rgb(214, 33, 42)",,Isle of Man,Isle of Man,,,,,,,,,Yes,More Info,,https://www.manxgrandprix.org/,,,,,,No
LL-0584,Manx Grand Prix,"The Manx Grand Prix remains, for all its fans, whether racers, ex-racers, spectators or followers from home, a uniquely special motorsport event.The Manx Grand Prix – get your heart racing",22/08/2026 09:00,22/08/2026 22:00,Europe/London,No,,,Race meets,"rgb(214, 33, 42)",,Isle of Man,Isle of Man,,,,,,,,,Yes,More Info,,https://www.manxgrandprix.org/,,,,,,No
LL-0585,Manx Grand Prix,"The Manx Grand Prix remains, for all its fans, whether racers, ex-racers, spectators or followers from home, a uniquely special motorsport event.The Manx Grand Prix – get your heart racing",23/08/2026 09:00,23/08/2026 22:00,Europe/London,No,,,Race meets,"rgb(214, 33, 42)",,Isle of Man,Isle of Man,,,,,,,,,Yes,More Info,,https://www.manxgrandprix.org/,,,,,,No
LL-0586,Manx Grand Prix,"The Manx Grand Prix remains, for all its fans, whether racers, ex-racers, spectators or followers from home, a uniquely special motorsport event.The Manx Grand Prix – get your heart racing",24/08/2026 09:00,24/08/2026 22:00,Europe/London,No,,,Race meets,"rgb(214, 33, 42)",,Isle of Man,Isle of Man,,,,,,,,,Yes,More Info,,https://www.manxgrandprix.org/,,,,,,No
LL-0587,Manx Grand Prix,"The Manx Grand Prix remains, for all its fans, whether racers, ex-racers, spectators or followers from home, a uniquely special motorsport event.The Manx Grand Prix – get your heart racing",25/08/2026 09:00,25/08/2026 22:00,Europe/London,No,,,Race meets,"rgb(214, 33, 42)",,Isle of Man,Isle of Man,,,,,,,,,Yes,More Info,,https://www.manxgrandprix.org/,,,,,,No
LL-0588,Manx Grand Prix,"The Manx Grand Prix remains, for all its fans, whether racers, ex-racers, spectators or followers from home, a uniquely special motorsport event.The Manx Grand Prix – get your heart racing",26/08/2026 09:00,26/08/2026 22:00,Europe/London,No,,,Race meets,"rgb(214, 33, 42)",,Isle of Man,Isle of Man,,,,,,,,,Yes,More Info,,https://www.manxgrandprix.org/,,,,,,No
LL-0589,Manx Grand Prix,"The Manx Grand Prix remains, for all its fans, whether racers, ex-racers, spectators or followers from home, a uniquely special motorsport event.The Manx Grand Prix – get your heart racing",27/08/2026 09:00,27/08/2026 22:00,Europe/London,No,,,Race meets,"rgb(214, 33, 42)",,Isle of Man,Isle of Man,,,,,,,,,Yes,More Info,,https://www.manxgrandprix.org/,,,,,,No
LL-0590,Manx Grand Prix,"The Manx Grand Prix remains, for all its fans, whether racers, ex-racers, spectators or followers from home, a uniquely special motorsport event.The Manx Grand Prix – get your heart racing",28/08/2026 09:00,28/08/2026 22:00,Europe/London,No,,,Race meets,"rgb(214, 33, 42)",,Isle of Man,Isle of Man,,,,,,,,,Yes,More Info,,https://www.manxgrandprix.org/,,,,,,No
LL-0591,FIM MX GP of Sweden - Motocross World Championship,"The premier championship of motocross racing, plus support events.",16/08/2026 09:00,16/08/2026 22:00,Europe/London,No,,,Race meets,"rgb(214, 33, 42)",,Uddevalla,"Uddevalla, Sweden",,,,,,,,,Yes,More Info,,https://www.mxgp.com/,,,,,,No
LL-0592,Bike Night at The Cross Keys - Pizza & Pop,"A new bike night at The Cross Keys in Upwood, Ramsey, Cambs, featuring Mooi Pizza and a soft drink for just £10. Plenty of parking and a friendly pub atmosphere make this the ideal Monday night ride out. All pizzas are cooked to order in a wood fired oven. Pre Order on 07355 397164 to avoid delays.",17/08/2026 09:00,17/08/2026 22:00,Europe/London,No,,,Bike meets,"rgb(214, 33, 42)",,The Cross Keys,"The Cross Keys, Upwood, Cambs",,,,,,,,,Yes,More Info,,https://mooipizza.co.uk/,,,,,,No
LL-0593,Poole Quay Bike Night,"Every Tuesday until the end of September - Music, local bars, food and retailers. 17:30 start, £3 entry.",18/08/2026 09:00,18/08/2026 22:00,Europe/London,No,,,Bike meets,"rgb(214, 33, 42)",,The Quay,"The Quay, Poole BH15 1HJ",,,,,,,,,Yes,More Info,,https://www.facebook.com/groups/11908800953,,,,,,No
LL-0594,Sugar Loaf Bike Night,Every Tuesday from 6pm. Themed nights - free soft drink with themed bikes. All bikes welcome.,18/08/2026 09:00,18/08/2026 22:00,Europe/London,No,,,Bike meets,"rgb(214, 33, 42)",,The Old Sugar Loaf,"The Old Sugar Loaf, 44 High St, Dunstable, LU6 1LA",,,,,,,,,Yes,More Info,,https://www.facebook.com/groups/1052463642347360/,,,,,,No
LL-0595,Bike Night at The White Swan,A welcoming bike night for all - every Tuesday. BBQ from 18:00 (weather permitting). Come and show off your pride and joy.,18/08/2026 09:00,18/08/2026 22:00,Europe/London,No,,,Bike meets,"rgb(214, 33, 42)",,The White Swan,"The White Swan, Conington, Cambs",,,,,,,,,Yes,More Info,,https://thewhiteswanconington.co.uk/comin-up/,,,,,,No
LL-0596,The Chequered Flag Cafe Bike Night,"A monthly Wednesday night meet at the Chequered Flag Cafe. Full menu available of great hot foods and drinks. Extra drinks stall outside to save queuing Stalls, ice-cream and live music. All welcome!",19/08/2026 09:00,19/08/2026 22:00,Europe/London,No,,,Bike meets,"rgb(214, 33, 42)",,Darley Moor,"Darley Moor, Ashbourne, DE6 2ET",,,,,,,,,Yes,More Info,,https://www.facebook.com/profile.php?id=61572162905976&sk=events,,,,,,No
LL-0597,Wicked Wheelie Wednesdays,Come and show-off your bikes - 50cc to superbikes. Food available 17:00 - 20:00 - bar 15:00 - 22:00. Supporting a charity at every event.,19/08/2026 09:00,19/08/2026 22:00,Europe/London,No,,,Bike meets,"rgb(214, 33, 42)",,Hubbles @ Fendicks Fishery,"Hubbles @ Fendicks Fishery, Methwold Road, Whittington PE33 9GP",,,,,,,,,Yes,More Info,,https://www.fendicksfishery.com/,,,,,,No
LL-0598,Motorcycle Track Training with James Whitham,"James Whitham motorcycle track training days at Anglesey, Croft, Cadwell and Mallory Park Circuits are rider focused with the emphasis on practical coaching, both on and off the track on the aspects of riding that you want to improve, alongside one-to-one tuition from James and his team of riders that are at the top of their game.",19/08/2026 09:00,19/08/2026 22:00,Europe/London,No,,,Bike track days,"rgb(214, 33, 42)",,Cadwell Park,"Cadwell Park, Louth. Lincs LN11 9SE",,,,,,,,,Yes,More Info,,https://www.jameswhitham.com/calendar-and-booking,,,,,,No
LL-0599,Bike Night at The Hunters Inn,Meet up at The Hunters Inn - Freehouse pub with large car park and garden. Great biking roads in area and close to A32 and Loomies Café. Bike night - Thursdays from 18:00,20/08/2026 09:00,20/08/2026 22:00,Europe/London,No,,,Bike meets,"rgb(214, 33, 42)",,The Hunters Inn,"The Hunters Inn, Cott Street, Swanmore, Hants SO32 2PZ",,,,,,,,,Yes,More Info,,https://www.huntersinnpub.com/,,,,,,No
LL-0600,Bike Night at the Crown,Every Thursday from 6pm. Full menu available.,20/08/2026 09:00,20/08/2026 22:00,Europe/London,No,,,Bike meets,"rgb(214, 33, 42)",,The Crown,"The Crown, Main Road, Wormington, CO6 3AB",,,,,,,,,Yes,More Info,,https://www.facebook.com/crownwormingford/posts/bike-night-the-crown-wormingford-6pm-start-tomorrow-full-menu-is-on-our-website-/5102119659879933/,,,,,,No
LL-0601,"Super Moto + XJR OC, NABD, Scooters & MAG Monthly Meet","Bike meet at the world famous Ace Café, North Circular, London - 18:00 start",20/08/2026 09:00,20/08/2026 22:00,Europe/London,No,,,Bike meets,"rgb(214, 33, 42)",,Ace Café,"Ace Café, Stonebridge, NW10 7UD",,,,,,,,,Yes,More Info,,https://london.acecafe.com/,,,,,,No
LL-0602,BMF Dambuster Rally,The BMF has decades of experience organising some of the best motorcycle shows and rallies throughout the UK,21/08/2026 09:00,21/08/2026 22:00,Europe/London,No,,,Motorcycle shows and events,"rgb(214, 33, 42)",,Thorpe Camp Visitors Centre,"Thorpe Camp Visitors Centre, Tattersall, Lincs LN4 4PE",,,,,,,,,Yes,More Info,,https://www.bmf.co.uk/events,,,,,,No
LL-0603,BMF Dambuster Rally,The BMF has decades of experience organising some of the best motorcycle shows and rallies throughout the UK,22/08/2026 09:00,22/08/2026 22:00,Europe/London,No,,,Motorcycle shows and events,"rgb(214, 33, 42)",,Thorpe Camp Visitors Centre,"Thorpe Camp Visitors Centre, Tattersall, Lincs LN4 4PE",,,,,,,,,Yes,More Info,,https://www.bmf.co.uk/events,,,,,,No
LL-0604,BMF Dambuster Rally,The BMF has decades of experience organising some of the best motorcycle shows and rallies throughout the UK,23/08/2026 09:00,23/08/2026 22:00,Europe/London,No,,,Motorcycle shows and events,"rgb(214, 33, 42)",,Thorpe Camp Visitors Centre,"Thorpe Camp Visitors Centre, Tattersall, Lincs LN4 4PE",,,,,,,,,Yes,More Info,,https://www.bmf.co.uk/events,,,,,,No
LL-0605,Bike Night + Rockers 'n' Classics Monthly Meet,"Bike meet at the world famous Ace Café, North Circular, London - 18:00 start",21/08/2026 09:00,21/08/2026 22:00,Europe/London,No,,,Bike meets,"rgb(214, 33, 42)",,Ace Café,"Ace Café, Stonebridge, NW10 7UD",,,,,,,,,Yes,More Info,,https://london.acecafe.com/,,,,,,No
LL-0606,Squires Café Autojumble,"Squires Cafe is an ideal venue for all event requirements, boasting large outdoor capacity plus large well equipped indoor facilities making Squires a truly all year-round venue. Monthly autojumble. Pitches are £5 each for sellers",22/08/2026 09:00,22/08/2026 22:00,Europe/London,No,,,Motorcycle shows and events,"rgb(214, 33, 42)",,South Milford,"South Milford, Leeds, LS25 5LX",,,,,,,,,Yes,More Info,,https://www.squires-cafe.co.uk/,,,,,,No
LL-0607,FIM Flat Track World Championship - R5,The FIM Flat Track World Championship is the premier competition organized by FIM on the sport of flat track racing.,22/08/2026 09:00,22/08/2026 22:00,Europe/London,No,,,Race meets,"rgb(214, 33, 42)",,Scheßel,"Scheßel, Germany",,,,,,,,,Yes,More Info,,https://www.fim-live.com/,,,,,,No
LL-0608,All Things Italian,We invite all owners and enthusiasts of Italian Motorcycles to come and join us with early arrivals parking up in our lovely courtyard! Local dealers will be here displaying some bikes. No booking is required and everyone is welcome no matter what you ride or drive!,23/08/2026 09:00,23/08/2026 22:00,Europe/London,No,,,Bike meets,"rgb(214, 33, 42)",,New Milton,"New Milton, Hants BH25 5SZ",,,,,,,,,Yes,More Info,,https://www.sammymiller.co.uk/,,,,,,No
LL-0609,Bike Day,Bike meet at the world famous Ace Café - 09:00 start,23/08/2026 09:00,23/08/2026 22:00,Europe/London,No,,,Bike meets,"rgb(214, 33, 42)",,Ace Café,"Ace Café, Stonebridge, NW10 7UD",,,,,,,,,Yes,More Info,,https://london.acecafe.com/,,,,,,No
LL-0610,FIM MX GP of The Netherlands - Motocross World Championship,"The premier championship of motocross racing, plus support events.",23/08/2026 09:00,23/08/2026 22:00,Europe/London,No,,,Race meets,"rgb(214, 33, 42)",,Arnhem,"Arnhem, Netherlands",,,,,,,,,Yes,More Info,,https://www.mxgp.com/,,,,,,No
LL-0611,Bonneville Motorcycle Speed Trials,"Situated around thirteen-hundred metres above sea level and two-hundred kilometres west of the Utah state capital of Salt Lake City, the world-famous Bonneville Salt Flats International Raceway is an iconic location that has become synonymous with land speed record attempts.",23/08/2026 09:00,23/08/2026 22:00,Europe/London,No,,,Race meets,"rgb(214, 33, 42)",,,,,,,,,,,,Yes,More Info,,,,,,,,No
LL-0612,Bonneville Motorcycle Speed Trials,"Situated around thirteen-hundred metres above sea level and two-hundred kilometres west of the Utah state capital of Salt Lake City, the world-famous Bonneville Salt Flats International Raceway is an iconic location that has become synonymous with land speed record attempts.",24/08/2026 09:00,24/08/2026 22:00,Europe/London,No,,,Race meets,"rgb(214, 33, 42)",,,,,,,,,,,,Yes,More Info,,,,,,,,No
LL-0613,Bonneville Motorcycle Speed Trials,"Situated around thirteen-hundred metres above sea level and two-hundred kilometres west of the Utah state capital of Salt Lake City, the world-famous Bonneville Salt Flats International Raceway is an iconic location that has become synonymous with land speed record attempts.",25/08/2026 09:00,25/08/2026 22:00,Europe/London,No,,,Race meets,"rgb(214, 33, 42)",,,,,,,,,,,,Yes,More Info,,,,,,,,No
LL-0614,Bonneville Motorcycle Speed Trials,"Situated around thirteen-hundred metres above sea level and two-hundred kilometres west of the Utah state capital of Salt Lake City, the world-famous Bonneville Salt Flats International Raceway is an iconic location that has become synonymous with land speed record attempts.",26/08/2026 09:00,26/08/2026 22:00,Europe/London,No,,,Race meets,"rgb(214, 33, 42)",,,,,,,,,,,,Yes,More Info,,,,,,,,No
LL-0615,Bonneville Motorcycle Speed Trials,"Situated around thirteen-hundred metres above sea level and two-hundred kilometres west of the Utah state capital of Salt Lake City, the world-famous Bonneville Salt Flats International Raceway is an iconic location that has become synonymous with land speed record attempts.",27/08/2026 09:00,27/08/2026 22:00,Europe/London,No,,,Race meets,"rgb(214, 33, 42)",,,,,,,,,,,,Yes,More Info,,,,,,,,No
LL-0616,Bike Night at The Cross Keys - Pizza & Pop,"A new bike night at The Cross Keys in Upwood, Ramsey, Cambs, featuring Mooi Pizza and a soft drink for just £10. Plenty of parking and a friendly pub atmosphere make this the ideal Monday night ride out. All pizzas are cooked to order in a wood fired oven. Pre Order on 07355 397164 to avoid delays.",24/08/2026 09:00,24/08/2026 22:00,Europe/London,No,,,Bike meets,"rgb(214, 33, 42)",,The Cross Keys,"The Cross Keys, Upwood, Cambs",,,,,,,,,Yes,More Info,,https://mooipizza.co.uk/,,,,,,No
LL-0617,Poole Quay Bike Night,"Every Tuesday until the end of September - Music, local bars, food and retailers. 17:30 start, £3 entry.",25/08/2026 09:00,25/08/2026 22:00,Europe/London,No,,,Bike meets,"rgb(214, 33, 42)",,The Quay,"The Quay, Poole BH15 1HJ",,,,,,,,,Yes,More Info,,https://www.facebook.com/groups/11908800953,,,,,,No
LL-0618,Sugar Loaf Bike Night,Every Tuesday from 6pm. Themed nights - free soft drink with themed bikes. All bikes welcome.,25/08/2026 09:00,25/08/2026 22:00,Europe/London,No,,,Bike meets,"rgb(214, 33, 42)",,The Old Sugar Loaf,"The Old Sugar Loaf, 44 High St, Dunstable, LU6 1LA",,,,,,,,,Yes,More Info,,https://www.facebook.com/groups/1052463642347360/,,,,,,No
LL-0619,Bike Night at The White Swan,A welcoming bike night for all - every Tuesday. BBQ from 18:00 (weather permitting). Come and show off your pride and joy.,25/08/2026 09:00,25/08/2026 22:00,Europe/London,No,,,Bike meets,"rgb(214, 33, 42)",,The White Swan,"The White Swan, Conington, Cambs",,,,,,,,,Yes,More Info,,https://thewhiteswanconington.co.uk/comin-up/,,,,,,No
LL-0620,Gosport Motorbike Social,"A weekly Wednesday meet for like minded bikers from 6pm. Motorcycle ride outs, charity events, food and drinks - all welcome.",26/08/2026 09:00,26/08/2026 22:00,Europe/London,No,,,Bike meets,"rgb(214, 33, 42)",,The Rolling Scone Café,"The Rolling Scone Café, Gosport, Hants, PO13 9UB",,,,,,,,,Yes,More Info,,https://www.facebook.com/TheRollingSconesCafeGosport,,,,,,No
LL-0621,Wicked Wheelie Wednesdays,Come and show-off your bikes - 50cc to superbikes. Food available 17:00 - 20:00 - bar 15:00 - 22:00. Supporting a charity at every event.,26/08/2026 09:00,26/08/2026 22:00,Europe/London,No,,,Bike meets,"rgb(214, 33, 42)",,Hubbles @ Fendicks Fishery,"Hubbles @ Fendicks Fishery, Methwold Road, Whittington PE33 9GP",,,,,,,,,Yes,More Info,,https://www.fendicksfishery.com/,,,,,,No
LL-0622,Bike Night at The Hunters Inn,Meet up at The Hunters Inn - Freehouse pub with large car park and garden. Great biking roads in area and close to A32 and Loomies Café. Bike night - Thursdays from 18:00,27/08/2026 09:00,27/08/2026 22:00,Europe/London,No,,,Bike meets,"rgb(214, 33, 42)",,The Hunters Inn,"The Hunters Inn, Cott Street, Swanmore, Hants SO32 2PZ",,,,,,,,,Yes,More Info,,https://www.huntersinnpub.com/,,,,,,No
LL-0623,Bike Night at the Crown,Every Thursday from 6pm. Full menu available.,27/08/2026 09:00,27/08/2026 22:00,Europe/London,No,,,Bike meets,"rgb(214, 33, 42)",,The Crown,"The Crown, Main Road, Wormington, CO6 3AB",,,,,,,,,Yes,More Info,,https://www.facebook.com/crownwormingford/posts/bike-night-the-crown-wormingford-6pm-start-tomorrow-full-menu-is-on-our-website-/5102119659879933/,,,,,,No
LL-0624,John Bunyan Bike Night,"Great evening of New, Vintage, Custom, Sports and Classics - All welcome. Large carpark, great selection of foods and drinks",27/08/2026 09:00,27/08/2026 22:00,Europe/London,No,,,Bike meets,"rgb(214, 33, 42)",,John Bunyan Pub,"John Bunyan Pub, Coleman Green Ln, St Albans, AL4 8ES",,,,,,,,,Yes,More Info,,https://www.facebook.com/Johnbunyanpub.co.uk/?locale=en_GB,,,,,,No
LL-0625,Harley Night Monthly Meet,"Bike meet at the world famous Ace Café, North Circular, London - 18:00 start",27/08/2026 09:00,27/08/2026 22:00,Europe/London,No,,,Bike meets,"rgb(214, 33, 42)",,Ace Café,"Ace Café, Stonebridge, NW10 7UD",,,,,,,,,Yes,More Info,,https://london.acecafe.com/,,,,,,No
LL-0626,Darley Moor Trackday,"3 classes - Newcomers, Inters and Advanced with full or half days available. Qualified instructor available to offer tuition.",28/08/2026 09:00,28/08/2026 22:00,Europe/London,No,,,Bike track days,"rgb(214, 33, 42)",,Darley Moor Sports Centre,"Darley Moor Sports Centre, Derbyshire DE6 2ET",,,,,,,,,Yes,More Info,,https://www.darleymoor.co.uk/,,,,,,No
LL-0627,Shudy Camps Bike Meet,Real Ale Bar & Live Music - Camping and Food Stalls - Between Haverhill and Saffron Walden. W3W - TIMED.ONLINE.PARTING,28/08/2026 09:00,28/08/2026 22:00,Europe/London,No,,,Bike meets,"rgb(214, 33, 42)",,Shudy Camps,"Shudy Camps, Cambs CB21 4QZ",,,,,,,,,Yes,More Info,,https://www.facebook.com/profile.php?id=100027975176044&locale=en_GB,,,,,,No
LL-0628,MotoGP - Round 13 - Gran Premio de Aragón,"MotoGP showcases elite motorcycle racing, world-class riders, cutting-edge technology, intense rivalries, and thrilling high-speed battles across iconic circuits worldwide.",28/08/2026 09:00,28/08/2026 22:00,Europe/London,No,,,Race meets,"rgb(214, 33, 42)",,Motorland Aragon,"Motorland Aragon, Spain",,,,,,,,,Yes,More Info,,https://www.motogp.com/,,,,,,No
LL-0629,MotoGP - Round 13 - Gran Premio de Aragón,"MotoGP showcases elite motorcycle racing, world-class riders, cutting-edge technology, intense rivalries, and thrilling high-speed battles across iconic circuits worldwide.",29/08/2026 09:00,29/08/2026 22:00,Europe/London,No,,,Race meets,"rgb(214, 33, 42)",,Motorland Aragon,"Motorland Aragon, Spain",,,,,,,,,Yes,More Info,,https://www.motogp.com/,,,,,,No
LL-0630,MotoGP - Round 13 - Gran Premio de Aragón,"MotoGP showcases elite motorcycle racing, world-class riders, cutting-edge technology, intense rivalries, and thrilling high-speed battles across iconic circuits worldwide.",30/08/2026 09:00,30/08/2026 22:00,Europe/London,No,,,Race meets,"rgb(214, 33, 42)",,Motorland Aragon,"Motorland Aragon, Spain",,,,,,,,,Yes,More Info,,https://www.motogp.com/,,,,,,No
LL-0631,BMF Bike Meet,The BMF has decades of experience organising some of the best motorcycle shows and rallies throughout the UK,28/08/2026 09:00,28/08/2026 22:00,Europe/London,No,,,Motorcycle shows and events,"rgb(214, 33, 42)",,Mallory Park,"Mallory Park, Kirkby Mallory, Leics",,,,,,,,,Yes,More Info,,https://www.bmf.co.uk/events,,,,,,No
LL-0632,Wheels Motorcycles Bike Night,"Join like minded bikers for a catch up, grab a burger from Bowsers Burgers and browse the latest stock and accessories. Showrooms are open until 21:00. Last Thursday of the month (May-Sept)",28/08/2026 09:00,28/08/2026 22:00,Europe/London,No,,,Bike meets,"rgb(214, 33, 42)",,Wheels Motorcycles,"Wheels Motorcycles, Peterborough",,,,,,,,,Yes,More Info,,https://www.wheelsmotorcycles.co.uk/,,,,,,No
LL-0633,Bike Night + Performance & Fast Bikes Monthly Meet,"Bike meet at the world famous Ace Café, North Circular, London - 18:00 start",28/08/2026 09:00,28/08/2026 22:00,Europe/London,No,,,Bike meets,"rgb(214, 33, 42)",,Ace Café,"Ace Café, Stonebridge, NW10 7UD",,,,,,,,,Yes,More Info,,https://london.acecafe.com/,,,,,,No
LL-0634,Gosport Motorbike Social,"A weekly Wednesday meet for like minded bikers from 6pm. Motorcycle ride outs, charity events, food and drinks - all welcome.",29/08/2026 09:00,29/08/2026 22:00,Europe/London,No,,,Bike meets,"rgb(214, 33, 42)",,The Rolling Scone Café,"The Rolling Scone Café, Gosport, Hants, PO13 9UB",,,,,,,,,Yes,More Info,,https://www.facebook.com/TheRollingSconesCafeGosport,,,,,,No
LL-0635,Valleys Xtreme Dawn to Dust Enduro,"Up to 5 races run concurrently as part of the Dawn to Dusk Enduro including: Youth Races for 6-15 year-olds, 6 Hour Race, 10 Hour Race, 12 Hour Race and the Beast 24 Hour Race",29/08/2026 09:00,29/08/2026 22:00,Europe/London,No,,,Race meets,"rgb(214, 33, 42)",,Walters Arena,"Walters Arena, Brecon Beacons, Wales",,,,,,,,,Yes,More Info,,https://www.valleysxtreme.com/,,,,,,No
LL-0636,Valleys Xtreme Dawn to Dust Enduro,"Up to 5 races run concurrently as part of the Dawn to Dusk Enduro including: Youth Races for 6-15 year-olds, 6 Hour Race, 10 Hour Race, 12 Hour Race and the Beast 24 Hour Race",30/08/2026 09:00,30/08/2026 22:00,Europe/London,No,,,Race meets,"rgb(214, 33, 42)",,Walters Arena,"Walters Arena, Brecon Beacons, Wales",,,,,,,,,Yes,More Info,,https://www.valleysxtreme.com/,,,,,,No
LL-0637,British Superbike Championship - Round 8,"The most biggest and best national Championship in the world. 3 days of racing with Superbikes, Supersports, Sportsbike and many support classes.",29/08/2026 09:00,29/08/2026 22:00,Europe/London,No,,,Race meets,"rgb(214, 33, 42)",,Cadwell Park,"Cadwell Park, Lincs, NL11 9SE",,,,,,,,,Yes,More Info,,https://www.britishsuperbike.com/,,,,,,No
LL-0638,British Superbike Championship - Round 8,"The most biggest and best national Championship in the world. 3 days of racing with Superbikes, Supersports, Sportsbike and many support classes.",30/08/2026 09:00,30/08/2026 22:00,Europe/London,No,,,Race meets,"rgb(214, 33, 42)",,Cadwell Park,"Cadwell Park, Lincs, NL11 9SE",,,,,,,,,Yes,More Info,,https://www.britishsuperbike.com/,,,,,,No
LL-0639,British Superbike Championship - Round 8,"The most biggest and best national Championship in the world. 3 days of racing with Superbikes, Supersports, Sportsbike and many support classes.",31/08/2026 09:00,31/08/2026 22:00,Europe/London,No,,,Race meets,"rgb(214, 33, 42)",,Cadwell Park,"Cadwell Park, Lincs, NL11 9SE",,,,,,,,,Yes,More Info,,https://www.britishsuperbike.com/,,,,,,No
LL-0640,Dawn to Dusk Enduro,Up to 5 races run concurrently as part of the Dawn to Dusk Enduro event.,29/08/2026 09:00,29/08/2026 22:00,Europe/London,No,,,Race meets,"rgb(214, 33, 42)",,Vale of Neath,"Vale of Neath, Wales",,,,,,,,,Yes,More Info,,https://www.dawntoduskenduro.co.uk/,,,,,,No
LL-0641,Dawn to Dusk Enduro,Up to 5 races run concurrently as part of the Dawn to Dusk Enduro event.,30/08/2026 09:00,30/08/2026 22:00,Europe/London,No,,,Race meets,"rgb(214, 33, 42)",,Vale of Neath,"Vale of Neath, Wales",,,,,,,,,Yes,More Info,,https://www.dawntoduskenduro.co.uk/,,,,,,No
LL-0642,Watton Bike Weekend,"Enjoy live music, plenty of food stalls, Inside and outside bar and lots of surprises. Fancy testing your rodeo skills? Well try our mechanical bull to show off how good you really are! Whether you're young or old, new to bikes or riding for half a century you'll find Watton Motorcycle Weekend the slot you'll always want to keep in your diary.",29/08/2026 09:00,29/08/2026 22:00,Europe/London,No,,,Motorcycle shows and events,"rgb(214, 33, 42)",,Watton Sports Association & Social Club,"Watton Sports Association & Social Club, 69 Dereham Rd, Watton, Thetford IP25 6EZ",,,,,,,,,Yes,More Info,,https://www.wattonbikeweekend.online/,,,,,,No
LL-0643,Watton Bike Weekend,"Enjoy live music, plenty of food stalls, Inside and outside bar and lots of surprises. Fancy testing your rodeo skills? Well try our mechanical bull to show off how good you really are! Whether you're young or old, new to bikes or riding for half a century you'll find Watton Motorcycle Weekend the slot you'll always want to keep in your diary.",30/08/2026 09:00,30/08/2026 22:00,Europe/London,No,,,Motorcycle shows and events,"rgb(214, 33, 42)",,Watton Sports Association & Social Club,"Watton Sports Association & Social Club, 69 Dereham Rd, Watton, Thetford IP25 6EZ",,,,,,,,,Yes,More Info,,https://www.wattonbikeweekend.online/,,,,,,No
LL-0644,Club Championships - Classic RMC R6,"The Classic Racing Motorcycle Club (also known as the CRMC) is one of the largest and most respected racing motorcycle clubs dedicated to the preservation and use of post-war racing and sports machines. Close racing, full grids, plus parades and friendly race paddocks at the best racing circuits throughout the UK - CRMC race weekends offer riders, officials and spectators a memorable taste of racing from the past.",29/08/2026 09:00,29/08/2026 22:00,Europe/London,No,,,Race meets,"rgb(214, 33, 42)",,Anglesey Trac Mon Coastal Circuit,"Anglesey Trac Mon Coastal Circuit, Anglesey",,,,,,,,,Yes,More Info,,https://www.crmc.co.uk/,,,,,,No
LL-0645,Club Championships - Classic RMC R6,"The Classic Racing Motorcycle Club (also known as the CRMC) is one of the largest and most respected racing motorcycle clubs dedicated to the preservation and use of post-war racing and sports machines. Close racing, full grids, plus parades and friendly race paddocks at the best racing circuits throughout the UK - CRMC race weekends offer riders, officials and spectators a memorable taste of racing from the past.",30/08/2026 09:00,30/08/2026 22:00,Europe/London,No,,,Race meets,"rgb(214, 33, 42)",,Anglesey Trac Mon Coastal Circuit,"Anglesey Trac Mon Coastal Circuit, Anglesey",,,,,,,,,Yes,More Info,,https://www.crmc.co.uk/,,,,,,No
LL-0646,FIM Flat Track World Championship - R6,The FIM Flat Track World Championship is the premier competition organized by FIM on the sport of flat track racing.,29/08/2026 09:00,29/08/2026 22:00,Europe/London,No,,,Race meets,"rgb(214, 33, 42)",,King's Lynn,"King's Lynn, Norfolk",,,,,,,,,Yes,More Info,,https://www.fim-live.com/,,,,,,No
LL-0647,Ripon Clubs & Classics Performance Motor Show,"Over 500 historic vehicles, including classic cars, Land Rovers, motorcycles, vans, kit cars, custom, modern classics, commercials, trucks, and ex-military vehicles. With rows of displays and truckloads of enthusiasts keen to trade tips, there’s plenty to delight every motoring devotee.",30/08/2026 09:00,30/08/2026 22:00,Europe/London,No,,,Motorcycle shows and events,"rgb(214, 33, 42)",,Ripon Racecourse,"Ripon Racecourse, Yorks HG4 1UG",,,,,,,,,Yes,More Info,,https://www.greatbritishmotorshows.com/,,,,,,No
LL-0648,Harley-Davidson Day,Bike meet at the world famous Ace Café - 09:00 start,30/08/2026 09:00,30/08/2026 22:00,Europe/London,No,,,Bike meets,"rgb(214, 33, 42)",,Ace Café,"Ace Café, Stonebridge, NW10 7UD",,,,,,,,,Yes,More Info,,https://london.acecafe.com/,,,,,,No
LL-0649,Cheshire Classic Car & Motorcycle Show (inc Jaguar Day and Mercedes-Benz Day),"Classic Shows events offer a fantastic day out for all of the family and not just car and bike enthusiasts! The events are held at some of the finest country homes in the UK and provide an impressive backdrop to a display of rare and interesting classic vehicles. Many venues allow tours of the country house, grounds and / or also include children’s play facilities in addition to unique shops, food offerings and the retail of local produce.",30/08/2026 09:00,30/08/2026 22:00,Europe/London,No,,,Motorcycle shows and events,"rgb(214, 33, 42)",,Capesthorne Hall,"Capesthorne Hall, Macclesfield, Cheshire, SK11 9JY",,,,,,,,,Yes,More Info,,https://www.classicshows.org/,,,,,,No
LL-0650,Cheshire Classic Car & Motorcycle Show (inc Jaguar Day and Mercedes-Benz Day),"Classic Shows events offer a fantastic day out for all of the family and not just car and bike enthusiasts! The events are held at some of the finest country homes in the UK and provide an impressive backdrop to a display of rare and interesting classic vehicles. Many venues allow tours of the country house, grounds and / or also include children’s play facilities in addition to unique shops, food offerings and the retail of local produce.",31/08/2026 09:00,31/08/2026 22:00,Europe/London,No,,,Motorcycle shows and events,"rgb(214, 33, 42)",,Capesthorne Hall,"Capesthorne Hall, Macclesfield, Cheshire, SK11 9JY",,,,,,,,,Yes,More Info,,https://www.classicshows.org/,,,,,,No
LL-0651,MSV General Track Day,"MSV Trackdays (MSVT) offers car and bike track day events to suit all levels of experience and ability at these brilliant circuits across the UK, all of which are owned or operated by MSV.",30/08/2026 09:00,30/08/2026 22:00,Europe/London,No,,,Bike track days,"rgb(214, 33, 42)",,Circuito de Navarra,Circuito de Navarra,,,,,,,,,Yes,More Info,,https://msvtrackdays.com/,,,,,,No
LL-0652,Coleshill Auto Breakfast Meet,"Join the Coleshill Auto Breakfast meet at the Triumph Visitor Experience for their monthly meet. The Club are active fund raisers for the Warks and Solihull Blood Bikers, so call in and enjoy some of the most incredible vehicles on display.",30/08/2026 09:00,30/08/2026 22:00,Europe/London,No,,,Bike meets,"rgb(214, 33, 42)",,Triumph Visitor Experience,Triumph Visitor Experience,,,,,,,,,Yes,More Info,,https://www.triumphmotorcycles.co.uk/for-the-ride/experiences/factory-visitor-experience/events,,,,,,No
LL-0653,Poole Quay Bike Night,"Every Tuesday until the end of September - Music, local bars, food and retailers. 17:30 start, £3 entry.",01/09/2026 09:00,01/09/2026 22:00,Europe/London,No,,,Bike meets,"rgb(214, 33, 42)",,The Quay,"The Quay, Poole BH15 1HJ",,,,,,,,,Yes,More Info,,https://www.facebook.com/groups/11908800953,,,,,,No
LL-0654,Sugar Loaf Bike Night,Every Tuesday from 6pm. Themed nights - free soft drink with themed bikes. All bikes welcome.,01/09/2026 09:00,01/09/2026 22:00,Europe/London,No,,,Bike meets,"rgb(214, 33, 42)",,The Old Sugar Loaf,"The Old Sugar Loaf, 44 High St, Dunstable, LU6 1LA",,,,,,,,,Yes,More Info,,https://www.facebook.com/groups/1052463642347360/,,,,,,No
LL-0655,Walden Bikers Bike Night,"Where riders of all ages, all abilities, with all types of bikes can meet and ride out with other like minded motorcyclists.",01/09/2026 09:00,01/09/2026 22:00,Europe/London,No,,,Bike meets,"rgb(214, 33, 42)",,The Old Kiora,"The Old Kiora, Newport, Saffron Walden, CB11 3SY",,,,,,,,,Yes,More Info,,https://www.facebook.com/groups/waldenbikers/?locale=en_GB,,,,,,No
LL-0656,Bike Night at The White Swan,A welcoming bike night for all - every Tuesday. BBQ from 18:00 (weather permitting). Come and show off your pride and joy.,01/09/2026 09:00,01/09/2026 22:00,Europe/London,No,,,Bike meets,"rgb(214, 33, 42)",,The White Swan,"The White Swan, Conington, Cambs",,,,,,,,,Yes,More Info,,https://thewhiteswanconington.co.uk/comin-up/,,,,,,No
LL-0657,Gosport Motorbike Social,"A weekly Wednesday meet for like minded bikers from 6pm. Motorcycle ride outs, charity events, food and drinks - all welcome.",02/09/2026 09:00,02/09/2026 22:00,Europe/London,No,,,Bike meets,"rgb(214, 33, 42)",,The Rolling Scone Café,"The Rolling Scone Café, Gosport, Hants, PO13 9UB",,,,,,,,,Yes,More Info,,https://www.facebook.com/TheRollingSconesCafeGosport,,,,,,No
LL-0658,Wicked Wheelie Wednesdays,Come and show-off your bikes - 50cc to superbikes. Food available 17:00 - 20:00 - bar 15:00 - 22:00. Supporting a charity at every event.,02/09/2026 09:00,02/09/2026 22:00,Europe/London,No,,,Bike meets,"rgb(214, 33, 42)",,Hubbles @ Fendicks Fishery,"Hubbles @ Fendicks Fishery, Methwold Road, Whittington PE33 9GP",,,,,,,,,Yes,More Info,,https://www.fendicksfishery.com/,,,,,,No
LL-0659,Motorcycle Track Training with James Whitham,"James Whitham motorcycle track training days at Anglesey, Croft, Cadwell and Mallory Park Circuits are rider focused with the emphasis on practical coaching, both on and off the track on the aspects of riding that you want to improve, alongside one-to-one tuition from James and his team of riders that are at the top of their game.",02/09/2026 09:00,02/09/2026 22:00,Europe/London,No,,,Bike track days,"rgb(214, 33, 42)",,Trac Môn Anglesey Circuit,"Trac Môn Anglesey Circuit, Anglesey",,,,,,,,,Yes,More Info,,https://www.jameswhitham.com/calendar-and-booking,,,,,,No
LL-0660,Motorcycle Track Training with James Whitham,"James Whitham motorcycle track training days at Anglesey, Croft, Cadwell and Mallory Park Circuits are rider focused with the emphasis on practical coaching, both on and off the track on the aspects of riding that you want to improve, alongside one-to-one tuition from James and his team of riders that are at the top of their game.",03/09/2026 09:00,03/09/2026 22:00,Europe/London,No,,,Bike track days,"rgb(214, 33, 42)",,Trac Môn Anglesey Circuit,"Trac Môn Anglesey Circuit, Anglesey",,,,,,,,,Yes,More Info,,https://www.jameswhitham.com/calendar-and-booking,,,,,,No
LL-0661,The Chequered Flag Cafe Bike Night,"A monthly Wednesday night meet at the Chequered Flag Cafe. Full menu available of great hot foods and drinks. Extra drinks stall outside to save queuing Stalls, ice-cream and live music. All welcome!",02/09/2026 09:00,02/09/2026 22:00,Europe/London,No,,,Bike meets,"rgb(214, 33, 42)",,Darley Moor,"Darley Moor, Ashbourne, DE6 2ET",,,,,,,,,Yes,More Info,,https://www.facebook.com/profile.php?id=61572162905976&sk=events,,,,,,No
LL-0662,Bike Night at The Hunters Inn,Meet up at The Hunters Inn - Freehouse pub with large car park and garden. Great biking roads in area and close to A32 and Loomies Café. Bike night - Thursdays from 18:00,03/09/2026 09:00,03/09/2026 22:00,Europe/London,No,,,Bike meets,"rgb(214, 33, 42)",,The Hunters Inn,"The Hunters Inn, Cott Street, Swanmore, Hants SO32 2PZ",,,,,,,,,Yes,More Info,,https://www.huntersinnpub.com/,,,,,,No
LL-0663,Bike Night at the Crown,Every Thursday from 6pm. Full menu available.,03/09/2026 09:00,03/09/2026 22:00,Europe/London,No,,,Bike meets,"rgb(214, 33, 42)",,The Crown,"The Crown, Main Road, Wormington, CO6 3AB",,,,,,,,,Yes,More Info,,https://www.facebook.com/crownwormingford/posts/bike-night-the-crown-wormingford-6pm-start-tomorrow-full-menu-is-on-our-website-/5102119659879933/,,,,,,No
LL-0664,Swan Inn Bike Night,"Large Car park, indoor and outdoor seating, Stone Baked Pizza, 6pm onwards, all bikes welcome",03/09/2026 09:00,03/09/2026 22:00,Europe/London,No,,,Bike meets,"rgb(214, 33, 42)",,The Swan Inn at Letton,"The Swan Inn at Letton, A438 btwn Hereford and Hay-on-Wye",,,,,,,,,Yes,More Info,,https://www.facebook.com/swaninnletton,,,,,,No
LL-0665,Mod 'n' Mini Night & Classic Scooters Monthly Meet,"Bike meet at the world famous Ace Café, North Circular, London - 18:00 start",03/09/2026 09:00,03/09/2026 22:00,Europe/London,No,,,Bike meets,"rgb(214, 33, 42)",,Ace Café,"Ace Café, Stonebridge, NW10 7UD",,,,,,,,,Yes,More Info,,https://london.acecafe.com/,,,,,,No
LL-0666,Ace Café Reunion Weekend - Continental Ride In,Bike meet at the world famous Ace Café - 18:00 start,04/09/2026 09:00,04/09/2026 22:00,Europe/London,No,,,Bike meets,"rgb(214, 33, 42)",,Ace Café,"Ace Café, Stonebridge, NW10 7UD",,,,,,,,,Yes,More Info,,https://london.acecafe.com/,,,,,,No
LL-0667,"World Superbike Championship - Round 9, France","With up to four races per round, the action is spread over two days. WSBK, WSSP, WSSP300 and WCR",04/09/2026 09:00,04/09/2026 22:00,Europe/London,No,,,Race meets,"rgb(214, 33, 42)",,Circuit de Nevers Magny-Cours,Circuit de Nevers Magny-Cours,,,,,,,,,Yes,More Info,,https://www.worldsbk.com/,,,,,,No
LL-0668,"World Superbike Championship - Round 9, France","With up to four races per round, the action is spread over two days. WSBK, WSSP, WSSP300 and WCR",05/09/2026 09:00,05/09/2026 22:00,Europe/London,No,,,Race meets,"rgb(214, 33, 42)",,Circuit de Nevers Magny-Cours,Circuit de Nevers Magny-Cours,,,,,,,,,Yes,More Info,,https://www.worldsbk.com/,,,,,,No
LL-0669,"World Superbike Championship - Round 9, France","With up to four races per round, the action is spread over two days. WSBK, WSSP, WSSP300 and WCR",06/09/2026 09:00,06/09/2026 22:00,Europe/London,No,,,Race meets,"rgb(214, 33, 42)",,Circuit de Nevers Magny-Cours,Circuit de Nevers Magny-Cours,,,,,,,,,Yes,More Info,,https://www.worldsbk.com/,,,,,,No
LL-0670,Bike Night & Streetfighters Monthly Meet,"Bike meet at the world famous Ace Café, North Circular, London - 18:00 start",04/09/2026 09:00,04/09/2026 22:00,Europe/London,No,,,Bike meets,"rgb(214, 33, 42)",,Ace Café,"Ace Café, Stonebridge, NW10 7UD",,,,,,,,,Yes,More Info,,https://london.acecafe.com/,,,,,,No
LL-0671,Ace Café Reunion Weekend Party & London Ride Out,Bike meet at the world famous Ace Café - 09:00 start,05/09/2026 09:00,05/09/2026 22:00,Europe/London,No,,,Bike meets,"rgb(214, 33, 42)",,Ace Café,"Ace Café, Stonebridge, NW10 7UD",,,,,,,,,Yes,More Info,,https://london.acecafe.com/,,,,,,No
LL-0672,Ace Café Reunion Weekend Party & London Ride Out,Bike meet at the world famous Ace Café - 09:00 start,06/09/2026 09:00,06/09/2026 22:00,Europe/London,No,,,Bike meets,"rgb(214, 33, 42)",,Ace Café,"Ace Café, Stonebridge, NW10 7UD",,,,,,,,,Yes,More Info,,https://london.acecafe.com/,,,,,,No
LL-0673,The Lakeland Historic Car & Bike Club,"The Lakeland Historic Car Club meets on the first Saturday of every month at the museum and Cafe Ambio. Everyone is welcome to attend whether you're an owner, enthusiast or just keen to see some great examples of some classic local cars and bikes. The club roughly arrives at the museum around 10am and leaves after lunch (around 12.30pm).",05/09/2026 09:00,05/09/2026 22:00,Europe/London,No,,,Motorcycle shows and events,"rgb(214, 33, 42)",,Lakeland Motor Museum,"Lakeland Motor Museum, Backbarrow, nr. Ulverston, Cumbria LA12 8TA",,,,,,,,,Yes,More Info,,https://www.lakelandmotormuseum.co.uk/,,,,,,No
LL-0674,British MotorCycle Racing Club (Bemsee) - MRO Championship,Club racing at its finest.,05/09/2026 09:00,05/09/2026 22:00,Europe/London,No,,,Race meets,"rgb(214, 33, 42)",,Snetterton,"Snetterton, Norfolk, NR16 2JU",,,,,,,,,Yes,More Info,,https://www.bemsee.net/,,,,,,No
LL-0675,British MotorCycle Racing Club (Bemsee) - MRO Championship,Club racing at its finest.,06/09/2026 09:00,06/09/2026 22:00,Europe/London,No,,,Race meets,"rgb(214, 33, 42)",,Snetterton,"Snetterton, Norfolk, NR16 2JU",,,,,,,,,Yes,More Info,,https://www.bemsee.net/,,,,,,No
LL-0676,Rufforth Autojumble,"A total of 350 pitches with up to 3000 buyers attending. On site facilities include a 5 star cafe, disabled parking and new large toilet facilities. Dogs welcome, but must be kept on lead at all times.",05/09/2026 09:00,05/09/2026 22:00,Europe/London,No,,,Motorcycle shows and events,"rgb(214, 33, 42)",,Rufforth Park,"Rufforth Park, Yorks, YO23 3QH",,,,,,,,,Yes,More Info,,https://www.rufforthautojumble.com/,,,,,,No
LL-0677,Festival of Transport and Autojumble,"Classic Shows events offer a fantastic day out for all of the family and not just car and bike enthusiasts! The events are held at some of the finest country homes in the UK and provide an impressive backdrop to a display of rare and interesting classic vehicles. Many venues allow tours of the country house, grounds and / or also include children’s play facilities in addition to unique shops, food offerings and the retail of local produce.",06/09/2026 09:00,06/09/2026 22:00,Europe/London,No,,,Motorcycle shows and events,"rgb(214, 33, 42)",,Three Counties Showground,"Three Counties Showground, Worcs, WR13 6NW",,,,,,,,,Yes,More Info,,https://www.classicshows.org/,,,,,,No
LL-0678,Ace Café Reunion Weekend - Brighton Burn Up,Bike meet at the world famous Ace Café - 09:00 start,06/09/2026 09:00,06/09/2026 22:00,Europe/London,No,,,Bike meets,"rgb(214, 33, 42)",,Ace Café,"Ace Café, Stonebridge, NW10 7UD",,,,,,,,,Yes,More Info,,https://london.acecafe.com/,,,,,,No
LL-0679,East Midlands Racing Association (EMRA) - Rnd 5,Grass roots racing at its best - East Midlands Racing Association,06/09/2026 09:00,06/09/2026 22:00,Europe/London,No,,,Race meets,"rgb(214, 33, 42)",,Mallory Park,"Mallory Park, Leics, LE9 7QE",,,,,,,,,Yes,More Info,,https://www.eastmidlandracing.co.uk/,,,,,,No
LL-0680,Cheshire Signature Classic & Performance Show,"Displays of classic cars, light commercials, motorcycles, kit cars, custom, modern classics and classic Land Rovers, as well as an exciting auto jumble and a host of trade stands.",06/09/2026 09:00,06/09/2026 22:00,Europe/London,No,,,Motorcycle shows and events,"rgb(214, 33, 42)",,Arley Hall,"Arley Hall, Northwich, Cheshire, CW9 6NA",,,,,,,,,Yes,More Info,,https://www.greatbritishmotorshows.com/,,,,,,No
LL-0681,Kickback Custom Classic Bike Show,"We are excited to be hosting this amazing event again after a very successful day last year and look forward to welcoming you all either with your bikes or to view those on display! A shout out to custom car owners – hopefully some of you will bring them to the show, where there will be a special parking area. Please note this is a ticketed event only so no access without coming through the entrance tent. The whole complex is being given over to this event with bikes and traders using the carpark as well as the courtyard.",06/09/2026 09:00,06/09/2026 22:00,Europe/London,No,,,Motorcycle shows and events,"rgb(214, 33, 42)",,New Milton,"New Milton, Hants BH25 5SZ",,,,,,,,,Yes,More Info,,https://www.sammymiller.co.uk/,,,,,,No
LL-0682,East Anglian Copdock Bike Show,Gates open at 9.00am for this sensational event which covers all the various aspects of motorcycling. This year overnight on-site Camping will be available from midday on Friday 30th August.,06/09/2026 09:00,06/09/2026 22:00,Europe/London,No,,,Motorcycle shows and events,"rgb(214, 33, 42)",,Trinity Park,"Trinity Park, Ipswich IP3 8UH",,,,,,,,,Yes,More Info,,https://eacbikeshow.co.uk/,,,,,,No
LL-0683,Ace Café Club Autumn Meet,Bike meet at the world famous Ace Café - 18:00 start,06/09/2026 09:00,06/09/2026 22:00,Europe/London,No,,,Bike meets,"rgb(214, 33, 42)",,Ace Café,"Ace Café, Stonebridge, NW10 7UD",,,,,,,,,Yes,More Info,,https://london.acecafe.com/,,,,,,No
LL-0684,FIM MX GP of Turkey - Motocross World Championship,"The premier championship of motocross racing, plus support events.",06/09/2026 09:00,06/09/2026 22:00,Europe/London,No,,,Race meets,"rgb(214, 33, 42)",,Afyonkarahisar,"Afyonkarahisar, Turkey",,,,,,,,,Yes,More Info,,https://www.mxgp.com/,,,,,,No
LL-0685,Bikestop Breakfast Ride Out,First Sunday of the month from March through to November. Guiding help from local clubs and fuelled by the BikeStop special breakfast,06/09/2026 09:00,06/09/2026 22:00,Europe/London,No,,,Motorcycle ride outs,"rgb(214, 33, 42)",,Bike Stop,"Bike Stop, 104 High St, Stevenage SG1 3DW",,,,,,,,,Yes,More Info,,https://www.bikestop.co.uk/blog/category/events,,,,,,No
LL-0686,Cheshire Signature Classic & Performance Motor Show,"The Cheshire Signature Classic & Performance Motor Show returns to the stunning grounds of Arley Hall & Gardens, Northwich, on Sunday 6th September 2026. This flagship event in the Great British Motor Shows calendar brings together some of the finest vehicles from across the North West, Midlands and beyond for an unforgettable day out.",06/09/2026 09:00,06/09/2026 22:00,Europe/London,No,,,Motorcycle shows and events,"rgb(214, 33, 42)",,,,,,,,,,,,Yes,More Info,,,,,,,,No
LL-0687,Bike Night at The Cross Keys - Pizza & Pop,"A new bike night at The Cross Keys in Upwood, Ramsey, Cambs, featuring Mooi Pizza and a soft drink for just £10. Plenty of parking and a friendly pub atmosphere make this the ideal Monday night ride out. All pizzas are cooked to order in a wood fired oven. Pre Order on 07355 397164 to avoid delays.",07/09/2026 09:00,07/09/2026 22:00,Europe/London,No,,,Bike meets,"rgb(214, 33, 42)",,The Cross Keys,"The Cross Keys, Upwood, Cambs",,,,,,,,,Yes,More Info,,https://mooipizza.co.uk/,,,,,,No
LL-0688,German Night & Auto Scoots Monthly Meet,"Bike meet at the world famous Ace Café, North Circular, London - 18:00 start",07/09/2026 09:00,07/09/2026 22:00,Europe/London,No,,,Bike meets,"rgb(214, 33, 42)",,Ace Café,"Ace Café, Stonebridge, NW10 7UD",,,,,,,,,Yes,More Info,,https://london.acecafe.com/,,,,,,No
LL-0689,Poole Quay Bike Night,"Every Tuesday until the end of September - Music, local bars, food and retailers. 17:30 start, £3 entry.",08/09/2026 09:00,08/09/2026 22:00,Europe/London,No,,,Bike meets,"rgb(214, 33, 42)",,The Quay,"The Quay, Poole BH15 1HJ",,,,,,,,,Yes,More Info,,https://www.facebook.com/groups/11908800953,,,,,,No
LL-0690,Sugar Loaf Bike Night,Every Tuesday from 6pm. Themed nights - free soft drink with themed bikes. All bikes welcome.,08/09/2026 09:00,08/09/2026 22:00,Europe/London,No,,,Bike meets,"rgb(214, 33, 42)",,The Old Sugar Loaf,"The Old Sugar Loaf, 44 High St, Dunstable, LU6 1LA",,,,,,,,,Yes,More Info,,https://www.facebook.com/groups/1052463642347360/,,,,,,No
LL-0691,Motorcycle Novice Track Training with James Whitham (98db),"James Whitham motorcycle track training days at Anglesey, Croft, Cadwell and Mallory Park Circuits are rider focused with the emphasis on practical coaching, both on and off the track on the aspects of riding that you want to improve, alongside one-to-one tuition from James and his team of riders that are at the top of their game.",08/09/2026 09:00,08/09/2026 22:00,Europe/London,No,,,Bike track days,"rgb(214, 33, 42)",,Mallory Park,"Mallory Park, Leics, LE9 7QE",,,,,,,,,Yes,More Info,,https://www.jameswhitham.com/calendar-and-booking,,,,,,No
LL-0692,Bike Night at The White Swan,A welcoming bike night for all - every Tuesday. BBQ from 18:00 (weather permitting). Come and show off your pride and joy.,08/09/2026 09:00,08/09/2026 22:00,Europe/London,No,,,Bike meets,"rgb(214, 33, 42)",,The White Swan,"The White Swan, Conington, Cambs",,,,,,,,,Yes,More Info,,https://thewhiteswanconington.co.uk/comin-up/,,,,,,No
LL-0693,Superpole PillionXperience with James Whitham,"James Whitham motorcycle track training days at Anglesey, Croft, Cadwell and Mallory Park Circuits are rider focused with the emphasis on practical coaching, both on and off the track on the aspects of riding that you want to improve, alongside one-to-one tuition from James and his team of riders that are at the top of their game.",08/09/2026 09:00,08/09/2026 22:00,Europe/London,No,,,Bike track days,"rgb(214, 33, 42)",,Mallory Park,"Mallory Park, Leics, LE9 7QE",,,,,,,,,Yes,More Info,,https://www.jameswhitham.com/calendar-and-booking,,,,,,No
LL-0694,Gosport Motorbike Social,"A weekly Wednesday meet for like minded bikers from 6pm. Motorcycle ride outs, charity events, food and drinks - all welcome.",09/09/2026 09:00,09/09/2026 22:00,Europe/London,No,,,Bike meets,"rgb(214, 33, 42)",,The Rolling Scone Café,"The Rolling Scone Café, Gosport, Hants, PO13 9UB",,,,,,,,,Yes,More Info,,https://www.facebook.com/TheRollingSconesCafeGosport,,,,,,No
LL-0695,Triumph Bike Night,"The Triumph Visitor Experience hosts monthly bike nights to cater for all riders. Cafe, exhibit and shop open throughout, burgers and vegetarian options being served. 17:30 - 20:00",09/09/2026 09:00,09/09/2026 22:00,Europe/London,No,,,Bike meets,"rgb(214, 33, 42)",,Triumph Visitor Experience,"Triumph Visitor Experience, Hinckley",,,,,,,,,Yes,More Info,,https://www.triumphmotorcycles.co.uk/for-the-ride/experiences/factory-visitor-experience/events,,,,,,No
LL-0696,Wicked Wheelie Wednesdays,Come and show-off your bikes - 50cc to superbikes. Food available 17:00 - 20:00 - bar 15:00 - 22:00. Supporting a charity at every event.,09/09/2026 09:00,09/09/2026 22:00,Europe/London,No,,,Bike meets,"rgb(214, 33, 42)",,Hubbles @ Fendicks Fishery,"Hubbles @ Fendicks Fishery, Methwold Road, Whittington PE33 9GP",,,,,,,,,Yes,More Info,,https://www.fendicksfishery.com/,,,,,,No
LL-0697,Brit Bikes Night Classic & Modern,"Bike meet at the world famous Ace Café, North Circular, London - 18:00 start",09/09/2026 09:00,09/09/2026 22:00,Europe/London,No,,,Bike meets,"rgb(214, 33, 42)",,Ace Café,"Ace Café, Stonebridge, NW10 7UD",,,,,,,,,Yes,More Info,,https://london.acecafe.com/,,,,,,No
LL-0698,FIA/FIM Euro Finals,The European Finals showcases drag racing at its very best,10/09/2026 09:00,10/09/2026 22:00,Europe/London,No,,,Race meets,"rgb(214, 33, 42)",,Santapod Raceway,"Santapod Raceway, Beds, NN29 7XA",,,,,,,,,Yes,More Info,,https://www.santapod.co.uk/,,,,,,No
LL-0699,FIA/FIM Euro Finals,The European Finals showcases drag racing at its very best,11/09/2026 09:00,11/09/2026 22:00,Europe/London,No,,,Race meets,"rgb(214, 33, 42)",,Santapod Raceway,"Santapod Raceway, Beds, NN29 7XA",,,,,,,,,Yes,More Info,,https://www.santapod.co.uk/,,,,,,No
LL-0700,FIA/FIM Euro Finals,The European Finals showcases drag racing at its very best,12/09/2026 09:00,12/09/2026 22:00,Europe/London,No,,,Race meets,"rgb(214, 33, 42)",,Santapod Raceway,"Santapod Raceway, Beds, NN29 7XA",,,,,,,,,Yes,More Info,,https://www.santapod.co.uk/,,,,,,No
LL-0701,FIA/FIM Euro Finals,The European Finals showcases drag racing at its very best,13/09/2026 09:00,13/09/2026 22:00,Europe/London,No,,,Race meets,"rgb(214, 33, 42)",,Santapod Raceway,"Santapod Raceway, Beds, NN29 7XA",,,,,,,,,Yes,More Info,,https://www.santapod.co.uk/,,,,,,No
LL-0702,Bike Night at The Hunters Inn,Meet up at The Hunters Inn - Freehouse pub with large car park and garden. Great biking roads in area and close to A32 and Loomies Café. Bike night - Thursdays from 18:00,10/09/2026 09:00,10/09/2026 22:00,Europe/London,No,,,Bike meets,"rgb(214, 33, 42)",,The Hunters Inn,"The Hunters Inn, Cott Street, Swanmore, Hants SO32 2PZ",,,,,,,,,Yes,More Info,,https://www.huntersinnpub.com/,,,,,,No
LL-0703,Bike Night at the Crown,Every Thursday from 6pm. Full menu available.,10/09/2026 09:00,10/09/2026 22:00,Europe/London,No,,,Bike meets,"rgb(214, 33, 42)",,The Crown,"The Crown, Main Road, Wormington, CO6 3AB",,,,,,,,,Yes,More Info,,https://www.facebook.com/crownwormingford/posts/bike-night-the-crown-wormingford-6pm-start-tomorrow-full-menu-is-on-our-website-/5102119659879933/,,,,,,No
LL-0704,Room 24 Bike Night,2nd Thursday of every month - Drink and meal available - check socials for Meal Deal. All bikes welcome.,10/09/2026 09:00,10/09/2026 22:00,Europe/London,No,,,Bike meets,"rgb(214, 33, 42)",,Room 24,"Room 24, Eastern Esplanade, Southend-on-Sea, SS1 2ER",,,,,,,,,Yes,More Info,,https://www.facebook.com/room.twentyfour.7/?locale=en_GB,,,,,,No
LL-0705,John Bunyan Bike Night,"Great evening of New, Vintage, Custom, Sports and Classics - All welcome. Large carpark, great selection of foods and drinks",10/09/2026 09:00,10/09/2026 22:00,Europe/London,No,,,Bike meets,"rgb(214, 33, 42)",,John Bunyan Pub,"John Bunyan Pub, Coleman Green Ln, St Albans, AL4 8ES",,,,,,,,,Yes,More Info,,https://www.facebook.com/Johnbunyanpub.co.uk/?locale=en_GB,,,,,,No
LL-0706,Italian Night,"Bike meet at the world famous Ace Café, North Circular, London - 18:00 start",10/09/2026 09:00,10/09/2026 22:00,Europe/London,No,,,Bike meets,"rgb(214, 33, 42)",,Ace Café,"Ace Café, Stonebridge, NW10 7UD",,,,,,,,,Yes,More Info,,https://london.acecafe.com/,,,,,,No
LL-0707,MotoGP - Round 14 - Gran Premio di San Marino e della Riviera di Rimini,"MotoGP showcases elite motorcycle racing, world-class riders, cutting-edge technology, intense rivalries, and thrilling high-speed battles across iconic circuits worldwide.",11/09/2026 09:00,11/09/2026 22:00,Europe/London,No,,,Race meets,"rgb(214, 33, 42)",,Misano World Circuit Marco Simoncelli,"Misano World Circuit Marco Simoncelli, Italy",,,,,,,,,Yes,More Info,,https://www.motogp.com/,,,,,,No
LL-0708,MotoGP - Round 14 - Gran Premio di San Marino e della Riviera di Rimini,"MotoGP showcases elite motorcycle racing, world-class riders, cutting-edge technology, intense rivalries, and thrilling high-speed battles across iconic circuits worldwide.",12/09/2026 09:00,12/09/2026 22:00,Europe/London,No,,,Race meets,"rgb(214, 33, 42)",,Misano World Circuit Marco Simoncelli,"Misano World Circuit Marco Simoncelli, Italy",,,,,,,,,Yes,More Info,,https://www.motogp.com/,,,,,,No
LL-0709,MotoGP - Round 14 - Gran Premio di San Marino e della Riviera di Rimini,"MotoGP showcases elite motorcycle racing, world-class riders, cutting-edge technology, intense rivalries, and thrilling high-speed battles across iconic circuits worldwide.",13/09/2026 09:00,13/09/2026 22:00,Europe/London,No,,,Race meets,"rgb(214, 33, 42)",,Misano World Circuit Marco Simoncelli,"Misano World Circuit Marco Simoncelli, Italy",,,,,,,,,Yes,More Info,,https://www.motogp.com/,,,,,,No
LL-0710,Netley Marsh Eurojumble,"The ideal destination for traders and visitors alike, the annual Netley Marsh Eurojumble is one of the UK’s biggest bike autojumbles, and it’s growing every year! From tyres to tinware and engines to oil, there are thousands of bargains to be had on all manner of motorcycle related items.",11/09/2026 09:00,11/09/2026 22:00,Europe/London,No,,,Motorcycle shows and events,"rgb(214, 33, 42)",,Netley Marsh,"Netley Marsh, Hants SO40 7GY",,,,,,,,,Yes,More Info,,https://www.classicbikeshows.com/,,,,,,No
LL-0711,Netley Marsh Eurojumble,"The ideal destination for traders and visitors alike, the annual Netley Marsh Eurojumble is one of the UK’s biggest bike autojumbles, and it’s growing every year! From tyres to tinware and engines to oil, there are thousands of bargains to be had on all manner of motorcycle related items.",12/09/2026 09:00,12/09/2026 22:00,Europe/London,No,,,Motorcycle shows and events,"rgb(214, 33, 42)",,Netley Marsh,"Netley Marsh, Hants SO40 7GY",,,,,,,,,Yes,More Info,,https://www.classicbikeshows.com/,,,,,,No
LL-0712,Darley Moor Trackday,"3 classes - Newcomers, Inters and Advanced with full or half days available. Qualified instructor available to offer tuition.",11/09/2026 09:00,11/09/2026 22:00,Europe/London,No,,,Bike track days,"rgb(214, 33, 42)",,Darley Moor Sports Centre,"Darley Moor Sports Centre, Derbyshire DE6 2ET",,,,,,,,,Yes,More Info,,https://www.darleymoor.co.uk/,,,,,,No
LL-0713,Bike Night + Bandits (BOCGB) Monthly Meet,"Bike meet at the world famous Ace Café, North Circular, London - 18:00 start",11/09/2026 09:00,11/09/2026 22:00,Europe/London,No,,,Bike meets,"rgb(214, 33, 42)",,Ace Café,"Ace Café, Stonebridge, NW10 7UD",,,,,,,,,Yes,More Info,,https://london.acecafe.com/,,,,,,No
LL-0714,Speedway Grand Prix - Round 9 - GP of Denmark,Sideways action from the FIM World series,12/09/2026 09:00,12/09/2026 22:00,Europe/London,No,,,Race meets,"rgb(214, 33, 42)",,Vojens,"Vojens, Denmark",,,,,,,,,Yes,More Info,,https://www.fimspeedway.com/,,,,,,No
LL-0715,FIM Flat Track World Championship - R7,The FIM Flat Track World Championship is the premier competition organized by FIM on the sport of flat track racing.,12/09/2026 09:00,12/09/2026 22:00,Europe/London,No,,,Race meets,"rgb(214, 33, 42)",,Vasad,"Vasad, Hungary",,,,,,,,,Yes,More Info,,https://www.fim-live.com/,,,,,,No
LL-0716,Club Championships - British Historic Racing,"The British Historic Racing Club has organised vintage races for almost 70 years, and full road-ace meetings for over 50 years. An integral part of the VMCC, BHRC’s foundations are based on those wonderful 1930s 40’s & 50’s race machines, both 2 and 3-wheels, which provide such incredible spectacle and insight into yesteryear for riders and spectators alike.",12/09/2026 09:00,12/09/2026 22:00,Europe/London,No,,,Race meets,"rgb(214, 33, 42)",,Cadwell Park,"Cadwell Park, Louth, Linc LN11 9SE",,,,,,,,,Yes,More Info,,https://www.britishhistoricracing.co.uk/,,,,,,No
LL-0717,Club Championships - British Historic Racing,"The British Historic Racing Club has organised vintage races for almost 70 years, and full road-ace meetings for over 50 years. An integral part of the VMCC, BHRC’s foundations are based on those wonderful 1930s 40’s & 50’s race machines, both 2 and 3-wheels, which provide such incredible spectacle and insight into yesteryear for riders and spectators alike.",13/09/2026 09:00,13/09/2026 22:00,Europe/London,No,,,Race meets,"rgb(214, 33, 42)",,Cadwell Park,"Cadwell Park, Louth, Linc LN11 9SE",,,,,,,,,Yes,More Info,,https://www.britishhistoricracing.co.uk/,,,,,,No
LL-0718,MSV General Track Day,"MSV Trackdays (MSVT) offers car and bike track day events to suit all levels of experience and ability at these brilliant circuits across the UK, all of which are owned or operated by MSV.",12/09/2026 09:00,12/09/2026 22:00,Europe/London,No,,,Bike track days,"rgb(214, 33, 42)",,Circuito de Navarra,Circuito de Navarra,,,,,,,,,Yes,More Info,,https://msvtrackdays.com/,,,,,,No
LL-0719,'Normous Newark Autojumble,"A great day out for any car or motorcycle enthusiast offering a vast array of parts, restoration services and related products.",13/09/2026 09:00,13/09/2026 22:00,Europe/London,No,,,Motorcycle shows and events,"rgb(214, 33, 42)",,Newark and Notts Showground,"Newark and Notts Showground, Newark, NG24 2NY",,,,,,,,,Yes,More Info,,https://www.newarkautojumble.co.uk/,,,,,,No
LL-0720,6 Heures Moto Endurance Race,The only modern motorcycle endurance race in Belgium,13/09/2026 09:00,13/09/2026 22:00,Europe/London,No,,,Race meets,"rgb(214, 33, 42)",,Spa Francorchamps,"Spa Francorchamps, Belgium",,,,,,,,,Yes,More Info,,https://www.6heuresmoto.com/,,,,,,No
LL-0721,Ladies Day - Bring what ya run,Bike meet at the world famous Ace Café - 09:00 start,13/09/2026 09:00,13/09/2026 22:00,Europe/London,No,,,Bike meets,"rgb(214, 33, 42)",,Ace Café,"Ace Café, Stonebridge, NW10 7UD",,,,,,,,,Yes,More Info,,https://london.acecafe.com/,,,,,,No
LL-0722,FIM MX GP of China - Motocross World Championship,"The premier championship of motocross racing, plus support events.",13/09/2026 09:00,13/09/2026 22:00,Europe/London,No,,,Race meets,"rgb(214, 33, 42)",,Shanghai,"Shanghai, China",,,,,,,,,Yes,More Info,,https://www.mxgp.com/,,,,,,No
LL-0723,Southport Classic & Performance Motor Show,Great British Motor Shows are delighted to back to Lancashire to the beautiful coastal town of Southport and creating another one of our Classic shows. The stunning grounds of the Southport Flower Show will play host to a day of your stunning cars and bikes.,13/09/2026 09:00,13/09/2026 22:00,Europe/London,No,,,Motorcycle shows and events,"rgb(214, 33, 42)",,The Quay,"The Quay, Poole BH15 1HJ",,,,,,,,,Yes,More Info,,https://www.facebook.com/groups/11908800953,,,,,,No
LL-0724,AJS & Matchless Club Day,"Join us in celebrating all things AJS and Matchless from 10.00am to 3.00pm! Club members are invited to park up in the courtyard. You are invited to park up in the courtyard from 10am (please note, no vehicular exit from the courtyard before 1pm. Anyone wishing to leave earlier, please park in the main car park). Museum open 10.00am – 4.30pm",13/09/2026 09:00,13/09/2026 22:00,Europe/London,No,,,Bike meets,"rgb(214, 33, 42)",,The Old Sugar Loaf,"The Old Sugar Loaf, 44 High St, Dunstable, LU6 1LA",,,,,,,,,Yes,More Info,,https://www.facebook.com/groups/1052463642347360/,,,,,,No
LL-0725,Bike Night at The Cross Keys - Pizza & Pop,"A new bike night at The Cross Keys in Upwood, Ramsey, Cambs, featuring Mooi Pizza and a soft drink for just £10. Plenty of parking and a friendly pub atmosphere make this the ideal Monday night ride out. All pizzas are cooked to order in a wood fired oven. Pre Order on 07355 397164 to avoid delays.",14/09/2026 09:00,14/09/2026 22:00,Europe/London,No,,,Bike meets,"rgb(214, 33, 42)",,The White Swan,"The White Swan, Conington, Cambs",,,,,,,,,Yes,More Info,,https://thewhiteswanconington.co.uk/comin-up/,,,,,,No
LL-0726,Poole Quay Bike Night,"Every Tuesday until the end of September - Music, local bars, food and retailers. 17:30 start, £3 entry.",15/09/2026 09:00,15/09/2026 22:00,Europe/London,No,,,Bike meets,"rgb(214, 33, 42)",,The Rolling Scone Café,"The Rolling Scone Café, Gosport, Hants, PO13 9UB",,,,,,,,,Yes,More Info,,https://www.facebook.com/TheRollingSconesCafeGosport,,,,,,No
LL-0727,Sugar Loaf Bike Night,Every Tuesday from 6pm. Themed nights - free soft drink with themed bikes. All bikes welcome.,15/09/2026 09:00,15/09/2026 22:00,Europe/London,No,,,Bike meets,"rgb(214, 33, 42)",,Croft Circuit,"Croft Circuit, Darlington, DL2 2PL",,,,,,,,,Yes,More Info,,https://www.jameswhitham.com/calendar-and-booking,,,,,,No
LL-0728,Bike Night at The White Swan,A welcoming bike night for all - every Tuesday. BBQ from 18:00 (weather permitting). Come and show off your pride and joy.,15/09/2026 09:00,15/09/2026 22:00,Europe/London,No,,,Bike meets,"rgb(214, 33, 42)",,Darley Moor,"Darley Moor, Ashbourne, DE6 2ET",,,,,,,,,Yes,More Info,,https://www.facebook.com/profile.php?id=61572162905976&sk=events,,,,,,No
LL-0729,Gosport Motorbike Social,"A weekly Wednesday meet for like minded bikers from 6pm. Motorcycle ride outs, charity events, food and drinks - all welcome.",16/09/2026 09:00,16/09/2026 22:00,Europe/London,No,,,Bike meets,"rgb(214, 33, 42)",,Hubbles @ Fendicks Fishery,"Hubbles @ Fendicks Fishery, Methwold Road, Whittington PE33 9GP",,,,,,,,,Yes,More Info,,https://www.fendicksfishery.com/,,,,,,No
LL-0730,Motorcycle Track Training with James Whitham,"James Whitham motorcycle track training days at Anglesey, Croft, Cadwell and Mallory Park Circuits are rider focused with the emphasis on practical coaching, both on and off the track on the aspects of riding that you want to improve, alongside one-to-one tuition from James and his team of riders that are at the top of their game.",16/09/2026 09:00,16/09/2026 22:00,Europe/London,No,,,Bike track days,"rgb(214, 33, 42)",,Croft Circuit,"Croft Circuit, Darlington, DL2 2PL",,,,,,,,,Yes,More Info,,https://www.jameswhitham.com/calendar-and-booking,,,,,,No
LL-0731,The Chequered Flag Cafe Bike Night,"A monthly Wednesday night meet at the Chequered Flag Cafe. Full menu available of great hot foods and drinks. Extra drinks stall outside to save queuing Stalls, ice-cream and live music. All welcome!",16/09/2026 09:00,16/09/2026 22:00,Europe/London,No,,,Bike meets,"rgb(214, 33, 42)",,Circuit Paul Ricard,"Circuit Paul Ricard, France",,,,,,,,,Yes,More Info,,https://www.boldor.com/bol-dor-classic,,,,,,No
LL-0732,Wicked Wheelie Wednesdays,Come and show-off your bikes - 50cc to superbikes. Food available 17:00 - 20:00 - bar 15:00 - 22:00. Supporting a charity at every event.,16/09/2026 09:00,16/09/2026 22:00,Europe/London,No,,,Bike meets,"rgb(214, 33, 42)",,The Hunters Inn,"The Hunters Inn, Cott Street, Swanmore, Hants SO32 2PZ",,,,,,,,,Yes,More Info,,https://www.huntersinnpub.com/,,,,,,No
LL-0733,Motorcycle Track Training with James Whitham,"James Whitham motorcycle track training days at Anglesey, Croft, Cadwell and Mallory Park Circuits are rider focused with the emphasis on practical coaching, both on and off the track on the aspects of riding that you want to improve, alongside one-to-one tuition from James and his team of riders that are at the top of their game.",16/09/2026 09:00,16/09/2026 22:00,Europe/London,No,,,Bike track days,"rgb(214, 33, 42)",,The Crown,"The Crown, Main Road, Wormington, CO6 3AB",,,,,,,,,Yes,More Info,,https://www.facebook.com/crownwormingford/posts/bike-night-the-crown-wormingford-6pm-start-tomorrow-full-menu-is-on-our-website-/5102119659879933/,,,,,,No
LL-0734,Bol D'or Classic,"The Bol d'Or Classic, brings together the most beautiful old motorcycles. This race takes place in two stages: a first race on Friday and a second on Saturday.",17/09/2026 09:00,17/09/2026 22:00,Europe/London,No,,,Race meets,"rgb(214, 33, 42)",,Ace Café,"Ace Café, Stonebridge, NW10 7UD",,,,,,,,,Yes,More Info,,https://london.acecafe.com/,,,,,,No
LL-0735,Bol D'or Classic,"The Bol d'Or Classic, brings together the most beautiful old motorcycles. This race takes place in two stages: a first race on Friday and a second on Saturday.",18/09/2026 09:00,18/09/2026 22:00,Europe/London,No,,,Race meets,"rgb(214, 33, 42)",,Ace Café,"Ace Café, Stonebridge, NW10 7UD",,,,,,,,,Yes,More Info,,https://london.acecafe.com/,,,,,,No
LL-0736,Bol D'or Classic,"The Bol d'Or Classic, brings together the most beautiful old motorcycles. This race takes place in two stages: a first race on Friday and a second on Saturday.",19/09/2026 09:00,19/09/2026 22:00,Europe/London,No,,,Race meets,"rgb(214, 33, 42)",,Ace Café,"Ace Café, Stonebridge, NW10 7UD",,,,,,,,,Yes,More Info,,https://london.acecafe.com/,,,,,,No
LL-0737,Bol D'or Classic,"The Bol d'Or Classic, brings together the most beautiful old motorcycles. This race takes place in two stages: a first race on Friday and a second on Saturday.",20/09/2026 09:00,20/09/2026 22:00,Europe/London,No,,,Race meets,"rgb(214, 33, 42)",,Ace Café,"Ace Café, Stonebridge, NW10 7UD",,,,,,,,,Yes,More Info,,https://london.acecafe.com/,,,,,,No
LL-0738,Bike Night at The Hunters Inn,Meet up at The Hunters Inn - Freehouse pub with large car park and garden. Great biking roads in area and close to A32 and Loomies Café. Bike night - Thursdays from 18:00,17/09/2026 09:00,17/09/2026 22:00,Europe/London,No,,,Bike meets,"rgb(214, 33, 42)",,The Hunters Inn,"The Hunters Inn, Cott Street, Swanmore, Hants SO32 2PZ",,,,,,,,,Yes,More Info,,https://www.huntersinnpub.com/,,,,,,No
LL-0739,Bike Night at the Crown,Every Thursday from 6pm. Full menu available.,17/09/2026 09:00,17/09/2026 22:00,Europe/London,No,,,Bike meets,"rgb(214, 33, 42)",,The Crown,"The Crown, Main Road, Wormington, CO6 3AB",,,,,,,,,Yes,More Info,,https://www.facebook.com/crownwormingford/posts/bike-night-the-crown-wormingford-6pm-start-tomorrow-full-menu-is-on-our-website-/5102119659879933/,,,,,,No
LL-0740,"Super Moto + XJR OC, NABD, Scooters & MAG Monthly Meet","Bike meet at the world famous Ace Café, North Circular, London - 18:00 start",17/09/2026 09:00,17/09/2026 22:00,Europe/London,No,,,Bike meets,"rgb(214, 33, 42)",,Ace Café,"Ace Café, Stonebridge, NW10 7UD",,,,,,,,,Yes,More Info,,https://london.acecafe.com/,,,,,,No
LL-0741,MotoGP - Round 15 - Motorrad Grand Prix von Österreich,"MotoGP showcases elite motorcycle racing, world-class riders, cutting-edge technology, intense rivalries, and thrilling high-speed battles across iconic circuits worldwide.",18/09/2026 09:00,18/09/2026 22:00,Europe/London,No,,,Race meets,"rgb(214, 33, 42)",,Red Bull Ring - Spielberg,"Red Bull Ring - Spielberg, Austria",,,,,,,,,Yes,More Info,,https://www.motogp.com/,,,,,,No
LL-0742,MotoGP - Round 15 - Motorrad Grand Prix von Österreich,"MotoGP showcases elite motorcycle racing, world-class riders, cutting-edge technology, intense rivalries, and thrilling high-speed battles across iconic circuits worldwide.",19/09/2026 09:00,19/09/2026 22:00,Europe/London,No,,,Race meets,"rgb(214, 33, 42)",,Red Bull Ring - Spielberg,"Red Bull Ring - Spielberg, Austria",,,,,,,,,Yes,More Info,,https://www.motogp.com/,,,,,,No
LL-0743,MotoGP - Round 15 - Motorrad Grand Prix von Österreich,"MotoGP showcases elite motorcycle racing, world-class riders, cutting-edge technology, intense rivalries, and thrilling high-speed battles across iconic circuits worldwide.",20/09/2026 09:00,20/09/2026 22:00,Europe/London,No,,,Race meets,"rgb(214, 33, 42)",,Red Bull Ring - Spielberg,"Red Bull Ring - Spielberg, Austria",,,,,,,,,Yes,More Info,,https://www.motogp.com/,,,,,,No
LL-0744,Goodwood Revival,"The world's best historic motorsport event, Goodwood Revival is an immersive celebration of iconic cars and fashion.",18/09/2026 09:00,18/09/2026 22:00,Europe/London,No,,,Motorcycle shows and events,"rgb(214, 33, 42)",,Goodwood,"Goodwood, West Sussex, PO18 0PX",,,,,,,,,Yes,More Info,,https://www.goodwood.com/flagship-events/goodwood-revival,,,,,,No
LL-0745,Goodwood Revival,"The world's best historic motorsport event, Goodwood Revival is an immersive celebration of iconic cars and fashion.",19/09/2026 09:00,19/09/2026 22:00,Europe/London,No,,,Motorcycle shows and events,"rgb(214, 33, 42)",,Goodwood,"Goodwood, West Sussex, PO18 0PX",,,,,,,,,Yes,More Info,,https://www.goodwood.com/flagship-events/goodwood-revival,,,,,,No
LL-0746,Goodwood Revival,"The world's best historic motorsport event, Goodwood Revival is an immersive celebration of iconic cars and fashion.",20/09/2026 09:00,20/09/2026 22:00,Europe/London,No,,,Motorcycle shows and events,"rgb(214, 33, 42)",,Goodwood,"Goodwood, West Sussex, PO18 0PX",,,,,,,,,Yes,More Info,,https://www.goodwood.com/flagship-events/goodwood-revival,,,,,,No
LL-0747,British Superbike Championship - Round 9,"The biggest and best national Championship in the world. 3 days of racing with Superbikes, Supersports, Sportsbike and many support classes.",18/09/2026 09:00,18/09/2026 22:00,Europe/London,No,,,Race meets,"rgb(214, 33, 42)",,TT Circuit Assen,"TT Circuit Assen, De Haar 9, 9405 TE Assen, Netherlands",,,,,,,,,Yes,More Info,,https://www.britishsuperbike.com/,,,,,,No
LL-0748,British Superbike Championship - Round 9,"The biggest and best national Championship in the world. 3 days of racing with Superbikes, Supersports, Sportsbike and many support classes.",19/09/2026 09:00,19/09/2026 22:00,Europe/London,No,,,Race meets,"rgb(214, 33, 42)",,TT Circuit Assen,"TT Circuit Assen, De Haar 9, 9405 TE Assen, Netherlands",,,,,,,,,Yes,More Info,,https://www.britishsuperbike.com/,,,,,,No
LL-0749,British Superbike Championship - Round 9,"The biggest and best national Championship in the world. 3 days of racing with Superbikes, Supersports, Sportsbike and many support classes.",20/09/2026 09:00,20/09/2026 22:00,Europe/London,No,,,Race meets,"rgb(214, 33, 42)",,TT Circuit Assen,"TT Circuit Assen, De Haar 9, 9405 TE Assen, Netherlands",,,,,,,,,Yes,More Info,,https://www.britishsuperbike.com/,,,,,,No
LL-0750,Bike Night + Rockers 'n' Classics Monthly Meet,"Bike meet at the world famous Ace Café, North Circular, London - 18:00 start",18/09/2026 09:00,18/09/2026 22:00,Europe/London,No,,,Bike meets,"rgb(214, 33, 42)",,Ace Café,"Ace Café, Stonebridge, NW10 7UD",,,,,,,,,Yes,More Info,,https://london.acecafe.com/,,,,,,No
LL-0751,FIM Endurance World Championship - Bol D'or (24H),"The ultimate test of rider and bike durability. The final race of the season, the famous Bol D'or",19/09/2026 09:00,19/09/2026 22:00,Europe/London,No,,,Race meets,"rgb(214, 33, 42)",,Paul Ricard - Le Castellet,"Paul Ricard - Le Castellet, France",,,,,,,,,Yes,More Info,,https://www.fim-live.com/,,,,,,No
LL-0752,FIM Endurance World Championship - Bol D'or (24H),"The ultimate test of rider and bike durability. The final race of the season, the famous Bol D'or",20/09/2026 09:00,20/09/2026 22:00,Europe/London,No,,,Race meets,"rgb(214, 33, 42)",,Paul Ricard - Le Castellet,"Paul Ricard - Le Castellet, France",,,,,,,,,Yes,More Info,,https://www.fim-live.com/,,,,,,No
LL-0753,Kempton Park Autojumble,"Kempton Jumble now accommodates at least 250 stalls for regular traders and is a very useful venue for enthusiasts having ""clear outs"".",19/09/2026 09:00,19/09/2026 22:00,Europe/London,No,,,Motorcycle shows and events,"rgb(214, 33, 42)",,Kempton Park,"Kempton Park, Middlesex, TW16 5AQ",,,,,,,,,Yes,More Info,,https://www.kemptonparkautojumble.co.uk/,,,,,,No
LL-0754,International Road Racing Championship - R6,"Formerly the 3 Nations Cup, the European Road Racing Series",19/09/2026 09:00,19/09/2026 22:00,Europe/London,No,,,Race meets,"rgb(214, 33, 42)",,Frohburger Dreieck,"Frohburger Dreieck, Germany",,,,,,,,,Yes,More Info,,https://www.irrc.eu/,,,,,,No
LL-0755,International Road Racing Championship - R6,"Formerly the 3 Nations Cup, the European Road Racing Series",20/09/2026 09:00,20/09/2026 22:00,Europe/London,No,,,Race meets,"rgb(214, 33, 42)",,Frohburger Dreieck,"Frohburger Dreieck, Germany",,,,,,,,,Yes,More Info,,https://www.irrc.eu/,,,,,,No
LL-0756,Club Championships - Classic RMC R7,"The Classic Racing Motorcycle Club (also known as the CRMC) is one of the largest and most respected racing motorcycle clubs dedicated to the preservation and use of post-war racing and sports machines. Close racing, full grids, plus parades and friendly race paddocks at the best racing circuits throughout the UK - CRMC race weekends offer riders, officials and spectators a memorable taste of racing from the past.",19/09/2026 09:00,19/09/2026 22:00,Europe/London,No,,,Race meets,"rgb(214, 33, 42)",,Mallory Park,"Mallory Park, Church Rd, Kirkby Mallory LE9 7QE",,,,,,,,,Yes,More Info,,https://www.crmc.co.uk/,,,,,,No
LL-0757,Club Championships - Classic RMC R7,"The Classic Racing Motorcycle Club (also known as the CRMC) is one of the largest and most respected racing motorcycle clubs dedicated to the preservation and use of post-war racing and sports machines. Close racing, full grids, plus parades and friendly race paddocks at the best racing circuits throughout the UK - CRMC race weekends offer riders, officials and spectators a memorable taste of racing from the past.",20/09/2026 09:00,20/09/2026 22:00,Europe/London,No,,,Race meets,"rgb(214, 33, 42)",,Mallory Park,"Mallory Park, Church Rd, Kirkby Mallory LE9 7QE",,,,,,,,,Yes,More Info,,https://www.crmc.co.uk/,,,,,,No
LL-0758,Romney Marsh Classic Bikejumble and Ride-In Show,"Visitors riding their own bike to Romney Marsh can enter the Ride-In Show, with £25 spot-cash prizes on offer for the Best Classic (pre-1980) and Best Post-Classic machine. There's no extra charge - just ride in, pay the regular entry fee and park in the designated Ride-In Show area.",20/09/2026 09:00,20/09/2026 22:00,Europe/London,No,,,Motorcycle shows and events,"rgb(214, 33, 42)",,Hamstreet,"Hamstreet, Kent, TN26 2JD",,,,,,,,,Yes,More Info,,https://www.elkpromotions.co.uk/,,,,,,No
LL-0759,Two-Stroke Blue Haze Bike Day,Bike meet at the world famous Ace Café - 09:00 start,20/09/2026 09:00,20/09/2026 22:00,Europe/London,No,,,Bike meets,"rgb(214, 33, 42)",,Ace Café,"Ace Café, Stonebridge, NW10 7UD",,,,,,,,,Yes,More Info,,https://london.acecafe.com/,,,,,,No
LL-0760,FIM MX GP of Australia - Motocross World Championship,"The premier championship of motocross racing, plus support events.",20/09/2026 09:00,20/09/2026 22:00,Europe/London,No,,,Race meets,"rgb(214, 33, 42)",,Darwin,"Darwin, Northern Territory, Australia",,,,,,,,,Yes,More Info,,https://www.mxgp.com/,,,,,,No
LL-0761,Bike Night at The Cross Keys - Pizza & Pop,"A new bike night at The Cross Keys in Upwood, Ramsey, Cambs, featuring Mooi Pizza and a soft drink for just £10. Plenty of parking and a friendly pub atmosphere make this the ideal Monday night ride out. All pizzas are cooked to order in a wood fired oven. Pre Order on 07355 397164 to avoid delays.",21/09/2026 09:00,21/09/2026 22:00,Europe/London,No,,,Bike meets,"rgb(214, 33, 42)",,The Cross Keys,"The Cross Keys, Upwood, Cambs",,,,,,,,,Yes,More Info,,https://mooipizza.co.uk/,,,,,,No
LL-0762,Poole Quay Bike Night.,"Every Tuesday until the end of September - Music, local bars, food and retailers. 17:30 start, £3 entry.",22/09/2026 09:00,22/09/2026 22:00,Europe/London,No,,,Bike meets,"rgb(214, 33, 42)",,The Quay,"The Quay, Poole BH15 1HJ",,,,,,,,,Yes,More Info,,https://www.facebook.com/groups/11908800953,,,,,,No
LL-0763,Bike Night at The White Swan,A welcoming bike night for all - every Tuesday. BBQ from 18:00 (weather permitting). Come and show off your pride and joy.,22/09/2026 09:00,22/09/2026 22:00,Europe/London,No,,,Bike meets,"rgb(214, 33, 42)",,The White Swan,"The White Swan, Conington, Cambs",,,,,,,,,Yes,More Info,,https://thewhiteswanconington.co.uk/comin-up/,,,,,,No
LL-0764,Gosport Motorbike Social,"A weekly Wednesday meet for like minded bikers from 6pm. Motorcycle ride outs, charity events, food and drinks - all welcome.",23/09/2026 09:00,23/09/2026 22:00,Europe/London,No,,,Bike meets,"rgb(214, 33, 42)",,The Rolling Scone Café,"The Rolling Scone Café, Gosport, Hants, PO13 9UB",,,,,,,,,Yes,More Info,,https://www.facebook.com/TheRollingSconesCafeGosport,,,,,,No
LL-0765,Wicked Wheelie Wednesdays,Come and show-off your bikes - 50cc to superbikes. Food available 17:00 - 20:00 - bar 15:00 - 22:00. Supporting a charity at every event.,23/09/2026 09:00,23/09/2026 22:00,Europe/London,No,,,Bike meets,"rgb(214, 33, 42)",,Hubbles @ Fendicks Fishery,"Hubbles @ Fendicks Fishery, Methwold Road, Whittington PE33 9GP",,,,,,,,,Yes,More Info,,https://www.fendicksfishery.com/,,,,,,No
LL-0766,Bike Night at The Hunters Inn,Meet up at The Hunters Inn - Freehouse pub with large car park and garden. Great biking roads in area and close to A32 and Loomies Café. Bike night - Thursdays from 18:00,24/09/2026 09:00,24/09/2026 22:00,Europe/London,No,,,Bike meets,"rgb(214, 33, 42)",,The Hunters Inn,"The Hunters Inn, Cott Street, Swanmore, Hants SO32 2PZ",,,,,,,,,Yes,More Info,,https://www.huntersinnpub.com/,,,,,,No
LL-0767,Bike Night at the Crown,Every Thursday from 6pm. Full menu available.,24/09/2026 09:00,24/09/2026 22:00,Europe/London,No,,,Bike meets,"rgb(214, 33, 42)",,The Crown,"The Crown, Main Road, Wormington, CO6 3AB",,,,,,,,,Yes,More Info,,https://www.facebook.com/crownwormingford/posts/bike-night-the-crown-wormingford-6pm-start-tomorrow-full-menu-is-on-our-website-/5102119659879933/,,,,,,No
LL-0768,Wheels Motorcycles Bike Night,"Join like minded bikers for a catch up, grab a burger from Bowsers Burgers and browse the latest stock and accessories. Showrooms are open until 21:00. Last Thursday of the month (May-Sept)",24/09/2026 09:00,24/09/2026 22:00,Europe/London,No,,,Bike meets,"rgb(214, 33, 42)",,Wheels Motorcycles,"Wheels Motorcycles, Peterborough",,,,,,,,,Yes,More Info,,https://www.wheelsmotorcycles.co.uk/,,,,,,No
LL-0769,John Bunyan Bike Night,"Great evening of New, Vintage, Custom, Sports and Classics - All welcome. Large carpark, great selection of foods and drinks",24/09/2026 09:00,24/09/2026 22:00,Europe/London,No,,,Bike meets,"rgb(214, 33, 42)",,John Bunyan Pub,"John Bunyan Pub, Coleman Green Ln, St Albans, AL4 8ES",,,,,,,,,Yes,More Info,,https://www.facebook.com/Johnbunyanpub.co.uk/?locale=en_GB,,,,,,No
LL-0770,Harley Night Monthly Meet,"Bike meet at the world famous Ace Café, North Circular, London - 18:00 start",24/09/2026 09:00,24/09/2026 22:00,Europe/London,No,,,Bike meets,"rgb(214, 33, 42)",,Ace Café,"Ace Café, Stonebridge, NW10 7UD",,,,,,,,,Yes,More Info,,https://london.acecafe.com/,,,,,,No
LL-0771,National Finals,National Drag Racing Championship Finals headlined by Motorsport UK Pro Modified.,25/09/2026 09:00,25/09/2026 22:00,Europe/London,No,,,Race meets,"rgb(214, 33, 42)",,Santapod Raceway,"Santapod Raceway, Beds, NN29 7XA",,,,,,,,,Yes,More Info,,https://www.santapod.co.uk/,,,,,,No
LL-0772,National Finals,National Drag Racing Championship Finals headlined by Motorsport UK Pro Modified.,26/09/2026 09:00,26/09/2026 22:00,Europe/London,No,,,Race meets,"rgb(214, 33, 42)",,Santapod Raceway,"Santapod Raceway, Beds, NN29 7XA",,,,,,,,,Yes,More Info,,https://www.santapod.co.uk/,,,,,,No
LL-0773,National Finals,National Drag Racing Championship Finals headlined by Motorsport UK Pro Modified.,27/09/2026 09:00,27/09/2026 22:00,Europe/London,No,,,Race meets,"rgb(214, 33, 42)",,Santapod Raceway,"Santapod Raceway, Beds, NN29 7XA",,,,,,,,,Yes,More Info,,https://www.santapod.co.uk/,,,,,,No
LL-0774,Shudy Camps Bike Meet,Real Ale Bar & Live Music - Camping and Food Stalls - Between Haverhill and Saffron Walden. W3W - TIMED.ONLINE.PARTING,25/09/2026 09:00,25/09/2026 22:00,Europe/London,No,,,Bike meets,"rgb(214, 33, 42)",,Shudy Camps,"Shudy Camps, Cambs CB21 4QZ",,,,,,,,,Yes,More Info,,https://www.facebook.com/profile.php?id=100027975176044&locale=en_GB,,,,,,No
LL-0775,BMF Bike Meet,The BMF has decades of experience organising some of the best motorcycle shows and rallies throughout the UK,25/09/2026 09:00,25/09/2026 22:00,Europe/London,No,,,Motorcycle shows and events,"rgb(214, 33, 42)",,Mallory Park,"Mallory Park, Kirkby Mallory, Leics",,,,,,,,,Yes,More Info,,https://www.bmf.co.uk/events,,,,,,No
LL-0776,Bike Night + Performance & Fast Bikes Monthly Meet,"Bike meet at the world famous Ace Café, North Circular, London - 18:00 start",25/09/2026 09:00,25/09/2026 22:00,Europe/London,No,,,Bike meets,"rgb(214, 33, 42)",,Ace Café,"Ace Café, Stonebridge, NW10 7UD",,,,,,,,,Yes,More Info,,https://london.acecafe.com/,,,,,,No
LL-0777,Squires Café Autojumble,"Squires Cafe is an ideal venue for all event requirements, boasting large outdoor capacity plus large well equipped indoor facilities making Squires a truly all year-round venue. Monthly autojumble. Pitches are £5 each for sellers",26/09/2026 09:00,26/09/2026 22:00,Europe/London,No,,,Motorcycle shows and events,"rgb(214, 33, 42)",,South Milford,"South Milford, Leeds, LS25 5LX",,,,,,,,,Yes,More Info,,https://www.squires-cafe.co.uk/,,,,,,No
LL-0778,Straightliners at Dakota Raceway,"The Home of Speed - Europe’s leading organisers of straight-line events, drag racing and motorsport for anything on wheels.",26/09/2026 09:00,26/09/2026 22:00,Europe/London,No,,,Race meets,"rgb(214, 33, 42)",,Dakota Raceway,"Dakota Raceway, Honiton, EX14 9RQ",,,,,,,,,Yes,More Info,,https://straightliners.events/all-events/,,,,,,No
LL-0779,Speedway Grand Prix - Round 10 - GP of Poland - Torun,Sideways action from the FIM World series,26/09/2026 09:00,26/09/2026 22:00,Europe/London,No,,,Race meets,"rgb(214, 33, 42)",,Torun,"Torun, Poland",,,,,,,,,Yes,More Info,,https://www.fimspeedway.com/,,,,,,No
LL-0780,"World Superbike Championship - Round 10, Italy","With up to four races per round, the action is spread over two days. WSBK, WSSP, WSSP300 and WCR",26/09/2026 09:00,26/09/2026 22:00,Europe/London,No,,,Race meets,"rgb(214, 33, 42)",,Cremona Circuit,"Cremona Circuit, Italy",,,,,,,,,Yes,More Info,,https://www.worldsbk.com/,,,,,,No
LL-0781,"World Superbike Championship - Round 10, Italy","With up to four races per round, the action is spread over two days. WSBK, WSSP, WSSP300 and WCR",27/09/2026 09:00,27/09/2026 22:00,Europe/London,No,,,Race meets,"rgb(214, 33, 42)",,Cremona Circuit,"Cremona Circuit, Italy",,,,,,,,,Yes,More Info,,https://www.worldsbk.com/,,,,,,No
LL-0782,Squires Café Annual Show,"Our annual show weekend. The Auto jumble starts early morning and there will also be a funfair in the grounds. In the afternoon we have a stuntshow doing 3 shows between 12 noon and 5pm, In the evening we have live music inside the cafe. Sunday we have the Ford car meet on site and a classic bike show in the car park in the afternoon. Bikes need to be entered into the show around lunchtime and the trophies will be awarded at 4pm. If you are wanting to stop over on the campsite please make your booking via the camping page on this website.",26/09/2026 09:00,26/09/2026 22:00,Europe/London,No,,,Motorcycle shows and events,"rgb(214, 33, 42)",,South Milford,"South Milford, Leeds, LS25 5LX",,,,,,,,,Yes,More Info,,https://www.squires-cafe.co.uk/,,,,,,No
LL-0783,Squires Café Annual Show,"Our annual show weekend. The Auto jumble starts early morning and there will also be a funfair in the grounds. In the afternoon we have a stuntshow doing 3 shows between 12 noon and 5pm, In the evening we have live music inside the cafe. Sunday we have the Ford car meet on site and a classic bike show in the car park in the afternoon. Bikes need to be entered into the show around lunchtime and the trophies will be awarded at 4pm. If you are wanting to stop over on the campsite please make your booking via the camping page on this website.",27/09/2026 09:00,27/09/2026 22:00,Europe/London,No,,,Motorcycle shows and events,"rgb(214, 33, 42)",,South Milford,"South Milford, Leeds, LS25 5LX",,,,,,,,,Yes,More Info,,https://www.squires-cafe.co.uk/,,,,,,No
LL-0784,BSA Bantams + RE OC + Norton OC,Bike meet at the world famous Ace Café - 09:00 start,27/09/2026 09:00,27/09/2026 22:00,Europe/London,No,,,Bike meets,"rgb(214, 33, 42)",,Ace Café,"Ace Café, Stonebridge, NW10 7UD",,,,,,,,,Yes,More Info,,https://london.acecafe.com/,,,,,,No
LL-0785,Notts Classic Car & Motorcycle Show and Autojumble,"Classic Shows events offer a fantastic day out for all of the family and not just car and bike enthusiasts! The events are held at some of the finest country homes in the UK and provide an impressive backdrop to a display of rare and interesting classic vehicles. Many venues allow tours of the country house, grounds and / or also include children’s play facilities in addition to unique shops, food offerings and the retail of local produce.",27/09/2026 09:00,27/09/2026 22:00,Europe/London,No,,,Motorcycle shows and events,"rgb(214, 33, 42)",,Thoresby Park,"Thoresby Park, Ollerton, Notts, NG22 9EP",,,,,,,,,Yes,More Info,,https://www.classicshows.org/,,,,,,No
LL-0786,Coleshill Auto Breakfast Meet,"Join the Coleshill Auto Breakfast meet at the Triumph Visitor Experience for their monthly meet. The Club are active fund raisers for the Warks and Solihull Blood Bikers, so call in and enjoy some of the most incredible vehicles on display.",27/09/2026 09:00,27/09/2026 22:00,Europe/London,No,,,Bike meets,"rgb(214, 33, 42)",,Triumph Visitor Experience,Triumph Visitor Experience,,,,,,,,,Yes,More Info,,https://www.triumphmotorcycles.co.uk/for-the-ride/experiences/factory-visitor-experience/events,,,,,,No
LL-0787,FIM World Rally Raid Championship - Rallye du Maroc,"The premier Rally Raid racing championship with categories for Quads, Women, Juniors and 450cc+",28/09/2026 09:00,28/09/2026 22:00,Europe/London,No,,,Race meets,"rgb(214, 33, 42)",,Morocco,Morocco,,,,,,,,,Yes,More Info,,https://www.fim-live.com/,,,,,,No
LL-0788,FIM World Rally Raid Championship - Rallye du Maroc,"The premier Rally Raid racing championship with categories for Quads, Women, Juniors and 450cc+",29/09/2026 09:00,29/09/2026 22:00,Europe/London,No,,,Race meets,"rgb(214, 33, 42)",,Morocco,Morocco,,,,,,,,,Yes,More Info,,https://www.fim-live.com/,,,,,,No
LL-0789,FIM World Rally Raid Championship - Rallye du Maroc,"The premier Rally Raid racing championship with categories for Quads, Women, Juniors and 450cc+",30/09/2026 09:00,30/09/2026 22:00,Europe/London,No,,,Race meets,"rgb(214, 33, 42)",,Morocco,Morocco,,,,,,,,,Yes,More Info,,https://www.fim-live.com/,,,,,,No
LL-0790,FIM World Rally Raid Championship - Rallye du Maroc,"The premier Rally Raid racing championship with categories for Quads, Women, Juniors and 450cc+",01/10/2026 09:00,01/10/2026 22:00,Europe/London,No,,,Race meets,"rgb(214, 33, 42)",,Morocco,Morocco,,,,,,,,,Yes,More Info,,https://www.fim-live.com/,,,,,,No
LL-0791,FIM World Rally Raid Championship - Rallye du Maroc,"The premier Rally Raid racing championship with categories for Quads, Women, Juniors and 450cc+",02/10/2026 09:00,02/10/2026 22:00,Europe/London,No,,,Race meets,"rgb(214, 33, 42)",,Morocco,Morocco,,,,,,,,,Yes,More Info,,https://www.fim-live.com/,,,,,,No
LL-0792,FIM World Rally Raid Championship - Rallye du Maroc,"The premier Rally Raid racing championship with categories for Quads, Women, Juniors and 450cc+",03/10/2026 09:00,03/10/2026 22:00,Europe/London,No,,,Race meets,"rgb(214, 33, 42)",,Morocco,Morocco,,,,,,,,,Yes,More Info,,https://www.fim-live.com/,,,,,,No
LL-0793,Bike Night at The Cross Keys - Pizza & Pop,"A new bike night at The Cross Keys in Upwood, Ramsey, Cambs, featuring Mooi Pizza and a soft drink for just £10. Plenty of parking and a friendly pub atmosphere make this the ideal Monday night ride out. All pizzas are cooked to order in a wood fired oven. Pre Order on 07355 397164 to avoid delays.",28/09/2026 09:00,28/09/2026 22:00,Europe/London,No,,,Bike meets,"rgb(214, 33, 42)",,The Cross Keys,"The Cross Keys, Upwood, Cambs",,,,,,,,,Yes,More Info,,https://mooipizza.co.uk/,,,,,,No
LL-0794,Sugar Loaf Bike Night,Every Tuesday from 6pm. Themed nights - free soft drink with themed bikes. All bikes welcome.,29/09/2026 09:00,29/09/2026 22:00,Europe/London,No,,,Bike meets,"rgb(214, 33, 42)",,The Old Sugar Loaf,"The Old Sugar Loaf, 44 High St, Dunstable, LU6 1LA",,,,,,,,,Yes,More Info,,https://www.facebook.com/groups/1052463642347360/,,,,,,No
LL-0795,Bike Night at The White Swan,A welcoming bike night for all - every Tuesday. BBQ from 18:00 (weather permitting). Come and show off your pride and joy.,29/09/2026 09:00,29/09/2026 22:00,Europe/London,No,,,Bike meets,"rgb(214, 33, 42)",,The White Swan,"The White Swan, Conington, Cambs",,,,,,,,,Yes,More Info,,https://thewhiteswanconington.co.uk/comin-up/,,,,,,No
LL-0796,Poole Quay Bike Night,"Every Tuesday until the end of September - Music, local bars, food and retailers. 17:30 start, £3 entry.",29/09/2026 09:00,29/09/2026 22:00,Europe/London,No,,,Bike meets,"rgb(214, 33, 42)",,The Quay,"The Quay, Poole BH15 1HJ",,,,,,,,,Yes,More Info,,https://www.facebook.com/groups/11908800953,,,,,,No
LL-0797,The Chequered Flag Cafe Bike Night,"A monthly Wednesday night meet at the Chequered Flag Cafe. Full menu available of great hot foods and drinks. Extra drinks stall outside to save queuing Stalls, ice-cream and live music. All welcome!",30/09/2026 09:00,30/09/2026 22:00,Europe/London,No,,,Bike meets,"rgb(214, 33, 42)",,Darley Moor,"Darley Moor, Ashbourne, DE6 2ET",,,,,,,,,Yes,More Info,,https://www.facebook.com/profile.php?id=61572162905976&sk=events,,,,,,No
LL-0798,Wicked Wheelie Wednesdays,Come and show-off your bikes - 50cc to superbikes. Food available 17:00 - 20:00 - bar 15:00 - 22:00. Supporting a charity at every event.,30/09/2026 09:00,30/09/2026 22:00,Europe/London,No,,,Bike meets,"rgb(214, 33, 42)",,Hubbles @ Fendicks Fishery,"Hubbles @ Fendicks Fishery, Methwold Road, Whittington PE33 9GP",,,,,,,,,Yes,More Info,,https://www.fendicksfishery.com/,,,,,,No
LL-0799,Gosport Motorbike Social,"A weekly Wednesday meet for like minded bikers from 6pm. Motorcycle ride outs, charity events, food and drinks - all welcome.",30/09/2026 09:00,30/09/2026 22:00,Europe/London,No,,,Bike meets,"rgb(214, 33, 42)",,The Rolling Scone Café,"The Rolling Scone Café, Gosport, Hants, PO13 9UB",,,,,,,,,Yes,More Info,,https://www.facebook.com/TheRollingSconesCafeGosport,,,,,,No
LL-0800,Bike Night at The Hunters Inn,Meet up at The Hunters Inn - Freehouse pub with large car park and garden. Great biking roads in area and close to A32 and Loomies Café. Bike night - Thursdays from 18:00,01/10/2026 09:00,01/10/2026 22:00,Europe/London,No,,,Bike meets,"rgb(214, 33, 42)",,The Hunters Inn,"The Hunters Inn, Cott Street, Swanmore, Hants SO32 2PZ",,,,,,,,,Yes,More Info,,https://www.huntersinnpub.com/,,,,,,No
LL-0801,Bike Night at the Crown,Every Thursday from 6pm. Full menu available.,01/10/2026 09:00,01/10/2026 22:00,Europe/London,No,,,Bike meets,"rgb(214, 33, 42)",,The Crown,"The Crown, Main Road, Wormington, CO6 3AB",,,,,,,,,Yes,More Info,,https://www.facebook.com/crownwormingford/posts/bike-night-the-crown-wormingford-6pm-start-tomorrow-full-menu-is-on-our-website-/5102119659879933/,,,,,,No
LL-0802,Swan Inn Bike Night,"Large Car park, indoor and outdoor seating, Stone Baked Pizza, 6pm onwards, all bikes welcome",01/10/2026 09:00,01/10/2026 22:00,Europe/London,No,,,Bike meets,"rgb(214, 33, 42)",,The Swan Inn at Letton,"The Swan Inn at Letton, A438 btwn Hereford and Hay-on-Wye",,,,,,,,,Yes,More Info,,https://www.facebook.com/swaninnletton,,,,,,No
LL-0803,Mod 'n' Mini Night & Classic Scooters Monthly Meet,"Bike meet at the world famous Ace Café, North Circular, London - 18:00 start",01/10/2026 09:00,01/10/2026 22:00,Europe/London,No,,,Bike meets,"rgb(214, 33, 42)",,Ace Café,"Ace Café, Stonebridge, NW10 7UD",,,,,,,,,Yes,More Info,,https://london.acecafe.com/,,,,,,No
LL-0804,Darley Moor Trackday,"3 classes - Newcomers, Inters and Advanced with full or half days available. Qualified instructor available to offer tuition.",02/10/2026 09:00,02/10/2026 22:00,Europe/London,No,,,Bike track days,"rgb(214, 33, 42)",,Darley Moor Sports Centre,"Darley Moor Sports Centre, Derbyshire DE6 2ET",,,,,,,,,Yes,More Info,,https://www.darleymoor.co.uk/,,,,,,No
LL-0805,British Superbike Championship - Round 10,"The biggest and best national Championship in the world. 3 days of racing with Superbikes, Supersports, Sportsbike and many support classes.",02/10/2026 09:00,02/10/2026 22:00,Europe/London,No,,,Race meets,"rgb(214, 33, 42)",,Donington Park,"Donington Park, Derby, DE74 2RP",,,,,,,,,Yes,More Info,,https://www.britishsuperbike.com/,,,,,,No
LL-0806,British Superbike Championship - Round 10,"The biggest and best national Championship in the world. 3 days of racing with Superbikes, Supersports, Sportsbike and many support classes.",03/10/2026 09:00,03/10/2026 22:00,Europe/London,No,,,Race meets,"rgb(214, 33, 42)",,Donington Park,"Donington Park, Derby, DE74 2RP",,,,,,,,,Yes,More Info,,https://www.britishsuperbike.com/,,,,,,No
LL-0807,British Superbike Championship - Round 10,"The biggest and best national Championship in the world. 3 days of racing with Superbikes, Supersports, Sportsbike and many support classes.",04/10/2026 09:00,04/10/2026 22:00,Europe/London,No,,,Race meets,"rgb(214, 33, 42)",,Donington Park,"Donington Park, Derby, DE74 2RP",,,,,,,,,Yes,More Info,,https://www.britishsuperbike.com/,,,,,,No
LL-0808,MotoGP - Round 16 - Grand Prix of Japan,"MotoGP showcases elite motorcycle racing, world-class riders, cutting-edge technology, intense rivalries, and thrilling high-speed battles across iconic circuits worldwide.",02/10/2026 09:00,02/10/2026 22:00,Europe/London,No,,,Race meets,"rgb(214, 33, 42)",,Mobility Resort Motegi,"Mobility Resort Motegi, Japan",,,,,,,,,Yes,More Info,,https://www.motogp.com/,,,,,,No
LL-0809,MotoGP - Round 16 - Grand Prix of Japan,"MotoGP showcases elite motorcycle racing, world-class riders, cutting-edge technology, intense rivalries, and thrilling high-speed battles across iconic circuits worldwide.",03/10/2026 09:00,03/10/2026 22:00,Europe/London,No,,,Race meets,"rgb(214, 33, 42)",,Mobility Resort Motegi,"Mobility Resort Motegi, Japan",,,,,,,,,Yes,More Info,,https://www.motogp.com/,,,,,,No
LL-0810,MotoGP - Round 16 - Grand Prix of Japan,"MotoGP showcases elite motorcycle racing, world-class riders, cutting-edge technology, intense rivalries, and thrilling high-speed battles across iconic circuits worldwide.",04/10/2026 09:00,04/10/2026 22:00,Europe/London,No,,,Race meets,"rgb(214, 33, 42)",,Mobility Resort Motegi,"Mobility Resort Motegi, Japan",,,,,,,,,Yes,More Info,,https://www.motogp.com/,,,,,,No
LL-0811,Bike Night & Streetfighters Monthly Meet,"Bike meet at the world famous Ace Café, North Circular, London - 18:00 start",02/10/2026 09:00,02/10/2026 22:00,Europe/London,No,,,Bike meets,"rgb(214, 33, 42)",,Ace Café,"Ace Café, Stonebridge, NW10 7UD",,,,,,,,,Yes,More Info,,https://london.acecafe.com/,,,,,,No
LL-0812,The Lakeland Historic Car & Bike Club,"The Lakeland Historic Car Club meets on the first Saturday of every month at the museum and Cafe Ambio. Everyone is welcome to attend whether you're an owner, enthusiast or just keen to see some great examples of some classic local cars and bikes. The club roughly arrives at the museum around 10am and leaves after lunch (around 12.30pm).",03/10/2026 09:00,03/10/2026 22:00,Europe/London,No,,,Motorcycle shows and events,"rgb(214, 33, 42)",,Lakeland Motor Museum,"Lakeland Motor Museum, Backbarrow, nr. Ulverston, Cumbria LA12 8TA",,,,,,,,,Yes,More Info,,https://www.lakelandmotormuseum.co.uk/,,,,,,No
LL-0813,Rufforth Autojumble,"A total of 350 pitches with up to 3000 buyers attending. On site facilities include a 5 star cafe, disabled parking and new large toilet facilities. Dogs welcome, but must be kept on lead at all times.",03/10/2026 09:00,03/10/2026 22:00,Europe/London,No,,,Motorcycle shows and events,"rgb(214, 33, 42)",,Rufforth Park,"Rufforth Park, Yorks, YO23 3QH",,,,,,,,,Yes,More Info,,https://www.rufforthautojumble.com/,,,,,,No
LL-0814,British MotorCycle Racing Club (Bemsee) - MRO Championship,Club racing at its finest.,03/10/2026 09:00,03/10/2026 22:00,Europe/London,No,,,Race meets,"rgb(214, 33, 42)",,Brands Hatch,"Brands Hatch, Kent, DA3 8NG",,,,,,,,,Yes,More Info,,https://www.bemsee.net/,,,,,,No
LL-0815,British MotorCycle Racing Club (Bemsee) - MRO Championship,Club racing at its finest.,04/10/2026 09:00,04/10/2026 22:00,Europe/London,No,,,Race meets,"rgb(214, 33, 42)",,Brands Hatch,"Brands Hatch, Kent, DA3 8NG",,,,,,,,,Yes,More Info,,https://www.bemsee.net/,,,,,,No
LL-0816,FIM Flat Track World Championship - R8,The FIM Flat Track World Championship is the premier competition organized by FIM on the sport of flat track racing.,03/10/2026 09:00,03/10/2026 22:00,Europe/London,No,,,Race meets,"rgb(214, 33, 42)",,Pardubice,"Pardubice, Czechia",,,,,,,,,Yes,More Info,,https://www.fim-live.com/,,,,,,No
LL-0817,East Midlands Racing Association (EMRA) - Rnd 6,Grass roots racing at its best - East Midlands Racing Association,04/10/2026 09:00,04/10/2026 22:00,Europe/London,No,,,Race meets,"rgb(214, 33, 42)",,Mallory Park,"Mallory Park, Leics, LE9 7QE",,,,,,,,,Yes,More Info,,https://www.eastmidlandracing.co.uk/,,,,,,No
LL-0818,Bikestop Breakfast Ride Outs,First Sunday of the month from March through to November. Guiding help from local clubs and fuelled by the BikeStop special breakfast,04/10/2026 09:00,04/10/2026 22:00,Europe/London,No,,,Motorcycle ride outs,"rgb(214, 33, 42)",,Bike Stop,"Bike Stop, 104 High St, Stevenage SG1 3DW",,,,,,,,,Yes,More Info,,https://www.bikestop.co.uk/blog/category/events,,,,,,No
LL-0819,"""End of Summer"" Scooter n' Mod Special",Bike meet at the world famous Ace Café - 09:00 start,04/10/2026 09:00,04/10/2026 22:00,Europe/London,No,,,Bike meets,"rgb(214, 33, 42)",,Ace Café,"Ace Café, Stonebridge, NW10 7UD",,,,,,,,,Yes,More Info,,https://london.acecafe.com/,,,,,,No
LL-0820,FIM MX oN - Motocross World Championship,"The premier championship of motocross racing, plus support events.",04/10/2026 09:00,04/10/2026 22:00,Europe/London,No,,,Race meets,"rgb(214, 33, 42)",,Ernée,"Ernée, France",,,,,,,,,Yes,More Info,,https://www.mxgp.com/,,,,,,No
LL-0821,Bike Night at The Cross Keys - Pizza & Pop,"A new bike night at The Cross Keys in Upwood, Ramsey, Cambs, featuring Mooi Pizza and a soft drink for just £10. Plenty of parking and a friendly pub atmosphere make this the ideal Monday night ride out. All pizzas are cooked to order in a wood fired oven. Pre Order on 07355 397164 to avoid delays.",05/10/2026 09:00,05/10/2026 22:00,Europe/London,No,,,Bike meets,"rgb(214, 33, 42)",,The Cross Keys,"The Cross Keys, Upwood, Cambs",,,,,,,,,Yes,More Info,,https://mooipizza.co.uk/,,,,,,No
LL-0822,German Night & Auto Scoots Monthly Meet,"Bike meet at the world famous Ace Café, North Circular, London - 18:00 start",05/10/2026 09:00,05/10/2026 22:00,Europe/London,No,,,Bike meets,"rgb(214, 33, 42)",,Ace Café,"Ace Café, Stonebridge, NW10 7UD",,,,,,,,,Yes,More Info,,https://london.acecafe.com/,,,,,,No
LL-0823,Sugar Loaf Bike Night,Every Tuesday from 6pm. Themed nights - free soft drink with themed bikes. All bikes welcome.,06/10/2026 09:00,06/10/2026 22:00,Europe/London,No,,,Bike meets,"rgb(214, 33, 42)",,The Old Sugar Loaf,"The Old Sugar Loaf, 44 High St, Dunstable, LU6 1LA",,,,,,,,,Yes,More Info,,https://www.facebook.com/groups/1052463642347360/,,,,,,No
LL-0824,Walden Bikers Bike Night,"Where riders of all ages, all abilities, with all types of bikes can meet and ride out with other like minded motorcyclists.",06/10/2026 09:00,06/10/2026 22:00,Europe/London,No,,,Bike meets,"rgb(214, 33, 42)",,The Old Kiora,"The Old Kiora, Newport, Saffron Walden, CB11 3SY",,,,,,,,,Yes,More Info,,https://www.facebook.com/groups/waldenbikers/?locale=en_GB,,,,,,No
LL-0825,Gosport Motorbike Social,"A weekly Wednesday meet for like minded bikers from 6pm. Motorcycle ride outs, charity events, food and drinks - all welcome.",07/10/2026 09:00,07/10/2026 22:00,Europe/London,No,,,Bike meets,"rgb(214, 33, 42)",,The Rolling Scone Café,"The Rolling Scone Café, Gosport, Hants, PO13 9UB",,,,,,,,,Yes,More Info,,https://www.facebook.com/TheRollingSconesCafeGosport,,,,,,No
LL-0826,Wicked Wheelie Wednesdays,Come and show-off your bikes - 50cc to superbikes. Food available 17:00 - 20:00 - bar 15:00 - 22:00. Supporting a charity at every event.,07/10/2026 09:00,07/10/2026 22:00,Europe/London,No,,,Bike meets,"rgb(214, 33, 42)",,Hubbles @ Fendicks Fishery,"Hubbles @ Fendicks Fishery, Methwold Road, Whittington PE33 9GP",,,,,,,,,Yes,More Info,,https://www.fendicksfishery.com/,,,,,,No
LL-0827,Bike Night at The Hunters Inn,Meet up at The Hunters Inn - Freehouse pub with large car park and garden. Great biking roads in area and close to A32 and Loomies Café. Bike night - Thursdays from 18:00,08/10/2026 09:00,08/10/2026 22:00,Europe/London,No,,,Bike meets,"rgb(214, 33, 42)",,The Hunters Inn,"The Hunters Inn, Cott Street, Swanmore, Hants SO32 2PZ",,,,,,,,,Yes,More Info,,https://www.huntersinnpub.com/,,,,,,No
LL-0828,Bike Night at the Crown,Every Thursday from 6pm. Full menu available.,08/10/2026 09:00,08/10/2026 22:00,Europe/London,No,,,Bike meets,"rgb(214, 33, 42)",,The Crown,"The Crown, Main Road, Wormington, CO6 3AB",,,,,,,,,Yes,More Info,,https://www.facebook.com/crownwormingford/posts/bike-night-the-crown-wormingford-6pm-start-tomorrow-full-menu-is-on-our-website-/5102119659879933/,,,,,,No
LL-0829,Room 24 Bike Night,2nd Thursday of every month - Drink and meal available - check socials for Meal Deal. All bikes welcome.,08/10/2026 09:00,08/10/2026 22:00,Europe/London,No,,,Bike meets,"rgb(214, 33, 42)",,Room 24,"Room 24, Eastern Esplanade, Southend-on-Sea, SS1 2ER",,,,,,,,,Yes,More Info,,https://www.facebook.com/room.twentyfour.7/?locale=en_GB,,,,,,No
LL-0830,John Bunyan Bike Night,"Great evening of New, Vintage, Custom, Sports and Classics - All welcome. Large carpark, great selection of foods and drinks",08/10/2026 09:00,08/10/2026 22:00,Europe/London,No,,,Bike meets,"rgb(214, 33, 42)",,John Bunyan Pub,"John Bunyan Pub, Coleman Green Ln, St Albans, AL4 8ES",,,,,,,,,Yes,More Info,,https://www.facebook.com/Johnbunyanpub.co.uk/?locale=en_GB,,,,,,No
LL-0831,Italian Night,"Bike meet at the world famous Ace Café, North Circular, London - 18:00 start",08/10/2026 09:00,08/10/2026 22:00,Europe/London,No,,,Bike meets,"rgb(214, 33, 42)",,Ace Café,"Ace Café, Stonebridge, NW10 7UD",,,,,,,,,Yes,More Info,,https://london.acecafe.com/,,,,,,No
LL-0832,MotoGP - Round 17 - Grand Prix of Indonesia,"MotoGP showcases elite motorcycle racing, world-class riders, cutting-edge technology, intense rivalries, and thrilling high-speed battles across iconic circuits worldwide.",09/10/2026 09:00,09/10/2026 22:00,Europe/London,No,,,Race meets,"rgb(214, 33, 42)",,Mandalika International Street Circuit,"Mandalika International Street Circuit, Indonesia",,,,,,,,,Yes,More Info,,https://www.motogp.com/,,,,,,No
LL-0833,MotoGP - Round 17 - Grand Prix of Indonesia,"MotoGP showcases elite motorcycle racing, world-class riders, cutting-edge technology, intense rivalries, and thrilling high-speed battles across iconic circuits worldwide.",10/10/2026 09:00,10/10/2026 22:00,Europe/London,No,,,Race meets,"rgb(214, 33, 42)",,Mandalika International Street Circuit,"Mandalika International Street Circuit, Indonesia",,,,,,,,,Yes,More Info,,https://www.motogp.com/,,,,,,No
LL-0834,MotoGP - Round 17 - Grand Prix of Indonesia,"MotoGP showcases elite motorcycle racing, world-class riders, cutting-edge technology, intense rivalries, and thrilling high-speed battles across iconic circuits worldwide.",11/10/2026 09:00,11/10/2026 22:00,Europe/London,No,,,Race meets,"rgb(214, 33, 42)",,Mandalika International Street Circuit,"Mandalika International Street Circuit, Indonesia",,,,,,,,,Yes,More Info,,https://www.motogp.com/,,,,,,No
LL-0835,"World Superbike Championship - Round 11, Portugal","With up to four races per round, the action is spread over two days. WSBK, WSSP, WSSP300 and WCR",09/10/2026 09:00,09/10/2026 22:00,Europe/London,No,,,Race meets,"rgb(214, 33, 42)",,Circuito Estoril,"Circuito Estoril, Portugal",,,,,,,,,Yes,More Info,,https://www.worldsbk.com/,,,,,,No
LL-0836,"World Superbike Championship - Round 11, Portugal","With up to four races per round, the action is spread over two days. WSBK, WSSP, WSSP300 and WCR",10/10/2026 09:00,10/10/2026 22:00,Europe/London,No,,,Race meets,"rgb(214, 33, 42)",,Circuito Estoril,"Circuito Estoril, Portugal",,,,,,,,,Yes,More Info,,https://www.worldsbk.com/,,,,,,No
LL-0837,"World Superbike Championship - Round 11, Portugal","With up to four races per round, the action is spread over two days. WSBK, WSSP, WSSP300 and WCR",11/10/2026 09:00,11/10/2026 22:00,Europe/London,No,,,Race meets,"rgb(214, 33, 42)",,Circuito Estoril,"Circuito Estoril, Portugal",,,,,,,,,Yes,More Info,,https://www.worldsbk.com/,,,,,,No
LL-0838,Bike Night + Bandits (BOCGB) Monthly Meet,"Bike meet at the world famous Ace Café, North Circular, London - 18:00 start",09/10/2026 09:00,09/10/2026 22:00,Europe/London,No,,,Bike meets,"rgb(214, 33, 42)",,Ace Café,"Ace Café, Stonebridge, NW10 7UD",,,,,,,,,Yes,More Info,,https://london.acecafe.com/,,,,,,No
LL-0839,The Classic Motorcycle Mechanics Show,"Several hundred trade stands and autojumble plots galore will keep classic bike enthusiasts happy at this spectacular show. With shed loads of club stands, private entry displays, the Classic Racer GP Paddock, Competition Hall and live stunt displays all mark this show out as something special. On-stage interviews with racing legends and the famous Bonhams auction add to the atmosphere",10/10/2026 09:00,10/10/2026 22:00,Europe/London,No,,,Motorcycle shows and events,"rgb(214, 33, 42)",,Staffordshire Showground,"Staffordshire Showground, Staffs, ST18 0BD",,,,,,,,,Yes,More Info,,https://www.classicbikeshows.com/,,,,,,No
LL-0840,The Classic Motorcycle Mechanics Show,"Several hundred trade stands and autojumble plots galore will keep classic bike enthusiasts happy at this spectacular show. With shed loads of club stands, private entry displays, the Classic Racer GP Paddock, Competition Hall and live stunt displays all mark this show out as something special. On-stage interviews with racing legends and the famous Bonhams auction add to the atmosphere",11/10/2026 09:00,11/10/2026 22:00,Europe/London,No,,,Motorcycle shows and events,"rgb(214, 33, 42)",,Staffordshire Showground,"Staffordshire Showground, Staffs, ST18 0BD",,,,,,,,,Yes,More Info,,https://www.classicbikeshows.com/,,,,,,No
LL-0841,Darley Moor MCRRC R5 & and Stars at Darley,"Darley Moor Motor Cycle Road Racing Club Ltd have been organising and running motor cycle road racing at Darley Moor Sports Centre since 1965. Many of today's top riders started their careers at Darley Moor. Affiliated to the East Midland Centre of the Auto Cycle Union (ACU), you will need to apply to join Darley Moor MCRRC if you wish to race.",10/10/2026 09:00,10/10/2026 22:00,Europe/London,No,,,Race meets,"rgb(214, 33, 42)",,Darley Moor Sports Centre,"Darley Moor Sports Centre, Derbyshire DE6 2ET",,,,,,,,,Yes,More Info,,https://www.darleymoor.co.uk/,,,,,,No
LL-0842,Darley Moor MCRRC R6 & and Stars at Darley,"Darley Moor Motor Cycle Road Racing Club Ltd have been organising and running motor cycle road racing at Darley Moor Sports Centre since 1965. Many of today's top riders started their careers at Darley Moor. Affiliated to the East Midland Centre of the Auto Cycle Union (ACU), you will need to apply to join Darley Moor MCRRC if you wish to race.",11/10/2026 09:00,11/10/2026 22:00,Europe/London,No,,,Race meets,"rgb(214, 33, 42)",,Darley Moor Sports Centre,"Darley Moor Sports Centre, Derbyshire DE6 2ET",,,,,,,,,Yes,More Info,,https://www.darleymoor.co.uk/,,,,,,No
LL-0843,Brit V's (Vincent & Velocette) & Classic Bike Day,Bike meet at the world famous Ace Café - 09:00 start,11/10/2026 09:00,11/10/2026 22:00,Europe/London,No,,,Bike meets,"rgb(214, 33, 42)",,Ace Café,"Ace Café, Stonebridge, NW10 7UD",,,,,,,,,Yes,More Info,,https://london.acecafe.com/,,,,,,No
LL-0844,Bike Night at The Cross Keys - Pizza & Pop,"A new bike night at The Cross Keys in Upwood, Ramsey, Cambs, featuring Mooi Pizza and a soft drink for just £10. Plenty of parking and a friendly pub atmosphere make this the ideal Monday night ride out. All pizzas are cooked to order in a wood fired oven. Pre Order on 07355 397164 to avoid delays.",12/10/2026 09:00,12/10/2026 22:00,Europe/London,No,,,Bike meets,"rgb(214, 33, 42)",,The Cross Keys,"The Cross Keys, Upwood, Cambs",,,,,,,,,Yes,More Info,,https://mooipizza.co.uk/,,,,,,No
LL-0845,Sugar Loaf Bike Night,Every Tuesday from 6pm. Themed nights - free soft drink with themed bikes. All bikes welcome.,13/10/2026 09:00,13/10/2026 22:00,Europe/London,No,,,Bike meets,"rgb(214, 33, 42)",,The Old Sugar Loaf,"The Old Sugar Loaf, 44 High St, Dunstable, LU6 1LA",,,,,,,,,Yes,More Info,,https://www.facebook.com/groups/1052463642347360/,,,,,,No
LL-0846,Gosport Motorbike Social,"A weekly Wednesday meet for like minded bikers from 6pm. Motorcycle ride outs, charity events, food and drinks - all welcome.",14/10/2026 09:00,14/10/2026 22:00,Europe/London,No,,,Bike meets,"rgb(214, 33, 42)",,The Rolling Scone Café,"The Rolling Scone Café, Gosport, Hants, PO13 9UB",,,,,,,,,Yes,More Info,,https://www.facebook.com/TheRollingSconesCafeGosport,,,,,,No
LL-0847,Wicked Wheelie Wednesdays,Come and show-off your bikes - 50cc to superbikes. Food available 17:00 - 20:00 - bar 15:00 - 22:00. Supporting a charity at every event.,14/10/2026 09:00,14/10/2026 22:00,Europe/London,No,,,Bike meets,"rgb(214, 33, 42)",,Hubbles @ Fendicks Fishery,"Hubbles @ Fendicks Fishery, Methwold Road, Whittington PE33 9GP",,,,,,,,,Yes,More Info,,https://www.fendicksfishery.com/,,,,,,No
LL-0848,Brit Bikes Night Classic & Modern,"Bike meet at the world famous Ace Café, North Circular, London - 18:00 start",14/10/2026 09:00,14/10/2026 22:00,Europe/London,No,,,Bike meets,"rgb(214, 33, 42)",,Ace Café,"Ace Café, Stonebridge, NW10 7UD",,,,,,,,,Yes,More Info,,https://london.acecafe.com/,,,,,,No
LL-0849,Bike Night at The Hunters Inn,Meet up at The Hunters Inn - Freehouse pub with large car park and garden. Great biking roads in area and close to A32 and Loomies Café. Bike night - Thursdays from 18:00,15/10/2026 09:00,15/10/2026 22:00,Europe/London,No,,,Bike meets,"rgb(214, 33, 42)",,The Hunters Inn,"The Hunters Inn, Cott Street, Swanmore, Hants SO32 2PZ",,,,,,,,,Yes,More Info,,https://www.huntersinnpub.com/,,,,,,No
LL-0850,Bike Night at the Crown,Every Thursday from 6pm. Full menu available.,15/10/2026 09:00,15/10/2026 22:00,Europe/London,No,,,Bike meets,"rgb(214, 33, 42)",,The Crown,"The Crown, Main Road, Wormington, CO6 3AB",,,,,,,,,Yes,More Info,,https://www.facebook.com/crownwormingford/posts/bike-night-the-crown-wormingford-6pm-start-tomorrow-full-menu-is-on-our-website-/5102119659879933/,,,,,,No
LL-0851,"Super Moto + XJR OC, NABD, Scooters & MAG Monthly Meet","Bike meet at the world famous Ace Café, North Circular, London - 18:00 start",15/10/2026 09:00,15/10/2026 22:00,Europe/London,No,,,Bike meets,"rgb(214, 33, 42)",,Ace Café,"Ace Café, Stonebridge, NW10 7UD",,,,,,,,,Yes,More Info,,https://london.acecafe.com/,,,,,,No
LL-0852,Weston Beach Race,"A mammoth 6-mile circuit winding its way through the picturesque beachscape, challenging the most fearless riders on the planet.",16/10/2026 09:00,16/10/2026 22:00,Europe/London,No,,,Race meets,"rgb(214, 33, 42)",,Weston-super-Mare,"Weston-super-Mare, Somerset",,,,,,,,,Yes,More Info,,https://www.rhlactivities.com/,,,,,,No
LL-0853,Weston Beach Race,"A mammoth 6-mile circuit winding its way through the picturesque beachscape, challenging the most fearless riders on the planet.",17/10/2026 09:00,17/10/2026 22:00,Europe/London,No,,,Race meets,"rgb(214, 33, 42)",,Weston-super-Mare,"Weston-super-Mare, Somerset",,,,,,,,,Yes,More Info,,https://www.rhlactivities.com/,,,,,,No
LL-0854,Weston Beach Race,"A mammoth 6-mile circuit winding its way through the picturesque beachscape, challenging the most fearless riders on the planet.",18/10/2026 09:00,18/10/2026 22:00,Europe/London,No,,,Race meets,"rgb(214, 33, 42)",,Weston-super-Mare,"Weston-super-Mare, Somerset",,,,,,,,,Yes,More Info,,https://www.rhlactivities.com/,,,,,,No
LL-0855,British Superbike Championship - Round 11,"The biggest and best national Championship in the world. 3 days of racing with Superbikes, Supersports, Sportsbike and many support classes.",16/10/2026 09:00,16/10/2026 22:00,Europe/London,No,,,Race meets,"rgb(214, 33, 42)",,Brands Hatch,"Brands Hatch, Kent, DA3 8NG",,,,,,,,,Yes,More Info,,https://www.britishsuperbike.com/,,,,,,No
LL-0856,British Superbike Championship - Round 11,"The biggest and best national Championship in the world. 3 days of racing with Superbikes, Supersports, Sportsbike and many support classes.",17/10/2026 09:00,17/10/2026 22:00,Europe/London,No,,,Race meets,"rgb(214, 33, 42)",,Brands Hatch,"Brands Hatch, Kent, DA3 8NG",,,,,,,,,Yes,More Info,,https://www.britishsuperbike.com/,,,,,,No
LL-0857,British Superbike Championship - Round 11,"The biggest and best national Championship in the world. 3 days of racing with Superbikes, Supersports, Sportsbike and many support classes.",18/10/2026 09:00,18/10/2026 22:00,Europe/London,No,,,Race meets,"rgb(214, 33, 42)",,Brands Hatch,"Brands Hatch, Kent, DA3 8NG",,,,,,,,,Yes,More Info,,https://www.britishsuperbike.com/,,,,,,No
LL-0858,"World Superbike Championship - Round 12, Spain","With up to four races per round, the action is spread over two days. WSBK, WSSP, WSSP300 and WCR",16/10/2026 09:00,16/10/2026 22:00,Europe/London,No,,,Race meets,"rgb(214, 33, 42)",,Circuito De Jerez Angel Nieto,"Circuito De Jerez Angel Nieto, Spain",,,,,,,,,Yes,More Info,,https://www.worldsbk.com/,,,,,,No
LL-0859,"World Superbike Championship - Round 12, Spain","With up to four races per round, the action is spread over two days. WSBK, WSSP, WSSP300 and WCR",17/10/2026 09:00,17/10/2026 22:00,Europe/London,No,,,Race meets,"rgb(214, 33, 42)",,Circuito De Jerez Angel Nieto,"Circuito De Jerez Angel Nieto, Spain",,,,,,,,,Yes,More Info,,https://www.worldsbk.com/,,,,,,No
LL-0860,"World Superbike Championship - Round 12, Spain","With up to four races per round, the action is spread over two days. WSBK, WSSP, WSSP300 and WCR",18/10/2026 09:00,18/10/2026 22:00,Europe/London,No,,,Race meets,"rgb(214, 33, 42)",,Circuito De Jerez Angel Nieto,"Circuito De Jerez Angel Nieto, Spain",,,,,,,,,Yes,More Info,,https://www.worldsbk.com/,,,,,,No
LL-0861,Bike Night + Rockers 'n' Classics Monthly Meet,"Bike meet at the world famous Ace Café, North Circular, London - 18:00 start",16/10/2026 09:00,16/10/2026 22:00,Europe/London,No,,,Bike meets,"rgb(214, 33, 42)",,Ace Café,"Ace Café, Stonebridge, NW10 7UD",,,,,,,,,Yes,More Info,,https://london.acecafe.com/,,,,,,No
LL-0862,'Normous Newark Autojumble,"A great day out for any car or motorcycle enthusiast offering a vast array of parts, restoration services and related products.",18/10/2026 09:00,18/10/2026 22:00,Europe/London,No,,,Motorcycle shows and events,"rgb(214, 33, 42)",,Newark and Notts Showground,"Newark and Notts Showground, Newark, NG24 2NY",,,,,,,,,Yes,More Info,,https://www.newarkautojumble.co.uk/,,,,,,No
LL-0863,Red Oktober - Eastern Bloc Vehicles Meet,Bike meet at the world famous Ace Café - 09:00 start,18/10/2026 09:00,18/10/2026 22:00,Europe/London,No,,,Bike meets,"rgb(214, 33, 42)",,Ace Café,"Ace Café, Stonebridge, NW10 7UD",,,,,,,,,Yes,More Info,,https://london.acecafe.com/,,,,,,No
LL-0864,Bike Night at The Cross Keys - Pizza & Pop,"A new bike night at The Cross Keys in Upwood, Ramsey, Cambs, featuring Mooi Pizza and a soft drink for just £10. Plenty of parking and a friendly pub atmosphere make this the ideal Monday night ride out. All pizzas are cooked to order in a wood fired oven. Pre Order on 07355 397164 to avoid delays.",19/10/2026 09:00,19/10/2026 22:00,Europe/London,No,,,Bike meets,"rgb(214, 33, 42)",,The Cross Keys,"The Cross Keys, Upwood, Cambs",,,,,,,,,Yes,More Info,,https://mooipizza.co.uk/,,,,,,No
LL-0865,Sugar Loaf Bike Night,Every Tuesday from 6pm. Themed nights - free soft drink with themed bikes. All bikes welcome.,20/10/2026 09:00,20/10/2026 22:00,Europe/London,No,,,Bike meets,"rgb(214, 33, 42)",,The Old Sugar Loaf,"The Old Sugar Loaf, 44 High St, Dunstable, LU6 1LA",,,,,,,,,Yes,More Info,,https://www.facebook.com/groups/1052463642347360/,,,,,,No
LL-0866,Gosport Motorbike Social,"A weekly Wednesday meet for like minded bikers from 6pm. Motorcycle ride outs, charity events, food and drinks - all welcome.",21/10/2026 09:00,21/10/2026 22:00,Europe/London,No,,,Bike meets,"rgb(214, 33, 42)",,The Rolling Scone Café,"The Rolling Scone Café, Gosport, Hants, PO13 9UB",,,,,,,,,Yes,More Info,,https://www.facebook.com/TheRollingSconesCafeGosport,,,,,,No
LL-0867,Wicked Wheelie Wednesdays,Come and show-off your bikes - 50cc to superbikes. Food available 17:00 - 20:00 - bar 15:00 - 22:00. Supporting a charity at every event.,21/10/2026 09:00,21/10/2026 22:00,Europe/London,No,,,Bike meets,"rgb(214, 33, 42)",,Hubbles @ Fendicks Fishery,"Hubbles @ Fendicks Fishery, Methwold Road, Whittington PE33 9GP",,,,,,,,,Yes,More Info,,https://www.fendicksfishery.com/,,,,,,No
LL-0868,Bike Night at The Hunters Inn,Meet up at The Hunters Inn - Freehouse pub with large car park and garden. Great biking roads in area and close to A32 and Loomies Café. Bike night - Thursdays from 18:00,22/10/2026 09:00,22/10/2026 22:00,Europe/London,No,,,Bike meets,"rgb(214, 33, 42)",,The Hunters Inn,"The Hunters Inn, Cott Street, Swanmore, Hants SO32 2PZ",,,,,,,,,Yes,More Info,,https://www.huntersinnpub.com/,,,,,,No
LL-0869,Bike Night at the Crown,Every Thursday from 6pm. Full menu available.,22/10/2026 09:00,22/10/2026 22:00,Europe/London,No,,,Bike meets,"rgb(214, 33, 42)",,The Crown,"The Crown, Main Road, Wormington, CO6 3AB",,,,,,,,,Yes,More Info,,https://www.facebook.com/crownwormingford/posts/bike-night-the-crown-wormingford-6pm-start-tomorrow-full-menu-is-on-our-website-/5102119659879933/,,,,,,No
LL-0870,John Bunyan Bike Night,"Great evening of New, Vintage, Custom, Sports and Classics - All welcome. Large carpark, great selection of foods and drinks",22/10/2026 09:00,22/10/2026 22:00,Europe/London,No,,,Bike meets,"rgb(214, 33, 42)",,John Bunyan Pub,"John Bunyan Pub, Coleman Green Ln, St Albans, AL4 8ES",,,,,,,,,Yes,More Info,,https://www.facebook.com/Johnbunyanpub.co.uk/?locale=en_GB,,,,,,No
LL-0871,MotoGP - Round 18 - Grand Prix of Australia,"MotoGP showcases elite motorcycle racing, world-class riders, cutting-edge technology, intense rivalries, and thrilling high-speed battles across iconic circuits worldwide.",23/10/2026 09:00,23/10/2026 22:00,Europe/London,No,,,Race meets,"rgb(214, 33, 42)",,Phillip Island Circuit,Phillip Island Circuit,,,,,,,,,Yes,More Info,,https://www.motogp.com/,,,,,,No
LL-0872,MotoGP - Round 18 - Grand Prix of Australia,"MotoGP showcases elite motorcycle racing, world-class riders, cutting-edge technology, intense rivalries, and thrilling high-speed battles across iconic circuits worldwide.",24/10/2026 09:00,24/10/2026 22:00,Europe/London,No,,,Race meets,"rgb(214, 33, 42)",,Phillip Island Circuit,Phillip Island Circuit,,,,,,,,,Yes,More Info,,https://www.motogp.com/,,,,,,No
LL-0873,MotoGP - Round 18 - Grand Prix of Australia,"MotoGP showcases elite motorcycle racing, world-class riders, cutting-edge technology, intense rivalries, and thrilling high-speed battles across iconic circuits worldwide.",25/10/2026 09:00,25/10/2026 22:00,Europe/London,No,,,Race meets,"rgb(214, 33, 42)",,Phillip Island Circuit,Phillip Island Circuit,,,,,,,,,Yes,More Info,,https://www.motogp.com/,,,,,,No
LL-0874,Kempton Park Autojumble,"Kempton Jumble now accommodates at least 250 stalls for regular traders and is a very useful venue for enthusiasts having ""clear outs"".",24/10/2026 09:00,24/10/2026 22:00,Europe/London,No,,,Motorcycle shows and events,"rgb(214, 33, 42)",,Kempton Park,"Kempton Park, Middlesex, TW16 5AQ",,,,,,,,,Yes,More Info,,https://www.kemptonparkautojumble.co.uk/,,,,,,No
LL-0875,Squires Café Autojumble,"Squires Cafe is an ideal venue for all event requirements, boasting large outdoor capacity plus large well equipped indoor facilities making Squires a truly all year-round venue. Monthly autojumble. Pitches are £5 each for sellers",24/10/2026 09:00,24/10/2026 22:00,Europe/London,No,,,Motorcycle shows and events,"rgb(214, 33, 42)",,South Milford,"South Milford, Leeds, LS25 5LX",,,,,,,,,Yes,More Info,,https://www.squires-cafe.co.uk/,,,,,,No
LL-0876,FIM Flat Track World Championship - R9,The FIM Flat Track World Championship is the premier competition organized by FIM on the sport of flat track racing.,24/10/2026 09:00,24/10/2026 22:00,Europe/London,No,,,Race meets,"rgb(214, 33, 42)",,Argentina (TBC),Argentina (TBC),,,,,,,,,Yes,More Info,,https://www.fim-live.com/,,,,,,No
LL-0877,"Rat, Brat, Bobbers, Choppers & Rat Rods",Bike meet at the world famous Ace Café - 09:00 start,25/10/2026 09:00,25/10/2026 22:00,Europe/London,No,,,Bike meets,"rgb(214, 33, 42)",,Ace Café,"Ace Café, Stonebridge, NW10 7UD",,,,,,,,,Yes,More Info,,https://london.acecafe.com/,,,,,,No
LL-0878,Ardingly Classic Bike Show & Autojumble,"A must for all Classic motorcycle enthusiasts. The indoor Show features Special Guests, Club stands, private exhibitors.",25/10/2026 09:00,25/10/2026 22:00,Europe/London,No,,,Motorcycle shows and events,"rgb(214, 33, 42)",,Ardingly,"Ardingly, West Sussex, RH17 6TL",,,,,,,,,Yes,More Info,,https://www.elkpromotions.co.uk/,,,,,,No
LL-0879,FIM Flat Track World Championship - R10,The FIM Flat Track World Championship is the premier competition organized by FIM on the sport of flat track racing.,25/10/2026 09:00,25/10/2026 22:00,Europe/London,No,,,Race meets,"rgb(214, 33, 42)",,Argentina (TBC),Argentina (TBC),,,,,,,,,Yes,More Info,,https://www.fim-live.com/,,,,,,No
LL-0880,Bike Night at The Cross Keys - Pizza & Pop,"A new bike night at The Cross Keys in Upwood, Ramsey, Cambs, featuring Mooi Pizza and a soft drink for just £10. Plenty of parking and a friendly pub atmosphere make this the ideal Monday night ride out. All pizzas are cooked to order in a wood fired oven. Pre Order on 07355 397164 to avoid delays.",26/10/2026 09:00,26/10/2026 22:00,Europe/London,No,,,Bike meets,"rgb(214, 33, 42)",,The Cross Keys,"The Cross Keys, Upwood, Cambs",,,,,,,,,Yes,More Info,,https://mooipizza.co.uk/,,,,,,No
LL-0881,Sugar Loaf Bike Night,Every Tuesday from 6pm. Themed nights - free soft drink with themed bikes. All bikes welcome.,27/10/2026 09:00,27/10/2026 22:00,Europe/London,No,,,Bike meets,"rgb(214, 33, 42)",,The Old Sugar Loaf,"The Old Sugar Loaf, 44 High St, Dunstable, LU6 1LA",,,,,,,,,Yes,More Info,,https://www.facebook.com/groups/1052463642347360/,,,,,,No
LL-0882,Gosport Motorbike Social,"A weekly Wednesday meet for like minded bikers from 6pm. Motorcycle ride outs, charity events, food and drinks - all welcome.",28/10/2026 09:00,28/10/2026 22:00,Europe/London,No,,,Bike meets,"rgb(214, 33, 42)",,The Rolling Scone Café,"The Rolling Scone Café, Gosport, Hants, PO13 9UB",,,,,,,,,Yes,More Info,,https://www.facebook.com/TheRollingSconesCafeGosport,,,,,,No
LL-0883,Wicked Wheelie Wednesdays,Come and show-off your bikes - 50cc to superbikes. Food available 17:00 - 20:00 - bar 15:00 - 22:00. Supporting a charity at every event.,28/10/2026 09:00,28/10/2026 22:00,Europe/London,No,,,Bike meets,"rgb(214, 33, 42)",,Hubbles @ Fendicks Fishery,"Hubbles @ Fendicks Fishery, Methwold Road, Whittington PE33 9GP",,,,,,,,,Yes,More Info,,https://www.fendicksfishery.com/,,,,,,No
LL-0884,Bike Night at The Hunters Inn,Meet up at The Hunters Inn - Freehouse pub with large car park and garden. Great biking roads in area and close to A32 and Loomies Café. Bike night - Thursdays from 18:00,29/10/2026 09:00,29/10/2026 22:00,Europe/London,No,,,Bike meets,"rgb(214, 33, 42)",,The Hunters Inn,"The Hunters Inn, Cott Street, Swanmore, Hants SO32 2PZ",,,,,,,,,Yes,More Info,,https://www.huntersinnpub.com/,,,,,,No
LL-0885,Bike Night at the Crown,Every Thursday from 6pm. Full menu available.,29/10/2026 09:00,29/10/2026 22:00,Europe/London,No,,,Bike meets,"rgb(214, 33, 42)",,The Crown,"The Crown, Main Road, Wormington, CO6 3AB",,,,,,,,,Yes,More Info,,https://www.facebook.com/crownwormingford/posts/bike-night-the-crown-wormingford-6pm-start-tomorrow-full-menu-is-on-our-website-/5102119659879933/,,,,,,No
LL-0886,Harley Night Monthly Meet,"Bike meet at the world famous Ace Café, North Circular, London - 18:00 start",29/10/2026 09:00,29/10/2026 22:00,Europe/London,No,,,Bike meets,"rgb(214, 33, 42)",,Ace Café,"Ace Café, Stonebridge, NW10 7UD",,,,,,,,,Yes,More Info,,https://london.acecafe.com/,,,,,,No
LL-0887,MotoGP - Round 19 - Grand Prix of Malaysia,"MotoGP showcases elite motorcycle racing, world-class riders, cutting-edge technology, intense rivalries, and thrilling high-speed battles across iconic circuits worldwide.",30/10/2026 09:00,30/10/2026 22:00,Europe/London,No,,,Race meets,"rgb(214, 33, 42)",,Sepang International Circuit,"Sepang International Circuit, Malaysia",,,,,,,,,Yes,More Info,,https://www.motogp.com/,,,,,,No
LL-0888,MotoGP - Round 19 - Grand Prix of Malaysia,"MotoGP showcases elite motorcycle racing, world-class riders, cutting-edge technology, intense rivalries, and thrilling high-speed battles across iconic circuits worldwide.",31/10/2026 09:00,31/10/2026 22:00,Europe/London,No,,,Race meets,"rgb(214, 33, 42)",,Sepang International Circuit,"Sepang International Circuit, Malaysia",,,,,,,,,Yes,More Info,,https://www.motogp.com/,,,,,,No
LL-0889,MotoGP - Round 19 - Grand Prix of Malaysia,"MotoGP showcases elite motorcycle racing, world-class riders, cutting-edge technology, intense rivalries, and thrilling high-speed battles across iconic circuits worldwide.",01/11/2026 09:00,01/11/2026 22:00,Europe/London,No,,,Race meets,"rgb(214, 33, 42)",,Sepang International Circuit,"Sepang International Circuit, Malaysia",,,,,,,,,Yes,More Info,,https://www.motogp.com/,,,,,,No
LL-0890,Bike Night + Performance & Fast Bikes Monthly Meet,"Bike meet at the world famous Ace Café, North Circular, London - 18:00 start",30/10/2026 09:00,30/10/2026 22:00,Europe/London,No,,,Bike meets,"rgb(214, 33, 42)",,Ace Café,"Ace Café, Stonebridge, NW10 7UD",,,,,,,,,Yes,More Info,,https://london.acecafe.com/,,,,,,No
LL-0891,Flame & Thunder,"An action-packed day for all the family with Jet Cars, Monster Trucks, fireworks and more!",31/10/2026 09:00,31/10/2026 22:00,Europe/London,No,,,Motorcycle shows and events,"rgb(214, 33, 42)",,Santapod Raceway,"Santapod Raceway, Beds, NN29 7XA",,,,,,,,,Yes,More Info,,https://www.santapod.co.uk/,,,,,,No
LL-0892,Bikestop Breakfast Ride Outs,First Sunday of the month from March through to November. Guiding help from local clubs and fuelled by the BikeStop special breakfast,01/11/2026 09:00,01/11/2026 22:00,Europe/London,No,,,Motorcycle ride outs,"rgb(214, 33, 42)",,Bike Stop,"Bike Stop, 104 High St, Stevenage SG1 3DW",,,,,,,,,Yes,More Info,,https://www.bikestop.co.uk/blog/category/events,,,,,,No
LL-0893,Ton Up Day + 59 Club,Bike meet at the world famous Ace Café - 09:00 start,01/11/2026 09:00,01/11/2026 22:00,Europe/London,No,,,Bike meets,"rgb(214, 33, 42)",,Ace Café,"Ace Café, Stonebridge, NW10 7UD",,,,,,,,,Yes,More Info,,https://london.acecafe.com/,,,,,,No
LL-0894,German Night & Auto Scoots Monthly Meet,"Bike meet at the world famous Ace Café, North Circular, London - 18:00 start",02/11/2026 09:00,02/11/2026 22:00,Europe/London,No,,,Bike meets,"rgb(214, 33, 42)",,Ace Café,"Ace Café, Stonebridge, NW10 7UD",,,,,,,,,Yes,More Info,,https://london.acecafe.com/,,,,,,No
LL-0895,Gosport Motorbike Social,"A weekly Wednesday meet for like minded bikers from 6pm. Motorcycle ride outs, charity events, food and drinks - all welcome.",04/11/2026 09:00,04/11/2026 22:00,Europe/London,No,,,Bike meets,"rgb(214, 33, 42)",,The Rolling Scone Café,"The Rolling Scone Café, Gosport, Hants, PO13 9UB",,,,,,,,,Yes,More Info,,https://www.facebook.com/TheRollingSconesCafeGosport,,,,,,No
LL-0896,EICMA (Esposizione Internazionale Ciclo Motociclo e Accessori),Watch out for all the new bikes as they are launched at one of the most important shows of the year.,05/11/2026 09:00,05/11/2026 22:00,Europe/London,No,,,Motorcycle shows and events,"rgb(214, 33, 42)",,Milan,"Milan, Italy",,,,,,,,,Yes,More Info,,https://www.eicma.it/,,,,,,No
LL-0897,EICMA (Esposizione Internazionale Ciclo Motociclo e Accessori),Watch out for all the new bikes as they are launched at one of the most important shows of the year.,06/11/2026 09:00,06/11/2026 22:00,Europe/London,No,,,Motorcycle shows and events,"rgb(214, 33, 42)",,Milan,"Milan, Italy",,,,,,,,,Yes,More Info,,https://www.eicma.it/,,,,,,No
LL-0898,EICMA (Esposizione Internazionale Ciclo Motociclo e Accessori),Watch out for all the new bikes as they are launched at one of the most important shows of the year.,07/11/2026 09:00,07/11/2026 22:00,Europe/London,No,,,Motorcycle shows and events,"rgb(214, 33, 42)",,Milan,"Milan, Italy",,,,,,,,,Yes,More Info,,https://www.eicma.it/,,,,,,No
LL-0899,EICMA (Esposizione Internazionale Ciclo Motociclo e Accessori),Watch out for all the new bikes as they are launched at one of the most important shows of the year.,08/11/2026 09:00,08/11/2026 22:00,Europe/London,No,,,Motorcycle shows and events,"rgb(214, 33, 42)",,Milan,"Milan, Italy",,,,,,,,,Yes,More Info,,https://www.eicma.it/,,,,,,No
LL-0900,Bike Night at The Hunters Inn,Meet up at The Hunters Inn - Freehouse pub with large car park and garden. Great biking roads in area and close to A32 and Loomies Café. Bike night - Thursdays from 18:00,05/11/2026 09:00,05/11/2026 22:00,Europe/London,No,,,Bike meets,"rgb(214, 33, 42)",,The Hunters Inn,"The Hunters Inn, Cott Street, Swanmore, Hants SO32 2PZ",,,,,,,,,Yes,More Info,,https://www.huntersinnpub.com/,,,,,,No
LL-0901,Mod 'n' Mini Night & Classic Scooters Monthly Meet,"Bike meet at the world famous Ace Café, North Circular, London - 18:00 start",05/11/2026 09:00,05/11/2026 22:00,Europe/London,No,,,Bike meets,"rgb(214, 33, 42)",,Ace Café,"Ace Café, Stonebridge, NW10 7UD",,,,,,,,,Yes,More Info,,https://london.acecafe.com/,,,,,,No
LL-0902,MotoGP - Round 20 - Grand Prix of Qatar,"MotoGP showcases elite motorcycle racing, world-class riders, cutting-edge technology, intense rivalries, and thrilling high-speed battles across iconic circuits worldwide.",06/11/2026 09:00,06/11/2026 22:00,Europe/London,No,,,Race meets,"rgb(214, 33, 42)",,Lusail International Circuit,"Lusail International Circuit, Qatar",,,,,,,,,Yes,More Info,,https://www.motogp.com/,,,,,,No
LL-0903,MotoGP - Round 20 - Grand Prix of Qatar,"MotoGP showcases elite motorcycle racing, world-class riders, cutting-edge technology, intense rivalries, and thrilling high-speed battles across iconic circuits worldwide.",07/11/2026 09:00,07/11/2026 22:00,Europe/London,No,,,Race meets,"rgb(214, 33, 42)",,Lusail International Circuit,"Lusail International Circuit, Qatar",,,,,,,,,Yes,More Info,,https://www.motogp.com/,,,,,,No
LL-0904,MotoGP - Round 20 - Grand Prix of Qatar,"MotoGP showcases elite motorcycle racing, world-class riders, cutting-edge technology, intense rivalries, and thrilling high-speed battles across iconic circuits worldwide.",08/11/2026 09:00,08/11/2026 22:00,Europe/London,No,,,Race meets,"rgb(214, 33, 42)",,Lusail International Circuit,"Lusail International Circuit, Qatar",,,,,,,,,Yes,More Info,,https://www.motogp.com/,,,,,,No
LL-0905,Bike Night & Streetfighters Monthly Meet,"Bike meet at the world famous Ace Café, North Circular, London - 18:00 start",06/11/2026 09:00,06/11/2026 22:00,Europe/London,No,,,Bike meets,"rgb(214, 33, 42)",,Ace Café,"Ace Café, Stonebridge, NW10 7UD",,,,,,,,,Yes,More Info,,https://london.acecafe.com/,,,,,,No
LL-0906,The Lakeland Historic Car & Bike Club,"The Lakeland Historic Car Club meets on the first Saturday of every month at the museum and Cafe Ambio. Everyone is welcome to attend whether you're an owner, enthusiast or just keen to see some great examples of some classic local cars and bikes. The club roughly arrives at the museum around 10am and leaves after lunch (around 12.30pm).",07/11/2026 09:00,07/11/2026 22:00,Europe/London,No,,,Motorcycle shows and events,"rgb(214, 33, 42)",,Lakeland Motor Museum,"Lakeland Motor Museum, Backbarrow, nr. Ulverston, Cumbria LA12 8TA",,,,,,,,,Yes,More Info,,https://www.lakelandmotormuseum.co.uk/,,,,,,No
LL-0907,Rufforth Autojumble,"A total of 350 pitches with up to 3000 buyers attending. On site facilities include a 5 star cafe, disabled parking and new large toilet facilities. Dogs welcome, but must be kept on lead at all times.",07/11/2026 09:00,07/11/2026 22:00,Europe/London,No,,,Motorcycle shows and events,"rgb(214, 33, 42)",,Rufforth Park,"Rufforth Park, Yorks, YO23 3QH",,,,,,,,,Yes,More Info,,https://www.rufforthautojumble.com/,,,,,,No
LL-0908,MSV General Track Day,"MSV Trackdays (MSVT) offers car and bike track day events to suit all levels of experience and ability at these brilliant circuits across the UK, all of which are owned or operated by MSV.",07/11/2026 09:00,07/11/2026 22:00,Europe/London,No,,,Bike track days,"rgb(214, 33, 42)",,Circuito de Navarra,Circuito de Navarra,,,,,,,,,Yes,More Info,,https://msvtrackdays.com/,,,,,,No
LL-0909,Poppy Day Parade & Service - Military Vehicle Meet,Bike meet at the world famous Ace Café - 09:00 start,08/11/2026 09:00,08/11/2026 22:00,Europe/London,No,,,Bike meets,"rgb(214, 33, 42)",,Ace Café,"Ace Café, Stonebridge, NW10 7UD",,,,,,,,,Yes,More Info,,https://london.acecafe.com/,,,,,,No
LL-0910,Squires Ride of Remembrance,"Squires Cafe is an ideal venue for all event requirements, boasting large outdoor capacity plus large well equipped indoor facilities making Squires a truly all year-round venue. Monthly autojumble. Pitches are £5 each for sellers",08/11/2026 09:00,08/11/2026 22:00,Europe/London,No,,,Motorcycle shows and events,"rgb(214, 33, 42)",,South Milford,"South Milford, Leeds, LS25 5LX",,,,,,,,,Yes,More Info,,https://www.squires-cafe.co.uk/,,,,,,No
LL-0911,Gosport Motorbike Social,"A weekly Wednesday meet for like minded bikers from 6pm. Motorcycle ride outs, charity events, food and drinks - all welcome.",11/11/2026 09:00,11/11/2026 22:00,Europe/London,No,,,Bike meets,"rgb(214, 33, 42)",,The Rolling Scone Café,"The Rolling Scone Café, Gosport, Hants, PO13 9UB",,,,,,,,,Yes,More Info,,https://www.facebook.com/TheRollingSconesCafeGosport,,,,,,No
LL-0912,Brit Bikes Night Classic & Modern,"Bike meet at the world famous Ace Café, North Circular, London - 18:00 start",11/11/2026 09:00,11/11/2026 22:00,Europe/London,No,,,Bike meets,"rgb(214, 33, 42)",,Ace Café,"Ace Café, Stonebridge, NW10 7UD",,,,,,,,,Yes,More Info,,https://london.acecafe.com/,,,,,,No
LL-0913,Bike Night at The Hunters Inn,Meet up at The Hunters Inn - Freehouse pub with large car park and garden. Great biking roads in area and close to A32 and Loomies Café. Bike night - Thursdays from 18:00,12/11/2026 09:00,12/11/2026 22:00,Europe/London,No,,,Bike meets,"rgb(214, 33, 42)",,The Hunters Inn,"The Hunters Inn, Cott Street, Swanmore, Hants SO32 2PZ",,,,,,,,,Yes,More Info,,https://www.huntersinnpub.com/,,,,,,No
LL-0914,Italian Night,"Bike meet at the world famous Ace Café, North Circular, London - 18:00 start",12/11/2026 09:00,12/11/2026 22:00,Europe/London,No,,,Bike meets,"rgb(214, 33, 42)",,Ace Café,"Ace Café, Stonebridge, NW10 7UD",,,,,,,,,Yes,More Info,,https://london.acecafe.com/,,,,,,No
LL-0915,MotoGP - Round 21 - Grand Premió de Portugal,"MotoGP showcases elite motorcycle racing, world-class riders, cutting-edge technology, intense rivalries, and thrilling high-speed battles across iconic circuits worldwide.",13/11/2026 09:00,13/11/2026 22:00,Europe/London,No,,,Race meets,"rgb(214, 33, 42)",,Autodromo Internacional do Algarve,"Autodromo Internacional do Algarve, Portimao, Portugal",,,,,,,,,Yes,More Info,,https://www.motogp.com/,,,,,,No
LL-0916,MotoGP - Round 21 - Grand Premió de Portugal,"MotoGP showcases elite motorcycle racing, world-class riders, cutting-edge technology, intense rivalries, and thrilling high-speed battles across iconic circuits worldwide.",14/11/2026 09:00,14/11/2026 22:00,Europe/London,No,,,Race meets,"rgb(214, 33, 42)",,Autodromo Internacional do Algarve,"Autodromo Internacional do Algarve, Portimao, Portugal",,,,,,,,,Yes,More Info,,https://www.motogp.com/,,,,,,No
LL-0917,MotoGP - Round 21 - Grand Premió de Portugal,"MotoGP showcases elite motorcycle racing, world-class riders, cutting-edge technology, intense rivalries, and thrilling high-speed battles across iconic circuits worldwide.",15/11/2026 09:00,15/11/2026 22:00,Europe/London,No,,,Race meets,"rgb(214, 33, 42)",,Autodromo Internacional do Algarve,"Autodromo Internacional do Algarve, Portimao, Portugal",,,,,,,,,Yes,More Info,,https://www.motogp.com/,,,,,,No
LL-0918,Bike Night + Bandits (BOCGB) Monthly Meet,"Bike meet at the world famous Ace Café, North Circular, London - 18:00 start",13/11/2026 09:00,13/11/2026 22:00,Europe/London,No,,,Bike meets,"rgb(214, 33, 42)",,Ace Café,"Ace Café, Stonebridge, NW10 7UD",,,,,,,,,Yes,More Info,,https://london.acecafe.com/,,,,,,No
LL-0919,Bike Day,Bike meet at the world famous Ace Café - 09:00 start,15/11/2026 09:00,15/11/2026 22:00,Europe/London,No,,,Bike meets,"rgb(214, 33, 42)",,Ace Café,"Ace Café, Stonebridge, NW10 7UD",,,,,,,,,Yes,More Info,,https://london.acecafe.com/,,,,,,No
LL-0920,Gosport Motorbike Social,"A weekly Wednesday meet for like minded bikers from 6pm. Motorcycle ride outs, charity events, food and drinks - all welcome.",18/11/2026 09:00,18/11/2026 22:00,Europe/London,No,,,Bike meets,"rgb(214, 33, 42)",,The Rolling Scone Café,"The Rolling Scone Café, Gosport, Hants, PO13 9UB",,,,,,,,,Yes,More Info,,https://www.facebook.com/TheRollingSconesCafeGosport,,,,,,No
LL-0921,Bike Night at The Hunters Inn,Meet up at The Hunters Inn - Freehouse pub with large car park and garden. Great biking roads in area and close to A32 and Loomies Café. Bike night - Thursdays from 18:00,19/11/2026 09:00,19/11/2026 22:00,Europe/London,No,,,Bike meets,"rgb(214, 33, 42)",,The Hunters Inn,"The Hunters Inn, Cott Street, Swanmore, Hants SO32 2PZ",,,,,,,,,Yes,More Info,,https://www.huntersinnpub.com/,,,,,,No
LL-0922,"Super Moto + XJR OC, NABD, Scooters & MAG Monthly Meet","Bike meet at the world famous Ace Café, North Circular, London - 18:00 start",19/11/2026 09:00,19/11/2026 22:00,Europe/London,No,,,Bike meets,"rgb(214, 33, 42)",,Ace Café,"Ace Café, Stonebridge, NW10 7UD",,,,,,,,,Yes,More Info,,https://london.acecafe.com/,,,,,,No
LL-0923,MotoGP - Round 22 - Motul Grand Prix of the Valencian Community,"MotoGP showcases elite motorcycle racing, world-class riders, cutting-edge technology, intense rivalries, and thrilling high-speed battles across iconic circuits worldwide.",20/11/2026 09:00,20/11/2026 22:00,Europe/London,No,,,Race meets,"rgb(214, 33, 42)",,Circuit Ricardo Tormo,"Circuit Ricardo Tormo, Valencia, Spain",,,,,,,,,Yes,More Info,,https://www.motogp.com/,,,,,,No
LL-0924,MotoGP - Round 22 - Motul Grand Prix of the Valencian Community,"MotoGP showcases elite motorcycle racing, world-class riders, cutting-edge technology, intense rivalries, and thrilling high-speed battles across iconic circuits worldwide.",21/11/2026 09:00,21/11/2026 22:00,Europe/London,No,,,Race meets,"rgb(214, 33, 42)",,Circuit Ricardo Tormo,"Circuit Ricardo Tormo, Valencia, Spain",,,,,,,,,Yes,More Info,,https://www.motogp.com/,,,,,,No
LL-0925,MotoGP - Round 22 - Motul Grand Prix of the Valencian Community,"MotoGP showcases elite motorcycle racing, world-class riders, cutting-edge technology, intense rivalries, and thrilling high-speed battles across iconic circuits worldwide.",22/11/2026 09:00,22/11/2026 22:00,Europe/London,No,,,Race meets,"rgb(214, 33, 42)",,Circuit Ricardo Tormo,"Circuit Ricardo Tormo, Valencia, Spain",,,,,,,,,Yes,More Info,,https://www.motogp.com/,,,,,,No
LL-0926,Bike Night + Rockers 'n' Classics Monthly Meet,"Bike meet at the world famous Ace Café, North Circular, London - 18:00 start",20/11/2026 09:00,20/11/2026 22:00,Europe/London,No,,,Bike meets,"rgb(214, 33, 42)",,Ace Café,"Ace Café, Stonebridge, NW10 7UD",,,,,,,,,Yes,More Info,,https://london.acecafe.com/,,,,,,No
LL-0927,NEC Motorcycle Live,The UK's biggest Motorcycle Show - Come and see BikeSocial at the Bennetts Stand,21/11/2026 09:00,21/11/2026 22:00,Europe/London,No,,,Motorcycle shows and events,"rgb(214, 33, 42)",,NEC,"NEC, Birmingham",,,,,,,,,Yes,More Info,,https://www.motorcyclelive.co.uk/,,,,,,No
LL-0928,NEC Motorcycle Live,The UK's biggest Motorcycle Show - Come and see BikeSocial at the Bennetts Stand,22/11/2026 09:00,22/11/2026 22:00,Europe/London,No,,,Motorcycle shows and events,"rgb(214, 33, 42)",,NEC,"NEC, Birmingham",,,,,,,,,Yes,More Info,,https://www.motorcyclelive.co.uk/,,,,,,No
LL-0929,NEC Motorcycle Live,The UK's biggest Motorcycle Show - Come and see BikeSocial at the Bennetts Stand,23/11/2026 09:00,23/11/2026 22:00,Europe/London,No,,,Motorcycle shows and events,"rgb(214, 33, 42)",,NEC,"NEC, Birmingham",,,,,,,,,Yes,More Info,,https://www.motorcyclelive.co.uk/,,,,,,No
LL-0930,NEC Motorcycle Live,The UK's biggest Motorcycle Show - Come and see BikeSocial at the Bennetts Stand,24/11/2026 09:00,24/11/2026 22:00,Europe/London,No,,,Motorcycle shows and events,"rgb(214, 33, 42)",,NEC,"NEC, Birmingham",,,,,,,,,Yes,More Info,,https://www.motorcyclelive.co.uk/,,,,,,No
LL-0931,NEC Motorcycle Live,The UK's biggest Motorcycle Show - Come and see BikeSocial at the Bennetts Stand,25/11/2026 09:00,25/11/2026 22:00,Europe/London,No,,,Motorcycle shows and events,"rgb(214, 33, 42)",,NEC,"NEC, Birmingham",,,,,,,,,Yes,More Info,,https://www.motorcyclelive.co.uk/,,,,,,No
LL-0932,NEC Motorcycle Live,The UK's biggest Motorcycle Show - Come and see BikeSocial at the Bennetts Stand,26/11/2026 09:00,26/11/2026 22:00,Europe/London,No,,,Motorcycle shows and events,"rgb(214, 33, 42)",,NEC,"NEC, Birmingham",,,,,,,,,Yes,More Info,,https://www.motorcyclelive.co.uk/,,,,,,No
LL-0933,NEC Motorcycle Live,The UK's biggest Motorcycle Show - Come and see BikeSocial at the Bennetts Stand,27/11/2026 09:00,27/11/2026 22:00,Europe/London,No,,,Motorcycle shows and events,"rgb(214, 33, 42)",,NEC,"NEC, Birmingham",,,,,,,,,Yes,More Info,,https://www.motorcyclelive.co.uk/,,,,,,No
LL-0934,NEC Motorcycle Live,The UK's biggest Motorcycle Show - Come and see BikeSocial at the Bennetts Stand,28/11/2026 09:00,28/11/2026 22:00,Europe/London,No,,,Motorcycle shows and events,"rgb(214, 33, 42)",,NEC,"NEC, Birmingham",,,,,,,,,Yes,More Info,,https://www.motorcyclelive.co.uk/,,,,,,No
LL-0935,NEC Motorcycle Live,The UK's biggest Motorcycle Show - Come and see BikeSocial at the Bennetts Stand,29/11/2026 09:00,29/11/2026 22:00,Europe/London,No,,,Motorcycle shows and events,"rgb(214, 33, 42)",,NEC,"NEC, Birmingham",,,,,,,,,Yes,More Info,,https://www.motorcyclelive.co.uk/,,,,,,No
LL-0936,FIM World Rally Raid Championship - Abu Dhabi Desert Challenge,"The premier Rally Raid racing championship with categories for Quads, Women, Juniors and 450cc+",22/11/2026 09:00,22/11/2026 22:00,Europe/London,No,,,Race meets,"rgb(214, 33, 42)",,Abu Dhabi,"Abu Dhabi, UAE",,,,,,,,,Yes,More Info,,https://www.worldrallyraidchampionship.com/en/calendar,,,,,,No
LL-0937,FIM World Rally Raid Championship - Abu Dhabi Desert Challenge,"The premier Rally Raid racing championship with categories for Quads, Women, Juniors and 450cc+",23/11/2026 09:00,23/11/2026 22:00,Europe/London,No,,,Race meets,"rgb(214, 33, 42)",,Abu Dhabi,"Abu Dhabi, UAE",,,,,,,,,Yes,More Info,,https://www.worldrallyraidchampionship.com/en/calendar,,,,,,No
LL-0938,FIM World Rally Raid Championship - Abu Dhabi Desert Challenge,"The premier Rally Raid racing championship with categories for Quads, Women, Juniors and 450cc+",24/11/2026 09:00,24/11/2026 22:00,Europe/London,No,,,Race meets,"rgb(214, 33, 42)",,Abu Dhabi,"Abu Dhabi, UAE",,,,,,,,,Yes,More Info,,https://www.worldrallyraidchampionship.com/en/calendar,,,,,,No
LL-0939,FIM World Rally Raid Championship - Abu Dhabi Desert Challenge,"The premier Rally Raid racing championship with categories for Quads, Women, Juniors and 450cc+",25/11/2026 09:00,25/11/2026 22:00,Europe/London,No,,,Race meets,"rgb(214, 33, 42)",,Abu Dhabi,"Abu Dhabi, UAE",,,,,,,,,Yes,More Info,,https://www.worldrallyraidchampionship.com/en/calendar,,,,,,No
LL-0940,FIM World Rally Raid Championship - Abu Dhabi Desert Challenge,"The premier Rally Raid racing championship with categories for Quads, Women, Juniors and 450cc+",26/11/2026 09:00,26/11/2026 22:00,Europe/London,No,,,Race meets,"rgb(214, 33, 42)",,Abu Dhabi,"Abu Dhabi, UAE",,,,,,,,,Yes,More Info,,https://www.worldrallyraidchampionship.com/en/calendar,,,,,,No
LL-0941,FIM World Rally Raid Championship - Abu Dhabi Desert Challenge,"The premier Rally Raid racing championship with categories for Quads, Women, Juniors and 450cc+",27/11/2026 09:00,27/11/2026 22:00,Europe/London,No,,,Race meets,"rgb(214, 33, 42)",,Abu Dhabi,"Abu Dhabi, UAE",,,,,,,,,Yes,More Info,,https://www.worldrallyraidchampionship.com/en/calendar,,,,,,No
LL-0942,"Ariel O.C. ""Founders Day"" + Classic Bike Day",Bike meet at the world famous Ace Café - 09:00 start,22/11/2026 09:00,22/11/2026 22:00,Europe/London,No,,,Bike meets,"rgb(214, 33, 42)",,Ace Café,"Ace Café, Stonebridge, NW10 7UD",,,,,,,,,Yes,More Info,,https://london.acecafe.com/,,,,,,No
LL-0943,'Normous Newark Autojumble,"A great day out for any car or motorcycle enthusiast offering a vast array of parts, restoration services and related products.",22/11/2026 09:00,22/11/2026 22:00,Europe/London,No,,,Motorcycle shows and events,"rgb(214, 33, 42)",,Newark and Notts Showground,"Newark and Notts Showground, Newark, NG24 2NY",,,,,,,,,Yes,More Info,,https://www.newarkautojumble.co.uk/,,,,,,No
LL-0944,Gosport Motorbike Social,"A weekly Wednesday meet for like minded bikers from 6pm. Motorcycle ride outs, charity events, food and drinks - all welcome.",25/11/2026 09:00,25/11/2026 22:00,Europe/London,No,,,Bike meets,"rgb(214, 33, 42)",,The Rolling Scone Café,"The Rolling Scone Café, Gosport, Hants, PO13 9UB",,,,,,,,,Yes,More Info,,https://www.facebook.com/TheRollingSconesCafeGosport,,,,,,No
LL-0945,Bike Night at The Hunters Inn,Meet up at The Hunters Inn - Freehouse pub with large car park and garden. Great biking roads in area and close to A32 and Loomies Café. Bike night - Thursdays from 18:00,26/11/2026 09:00,26/11/2026 22:00,Europe/London,No,,,Bike meets,"rgb(214, 33, 42)",,The Hunters Inn,"The Hunters Inn, Cott Street, Swanmore, Hants SO32 2PZ",,,,,,,,,Yes,More Info,,https://www.huntersinnpub.com/,,,,,,No
LL-0946,Harley Night Monthly Meet,"Bike meet at the world famous Ace Café, North Circular, London - 18:00 start",26/11/2026 09:00,26/11/2026 22:00,Europe/London,No,,,Bike meets,"rgb(214, 33, 42)",,Ace Café,"Ace Café, Stonebridge, NW10 7UD",,,,,,,,,Yes,More Info,,https://london.acecafe.com/,,,,,,No
LL-0947,Bike Night + Performance & Fast Bikes Monthly Meet,"Bike meet at the world famous Ace Café, North Circular, London - 18:00 start",27/11/2026 09:00,27/11/2026 22:00,Europe/London,No,,,Bike meets,"rgb(214, 33, 42)",,Ace Café,"Ace Café, Stonebridge, NW10 7UD",,,,,,,,,Yes,More Info,,https://london.acecafe.com/,,,,,,No
LL-0948,Squires Café Autojumble,"Squires Cafe is an ideal venue for all event requirements, boasting large outdoor capacity plus large well equipped indoor facilities making Squires a truly all year-round venue. Monthly autojumble. Pitches are £5 each for sellers",28/11/2026 09:00,28/11/2026 22:00,Europe/London,No,,,Motorcycle shows and events,"rgb(214, 33, 42)",,South Milford,"South Milford, Leeds, LS25 5LX",,,,,,,,,Yes,More Info,,https://www.squires-cafe.co.uk/,,,,,,No
LL-0949,Mud Pluggers Day,Bike meet at the world famous Ace Café - 09:00 start,29/11/2026 09:00,29/11/2026 22:00,Europe/London,No,,,Bike meets,"rgb(214, 33, 42)",,Ace Café,"Ace Café, Stonebridge, NW10 7UD",,,,,,,,,Yes,More Info,,https://london.acecafe.com/,,,,,,No
LL-0950,Mission Christmas - Santa Charity Toy Ride In,We invite you to take part and dress up in anything Christmassy to support this amazing local charity which supports disadvantaged children across the South. Please bring along a new unwrapped toy or toys (as many as you can manage!) which are to be dropped off in the museum entrance. Those of you that are dressed up will receive discounted admission to visit the museum so don’t be afraid to break out those costumes! Arrivals from 10am to park up in the courtyard with overflow in the carpark. No booking is required and everyone is welcome whether you are travelling by bike or car.,29/11/2026 09:00,29/11/2026 22:00,Europe/London,No,,,Bike meets,"rgb(214, 33, 42)",,New Milton,"New Milton, Hants BH25 5SZ",,,,,,,,,Yes,More Info,,https://www.sammymiller.co.uk/,,,,,,No
LL-0951,Station Café Alton,"Wednesday evenings from May through September, Alton becomes a regular gathering spot for riders of all stripes. On-site, the well-regarded Station Café keeps hunger at bay with decent food at fair prices",29/04/2026 09:00,29/04/2026 22:00,Europe/London,No,,,Bike Meets,"rgb(214, 33, 42)",,Station Road,"Station Road, Alton, Hampshire, GU34 2PZ",,,,,,,,,Yes,More Info,,https://www.facebook.com/StationcafeAlton/?locale=en_GB,,,,,,No
LL-0952,Station Café Alton,"Wednesday evenings from May through September, Alton becomes a regular gathering spot for riders of all stripes. On-site, the well-regarded Station Café keeps hunger at bay with decent food at fair prices",06/05/2026 09:00,06/05/2026 22:00,Europe/London,No,,,Bike Meets,"rgb(214, 33, 42)",,Station Road,"Station Road, Alton, Hampshire, GU34 2PZ",,,,,,,,,Yes,More Info,,https://www.facebook.com/StationcafeAlton/?locale=en_GB,,,,,,No
LL-0953,Station Café Alton,"Wednesday evenings from May through September, Alton becomes a regular gathering spot for riders of all stripes. On-site, the well-regarded Station Café keeps hunger at bay with decent food at fair prices",13/05/2026 09:00,13/05/2026 22:00,Europe/London,No,,,Bike Meets,"rgb(214, 33, 42)",,Station Road,"Station Road, Alton, Hampshire, GU34 2PZ",,,,,,,,,Yes,More Info,,https://www.facebook.com/StationcafeAlton/?locale=en_GB,,,,,,No
LL-0954,Station Café Alton,"Wednesday evenings from May through September, Alton becomes a regular gathering spot for riders of all stripes. On-site, the well-regarded Station Café keeps hunger at bay with decent food at fair prices",20/05/2026 09:00,20/05/2026 22:00,Europe/London,No,,,Bike Meets,"rgb(214, 33, 42)",,Station Road,"Station Road, Alton, Hampshire, GU34 2PZ",,,,,,,,,Yes,More Info,,https://www.facebook.com/StationcafeAlton/?locale=en_GB,,,,,,No
LL-0955,Station Café Alton,"Wednesday evenings from May through September, Alton becomes a regular gathering spot for riders of all stripes. On-site, the well-regarded Station Café keeps hunger at bay with decent food at fair prices",27/05/2026 09:00,27/05/2026 22:00,Europe/London,No,,,Bike Meets,"rgb(214, 33, 42)",,Station Road,"Station Road, Alton, Hampshire, GU34 2PZ",,,,,,,,,Yes,More Info,,https://www.facebook.com/StationcafeAlton/?locale=en_GB,,,,,,No
LL-0956,Station Café Alton,"Wednesday evenings from May through September, Alton becomes a regular gathering spot for riders of all stripes. On-site, the well-regarded Station Café keeps hunger at bay with decent food at fair prices",03/06/2026 09:00,03/06/2026 22:00,Europe/London,No,,,Bike Meets,"rgb(214, 33, 42)",,Station Road,"Station Road, Alton, Hampshire, GU34 2PZ",,,,,,,,,Yes,More Info,,https://www.facebook.com/StationcafeAlton/?locale=en_GB,,,,,,No
LL-0957,Station Café Alton,"Wednesday evenings from May through September, Alton becomes a regular gathering spot for riders of all stripes. On-site, the well-regarded Station Café keeps hunger at bay with decent food at fair prices",10/06/2026 09:00,10/06/2026 22:00,Europe/London,No,,,Bike Meets,"rgb(214, 33, 42)",,Station Road,"Station Road, Alton, Hampshire, GU34 2PZ",,,,,,,,,Yes,More Info,,https://www.facebook.com/StationcafeAlton/?locale=en_GB,,,,,,No
LL-0958,Station Café Alton,"Wednesday evenings from May through September, Alton becomes a regular gathering spot for riders of all stripes. On-site, the well-regarded Station Café keeps hunger at bay with decent food at fair prices",17/06/2026 09:00,17/06/2026 22:00,Europe/London,No,,,Bike Meets,"rgb(214, 33, 42)",,Station Road,"Station Road, Alton, Hampshire, GU34 2PZ",,,,,,,,,Yes,More Info,,https://www.facebook.com/StationcafeAlton/?locale=en_GB,,,,,,No
LL-0959,Station Café Alton,"Wednesday evenings from May through September, Alton becomes a regular gathering spot for riders of all stripes. On-site, the well-regarded Station Café keeps hunger at bay with decent food at fair prices",24/06/2026 09:00,24/06/2026 22:00,Europe/London,No,,,Bike Meets,"rgb(214, 33, 42)",,Station Road,"Station Road, Alton, Hampshire, GU34 2PZ",,,,,,,,,Yes,More Info,,https://www.facebook.com/StationcafeAlton/?locale=en_GB,,,,,,No
LL-0960,Station Café Alton,"Wednesday evenings from May through September, Alton becomes a regular gathering spot for riders of all stripes. On-site, the well-regarded Station Café keeps hunger at bay with decent food at fair prices",01/07/2026 09:00,01/07/2026 22:00,Europe/London,No,,,Bike Meets,"rgb(214, 33, 42)",,Station Road,"Station Road, Alton, Hampshire, GU34 2PZ",,,,,,,,,Yes,More Info,,https://www.facebook.com/StationcafeAlton/?locale=en_GB,,,,,,No
LL-0961,Station Café Alton,"Wednesday evenings from May through September, Alton becomes a regular gathering spot for riders of all stripes. On-site, the well-regarded Station Café keeps hunger at bay with decent food at fair prices",08/07/2026 09:00,08/07/2026 22:00,Europe/London,No,,,Bike Meets,"rgb(214, 33, 42)",,Station Road,"Station Road, Alton, Hampshire, GU34 2PZ",,,,,,,,,Yes,More Info,,https://www.facebook.com/StationcafeAlton/?locale=en_GB,,,,,,No
LL-0962,Station Café Alton,"Wednesday evenings from May through September, Alton becomes a regular gathering spot for riders of all stripes. On-site, the well-regarded Station Café keeps hunger at bay with decent food at fair prices",15/07/2026 09:00,15/07/2026 22:00,Europe/London,No,,,Bike Meets,"rgb(214, 33, 42)",,Station Road,"Station Road, Alton, Hampshire, GU34 2PZ",,,,,,,,,Yes,More Info,,https://www.facebook.com/StationcafeAlton/?locale=en_GB,,,,,,No
LL-0963,Station Café Alton,"Wednesday evenings from May through September, Alton becomes a regular gathering spot for riders of all stripes. On-site, the well-regarded Station Café keeps hunger at bay with decent food at fair prices",22/07/2026 09:00,22/07/2026 22:00,Europe/London,No,,,Bike Meets,"rgb(214, 33, 42)",,Station Road,"Station Road, Alton, Hampshire, GU34 2PZ",,,,,,,,,Yes,More Info,,https://www.facebook.com/StationcafeAlton/?locale=en_GB,,,,,,No
LL-0964,Station Café Alton,"Wednesday evenings from May through September, Alton becomes a regular gathering spot for riders of all stripes. On-site, the well-regarded Station Café keeps hunger at bay with decent food at fair prices",29/07/2026 09:00,29/07/2026 22:00,Europe/London,No,,,Bike Meets,"rgb(214, 33, 42)",,Station Road,"Station Road, Alton, Hampshire, GU34 2PZ",,,,,,,,,Yes,More Info,,https://www.facebook.com/StationcafeAlton/?locale=en_GB,,,,,,No
LL-0965,Station Café Alton,"Wednesday evenings from May through September, Alton becomes a regular gathering spot for riders of all stripes. On-site, the well-regarded Station Café keeps hunger at bay with decent food at fair prices",05/08/2026 09:00,05/08/2026 22:00,Europe/London,No,,,Bike Meets,"rgb(214, 33, 42)",,Station Road,"Station Road, Alton, Hampshire, GU34 2PZ",,,,,,,,,Yes,More Info,,https://www.facebook.com/StationcafeAlton/?locale=en_GB,,,,,,No
LL-0966,Station Café Alton,"Wednesday evenings from May through September, Alton becomes a regular gathering spot for riders of all stripes. On-site, the well-regarded Station Café keeps hunger at bay with decent food at fair prices",12/08/2026 09:00,12/08/2026 22:00,Europe/London,No,,,Bike Meets,"rgb(214, 33, 42)",,Station Road,"Station Road, Alton, Hampshire, GU34 2PZ",,,,,,,,,Yes,More Info,,https://www.facebook.com/StationcafeAlton/?locale=en_GB,,,,,,No
LL-0967,Station Café Alton,"Wednesday evenings from May through September, Alton becomes a regular gathering spot for riders of all stripes. On-site, the well-regarded Station Café keeps hunger at bay with decent food at fair prices",19/08/2026 09:00,19/08/2026 22:00,Europe/London,No,,,Bike Meets,"rgb(214, 33, 42)",,Station Road,"Station Road, Alton, Hampshire, GU34 2PZ",,,,,,,,,Yes,More Info,,https://www.facebook.com/StationcafeAlton/?locale=en_GB,,,,,,No
LL-0968,Station Café Alton,"Wednesday evenings from May through September, Alton becomes a regular gathering spot for riders of all stripes. On-site, the well-regarded Station Café keeps hunger at bay with decent food at fair prices",26/08/2026 09:00,26/08/2026 22:00,Europe/London,No,,,Bike Meets,"rgb(214, 33, 42)",,Station Road,"Station Road, Alton, Hampshire, GU34 2PZ",,,,,,,,,Yes,More Info,,https://www.facebook.com/StationcafeAlton/?locale=en_GB,,,,,,No
LL-0969,Station Café Alton,"Wednesday evenings from May through September, Alton becomes a regular gathering spot for riders of all stripes. On-site, the well-regarded Station Café keeps hunger at bay with decent food at fair prices",02/09/2026 09:00,02/09/2026 22:00,Europe/London,No,,,Bike Meets,"rgb(214, 33, 42)",,Station Road,"Station Road, Alton, Hampshire, GU34 2PZ",,,,,,,,,Yes,More Info,,https://www.facebook.com/StationcafeAlton/?locale=en_GB,,,,,,No
LL-0970,Station Café Alton,"Wednesday evenings from May through September, Alton becomes a regular gathering spot for riders of all stripes. On-site, the well-regarded Station Café keeps hunger at bay with decent food at fair prices",09/09/2026 09:00,09/09/2026 22:00,Europe/London,No,,,Bike Meets,"rgb(214, 33, 42)",,Station Road,"Station Road, Alton, Hampshire, GU34 2PZ",,,,,,,,,Yes,More Info,,https://www.facebook.com/StationcafeAlton/?locale=en_GB,,,,,,No
LL-0971,Station Café Alton,"Wednesday evenings from May through September, Alton becomes a regular gathering spot for riders of all stripes. On-site, the well-regarded Station Café keeps hunger at bay with decent food at fair prices",16/09/2026 09:00,16/09/2026 22:00,Europe/London,No,,,Bike Meets,"rgb(214, 33, 42)",,Station Road,"Station Road, Alton, Hampshire, GU34 2PZ",,,,,,,,,Yes,More Info,,https://www.facebook.com/StationcafeAlton/?locale=en_GB,,,,,,No
LL-0972,Station Café Alton,"Wednesday evenings from May through September, Alton becomes a regular gathering spot for riders of all stripes. On-site, the well-regarded Station Café keeps hunger at bay with decent food at fair prices",23/09/2026 09:00,23/09/2026 22:00,Europe/London,No,,,Bike Meets,"rgb(214, 33, 42)",,Station Road,"Station Road, Alton, Hampshire, GU34 2PZ",,,,,,,,,Yes,More Info,,https://www.facebook.com/StationcafeAlton/?locale=en_GB,,,,,,No
LL-0973,Station Café Alton,"Wednesday evenings from May through September, Alton becomes a regular gathering spot for riders of all stripes. On-site, the well-regarded Station Café keeps hunger at bay with decent food at fair prices",30/09/2026 09:00,30/09/2026 22:00,Europe/London,No,,,Bike Meets,"rgb(214, 33, 42)",,Station Road,"Station Road, Alton, Hampshire, GU34 2PZ",,,,,,,,,Yes,More Info,,https://www.facebook.com/StationcafeAlton/?locale=en_GB,,,,,,No
LL-0974,ABR Festival,"Join thousands of riders at the UK’s biggest motorcycling festival.
Four days of riding, live music and inspiring speakers.",26/06/2026 09:00,26/06/2026 22:00,Europe/London,No,,,Motorcycle shows and events,"rgb(214, 33, 42)",,Ragley Hall,"Ragley Hall, Alcester B49 5NJ",,,,,,,,,Yes,More Info,,https://www.abrfestival.com/,,,,,,No
LL-0975,P&K Barry Sheene Festival,Celebrating the legacy of Britain’s most charismatic racing legend.,20/06/2026 09:00,20/06/2026 22:00,Europe/London,No,,,Motorcycle shows and events,"rgb(214, 33, 42)",,Oliver’s Mount,"Oliver’s Mount, Oliver's Mount, Scarborough, North Yorkshire YO11 2YW",,,,,,,,,Yes,More Info,,https://oliversmount.ticketco.events/uk/en/e/26_bsf?_gl=1*1gymlz5*_ga*MzU0NDEyNjQuMTc3NjI1ODI2NA..*_ga_KGYFZ75YB1*czE3NzcwMjQ2MzgkbzIkZzEkdDE3NzcwMjQ2NTQkajQ0JGwwJGgw,,,,,,No
LL-0976,P&K Barry Sheene Festival,Celebrating the legacy of Britain’s most charismatic racing legend.,21/06/2026 09:00,21/06/2026 22:00,Europe/London,No,,,Motorcycle shows and events,"rgb(214, 33, 42)",,Oliver’s Mount,"Oliver’s Mount, Oliver's Mount, Scarborough, North Yorkshire YO11 2YW",,,,,,,,,Yes,More Info,,https://oliversmount.ticketco.events/uk/en/e/26_bsf?_gl=1*1gymlz5*_ga*MzU0NDEyNjQuMTc3NjI1ODI2NA..*_ga_KGYFZ75YB1*czE3NzcwMjQ2MzgkbzIkZzEkdDE3NzcwMjQ2NTQkajQ0JGwwJGgw,,,,,,No
LL-0977,Biker Lawyers May Hill Climb,Experience the raw intensity of hill climb racing as riders attack the Mount’s famous ascent against the clock.,02/05/2026 09:00,02/05/2026 22:00,Europe/London,No,,,Race meets,"rgb(214, 33, 42)",,Oliver’s Mount,"Oliver’s Mount, Oliver's Mount, Scarborough, North Yorkshire YO11 2YW",,,,,,,,,Yes,More Info,,https://oliversmount.ticketco.events/uk/en/e/26_may_hc?_gl=1*181r3ne*_ga*MzU0NDEyNjQuMTc3NjI1ODI2NA..*_ga_KGYFZ75YB1*czE3NzcwMjQ2MzgkbzIkZzEkdDE3NzcwMjQ4NTgkajYwJGwwJGgw,,,,,,No
LL-0978,Biker Lawyers May Hill Climb,Experience the raw intensity of hill climb racing as riders attack the Mount’s famous ascent against the clock.,03/05/2026 09:00,03/05/2026 22:00,Europe/London,No,,,Race meets,"rgb(214, 33, 42)",,Oliver’s Mount,"Oliver’s Mount, Oliver's Mount, Scarborough, North Yorkshire YO11 2YW",,,,,,,,,Yes,More Info,,https://oliversmount.ticketco.events/uk/en/e/26_may_hc?_gl=1*181r3ne*_ga*MzU0NDEyNjQuMTc3NjI1ODI2NA..*_ga_KGYFZ75YB1*czE3NzcwMjQ2MzgkbzIkZzEkdDE3NzcwMjQ4NTgkajYwJGwwJGgw,,,,,,No
LL-0979,HMH Civils Cock o’ The North,High summer racing at its finest. The Cock o’ The North brings championship racing to the Mount with competitors fighting for crucial points and prestige.,18/07/2026 09:00,18/07/2026 22:00,Europe/London,No,,,Race meets,"rgb(214, 33, 42)",,Oliver’s Mount,"Oliver’s Mount, Oliver's Mount, Scarborough, North Yorkshire YO11 2YW",,,,,,,,,Yes,More Info,,https://oliversmount.ticketco.events/uk/en/e/26_cotn?_gl=1*odicwz*_ga*MzU0NDEyNjQuMTc3NjI1ODI2NA..*_ga_KGYFZ75YB1*czE3NzcwMjQ2MzgkbzIkZzEkdDE3NzcwMjQ4ODUkajMzJGwwJGgw,,,,,,No
LL-0980,HMH Civils Cock o’ The North,High summer racing at its finest. The Cock o’ The North brings championship racing to the Mount with competitors fighting for crucial points and prestige.,19/07/2026 09:00,19/07/2026 22:00,Europe/London,No,,,Race meets,"rgb(214, 33, 42)",,Oliver’s Mount,"Oliver’s Mount, Oliver's Mount, Scarborough, North Yorkshire YO11 2YW",,,,,,,,,Yes,More Info,,https://oliversmount.ticketco.events/uk/en/e/26_cotn?_gl=1*odicwz*_ga*MzU0NDEyNjQuMTc3NjI1ODI2NA..*_ga_KGYFZ75YB1*czE3NzcwMjQ2MzgkbzIkZzEkdDE3NzcwMjQ4ODUkajMzJGwwJGgw,,,,,,No
LL-0981,GB SuperMoto Championship,"Something completely different! Watch supermoto bikes slide sideways through our specially configured track, mixing tarmac and dirt in this high-action discipline.",22/08/2026 09:00,22/08/2026 22:00,Europe/London,No,,,Race meets,"rgb(214, 33, 42)",,Oliver’s Mount,"Oliver’s Mount, Oliver's Mount, Scarborough, North Yorkshire YO11 2YW",,,,,,,,,Yes,More Info,,https://oliversmount.ticketco.events/uk/en/e/26_sm?_gl=1*1f0bz9u*_ga*MzU0NDEyNjQuMTc3NjI1ODI2NA..*_ga_KGYFZ75YB1*czE3NzcwMjQ2MzgkbzIkZzEkdDE3NzcwMjQ5OTgkajYwJGwwJGgw,,,,,,No
LL-0982,GB SuperMoto Championship,"Something completely different! Watch supermoto bikes slide sideways through our specially configured track, mixing tarmac and dirt in this high-action discipline.",23/08/2026 09:00,23/08/2026 22:00,Europe/London,No,,,Race meets,"rgb(214, 33, 42)",,Oliver’s Mount,"Oliver’s Mount, Oliver's Mount, Scarborough, North Yorkshire YO11 2YW",,,,,,,,,Yes,More Info,,https://oliversmount.ticketco.events/uk/en/e/26_sm?_gl=1*1f0bz9u*_ga*MzU0NDEyNjQuMTc3NjI1ODI2NA..*_ga_KGYFZ75YB1*czE3NzcwMjQ2MzgkbzIkZzEkdDE3NzcwMjQ5OTgkajYwJGwwJGgw,,,,,,No
LL-0983,North Yorkshire Council 80th Anniversary Gold Cup,This is the big one. Eight decades of motorcycle racing at Oliver’s Mount culminate in a three-day celebration of this legendary venue’s incredible legacy.,04/09/2026 09:00,04/09/2026 22:00,Europe/London,No,,,Race meets,"rgb(214, 33, 42)",,Oliver’s Mount,"Oliver’s Mount, Oliver's Mount, Scarborough, North Yorkshire YO11 2YW",,,,,,,,,Yes,More Info,,https://oliversmount.ticketco.events/uk/en/e/26_gc?_gl=1*256x6m*_ga*MzU0NDEyNjQuMTc3NjI1ODI2NA..*_ga_KGYFZ75YB1*czE3NzcwMjQ2MzgkbzIkZzEkdDE3NzcwMjUxODIkajYwJGwwJGgw,,,,,,No
LL-0984,North Yorkshire Council 80th Anniversary Gold Cup,This is the big one. Eight decades of motorcycle racing at Oliver’s Mount culminate in a three-day celebration of this legendary venue’s incredible legacy.,05/09/2026 09:00,05/09/2026 22:00,Europe/London,No,,,Race meets,"rgb(214, 33, 42)",,Oliver’s Mount,"Oliver’s Mount, Oliver's Mount, Scarborough, North Yorkshire YO11 2YW",,,,,,,,,Yes,More Info,,https://oliversmount.ticketco.events/uk/en/e/26_gc?_gl=1*256x6m*_ga*MzU0NDEyNjQuMTc3NjI1ODI2NA..*_ga_KGYFZ75YB1*czE3NzcwMjQ2MzgkbzIkZzEkdDE3NzcwMjUxODIkajYwJGwwJGgw,,,,,,No
LL-0985,North Yorkshire Council 80th Anniversary Gold Cup,This is the big one. Eight decades of motorcycle racing at Oliver’s Mount culminate in a three-day celebration of this legendary venue’s incredible legacy.,06/09/2026 09:00,06/09/2026 22:00,Europe/London,No,,,Race meets,"rgb(214, 33, 42)",,Oliver’s Mount,"Oliver’s Mount, Oliver's Mount, Scarborough, North Yorkshire YO11 2YW",,,,,,,,,Yes,More Info,,https://oliversmount.ticketco.events/uk/en/e/26_gc?_gl=1*256x6m*_ga*MzU0NDEyNjQuMTc3NjI1ODI2NA..*_ga_KGYFZ75YB1*czE3NzcwMjQ2MzgkbzIkZzEkdDE3NzcwMjUxODIkajYwJGwwJGgw,,,,,,No
LL-0986,World Ducati Week,"From 3 to 5 July 2026, the world of Ducati gathers in Misano for the biggest event dedicated to Ducatisti and motorcycle enthusiasts: the World Ducati Week.",03/07/2026 09:00,03/07/2026 22:00,Europe/London,No,,,Motorcycle shows and events,"rgb(214, 33, 42)",,Misano World Circuit Marco Simoncelli,Misano World Circuit Marco Simoncelli,,,,,,,,,Yes,More Info,,https://www.ducati.com/gb/en/experience/world-ducati-week,,,,,,No
LL-0987,World Ducati Week,"From 3 to 5 July 2026, the world of Ducati gathers in Misano for the biggest event dedicated to Ducatisti and motorcycle enthusiasts: the World Ducati Week.",04/07/2026 09:00,04/07/2026 22:00,Europe/London,No,,,Motorcycle shows and events,"rgb(214, 33, 42)",,Misano World Circuit Marco Simoncelli,Misano World Circuit Marco Simoncelli,,,,,,,,,Yes,More Info,,https://www.ducati.com/gb/en/experience/world-ducati-week,,,,,,No
LL-0988,World Ducati Week,"From 3 to 5 July 2026, the world of Ducati gathers in Misano for the biggest event dedicated to Ducatisti and motorcycle enthusiasts: the World Ducati Week.",05/07/2026 09:00,05/07/2026 22:00,Europe/London,No,,,Motorcycle shows and events,"rgb(214, 33, 42)",,Misano World Circuit Marco Simoncelli,Misano World Circuit Marco Simoncelli,,,,,,,,,Yes,More Info,,https://www.ducati.com/gb/en/experience/world-ducati-week,,,,,,No
LL-0989,Scottish Six Days Trial,The sport of Observed motorcycle trials is best described as a test of riding skill over observed sections. ,04/05/2026 09:00,04/05/2026 22:00,Europe/London,No,,,Race meets,"rgb(214, 33, 42)",,Fort William,"Fort William, Scotland",,,,,,,,,Yes,More Info,,https://www.ssdt.org/,,,,,,No
LL-0990,Scottish Six Days Trial,The sport of Observed motorcycle trials is best described as a test of riding skill over observed sections. ,05/05/2026 09:00,05/05/2026 22:00,Europe/London,No,,,Race meets,"rgb(214, 33, 42)",,Fort William,"Fort William, Scotland",,,,,,,,,Yes,More Info,,https://www.ssdt.org/,,,,,,No
LL-0991,Scottish Six Days Trial,The sport of Observed motorcycle trials is best described as a test of riding skill over observed sections. ,06/05/2026 09:00,06/05/2026 22:00,Europe/London,No,,,Race meets,"rgb(214, 33, 42)",,Fort William,"Fort William, Scotland",,,,,,,,,Yes,More Info,,https://www.ssdt.org/,,,,,,No
LL-0992,Scottish Six Days Trial,The sport of Observed motorcycle trials is best described as a test of riding skill over observed sections. ,07/05/2026 09:00,07/05/2026 22:00,Europe/London,No,,,Race meets,"rgb(214, 33, 42)",,Fort William,"Fort William, Scotland",,,,,,,,,Yes,More Info,,https://www.ssdt.org/,,,,,,No
LL-0993,Scottish Six Days Trial,The sport of Observed motorcycle trials is best described as a test of riding skill over observed sections. ,08/05/2026 09:00,08/05/2026 22:00,Europe/London,No,,,Race meets,"rgb(214, 33, 42)",,Fort William,"Fort William, Scotland",,,,,,,,,Yes,More Info,,https://www.ssdt.org/,,,,,,No
LL-0994,Scottish Six Days Trial,The sport of Observed motorcycle trials is best described as a test of riding skill over observed sections. ,09/05/2026 09:00,09/05/2026 22:00,Europe/London,No,,,Race meets,"rgb(214, 33, 42)",,Fort William,"Fort William, Scotland",,,,,,,,,Yes,More Info,,https://www.ssdt.org/,,,,,,No
LL-0995,Cookstown 100 Road Races 2026,"The Bear Competitions Cookstown 100 is the oldest and opening Irish national road race of the 2026 season. Held on the 2.1-mile Orritor Circuit near Cookstown, Co. Tyrone, the 104th edition features practice on Friday and 18 races on Saturday including the Grand Final Open (A) race. Attracts top road racing talent from across Ireland and beyond.",24/04/2026 09:00,25/04/2026 18:00,Europe/London,No,,,Race Meet,#FF0000,,Orritor Circuit,"Orritor Road, Cookstown, Co. Tyrone, BT80 9LX, Northern Ireland",https://www.cookstown100.org,Cookstown & District Motorcycle Club,,,https://www.cookstown100.org,,"Irish Road Racing, Road Race, Northern Ireland, Cookstown, National",,Yes,Event Info,Visit Official Website,https://www.cookstown100.org,,,,,,No
LL-0996,Briggs Equipment North West 200 2026,"Ireland's largest outdoor sporting event and one of the world's fastest road races. The 2026 Briggs Equipment North West 200 runs on the iconic 8.9-mile Triangle circuit linking Portrush, Portstewart and Coleraine on the stunning Causeway Coast. Race week runs 4–9 May with practice on Wed 6 May, evening races Thu 7 May, and the main race day Sat 9 May. Top speeds exceed 200mph. Attracts 150,000+ spectators.",04/05/2026 09:00,09/05/2026 20:00,Europe/London,No,,,Race Meet,#FF0000,,"Triangle Circuit, Causeway Coast","Portrush / Portstewart / Coleraine, Co. Antrim / Co. Londonderry, Northern Ireland",https://northwest200.co.uk,Coleraine and District Motor Club,,,https://northwest200.co.uk,,"Irish Road Racing, Road Race, Northern Ireland, North West 200, International, NW200",,Yes,Event Info,Visit Official Website,https://northwest200.co.uk,,,,,,No
LL-0997,Kells Road Races 2026,"The return of the Kells Road Races to the 2.2-mile Crossakiel circuit after a 4-year absence due to insurance challenges in the Republic of Ireland. One of the most popular events in the Irish road racing calendar, held in Co. Meath with practice on Saturday 20 June and racing on Sunday 21 June. Part of the historic revival of road racing in the Republic of Ireland in 2026.",20/06/2026 09:00,21/06/2026 18:00,Europe/Dublin,No,,,Race Meet,#FF0000,,Crossakiel Circuit,"Crossakiel, Co. Meath, Ireland",https://www.kellsroadraces.com,Kells and District Motor Cycle Racing Club,,kellsroadraces94@gmail.com,https://www.kellsroadraces.com,,"Irish Road Racing, Road Race, Republic of Ireland, Kells, Meath",,Yes,Event Info,Visit Official Website,https://www.kellsroadraces.com,,,,,,No
LL-0998,Around-A-Pound Tandragee 100 2026,"The Around-A-Pound Tandragee 100 returns to the 5.3-mile course between Tandragee and Markethill in Co. Armagh, Northern Ireland. Practice on Friday 26 June (roads close 11am–9pm) and racing on Saturday 27 June (roads close 9.30am–7pm). Often described as a 'mini TT', the twisty and fast-flowing course is a favourite with riders and spectators alike. Regularly attracts competitors from around the world.",26/06/2026 11:00,27/06/2026 19:00,Europe/London,No,,,Race Meet,#FF0000,,Tandragee Circuit,"Tandragee, Co. Armagh, BT62, Northern Ireland",https://www.tandragee100.co.uk,North Armagh Motorcycle & Car Club Ltd.,,,https://www.tandragee100.co.uk,,"Irish Road Racing, Road Race, Northern Ireland, Tandragee, Armagh",,Yes,Event Info,Visit Official Website,https://www.tandragee100.co.uk,,,,,,No
LL-0999,Skerries 100 Road Races 2026,"The legendary Skerries 100 returns to Co. Dublin for the first time since 2022, making a hugely anticipated comeback as road racing revives in the Republic of Ireland. Hosted by the Loughshinny Motorcycle Supporters Club, the event runs over the weekend of 4–5 July 2026, taking in the roads of Skerries, a popular seaside town north of Dublin. One of Ireland's most iconic road racing events.",04/07/2026 09:00,05/07/2026 18:00,Europe/Dublin,No,,,Race Meet,#FF0000,,Skerries Road Circuit,"Skerries, Co. Dublin, Ireland",https://www.skerries100.com,Loughshinny Motorcycle Supporters Club,,,https://www.skerries100.com,,"Irish Road Racing, Road Race, Republic of Ireland, Skerries, Dublin",,Yes,Event Info,Visit Official Website,https://www.skerries100.com,,,,,,No
LL-1000,Walderstown Road Races 2026 – Race of the South,"The Walderstown 'Race of the South' returns to Co. Westmeath for the first time since 2022, hosted by the Fore Motorcycle Racing Club. Taking place on the Walderstown circuit on 18–19 July 2026, the event is a highlight of the Republic of Ireland's revived road racing calendar. Organised in partnership with the Faugheen 50 Supporters Club who generously offered their July dates to make the event possible.",18/07/2026 09:00,19/07/2026 18:00,Europe/Dublin,No,,,Race Meet,#FF0000,,Walderstown Circuit,"Walderstown, Co. Westmeath, Ireland",,Fore Motorcycle Racing Club,,,,,"Irish Road Racing, Road Race, Republic of Ireland, Walderstown, Westmeath",,No,,,,,,,,,No
LL-1001,Bayview Hotel Armoy Road Races 2026 – Race of Legends,"The Bayview Hotel Armoy Road Races – 'Race of Legends' – returns to the village of Armoy in Co. Antrim for 2026, running 24–25 July. Held in tribute to the famous Armoy Armada of Joey Dunlop, Mervyn Robinson, Frank Kennedy and Jim Dunlop, the race was first held in 2009 and is one of the most eagerly anticipated events on the Irish road racing calendar. Previous winners include Michael Dunlop, Davey Todd and Ryan Farquhar.",24/07/2026 09:00,25/07/2026 18:00,Europe/London,No,,,Race Meet,#FF0000,,Armoy Road Circuit,"Armoy, Co. Antrim, BT53, Northern Ireland",https://amrrc.com,Armoy Motorcycle Road Racing Club,,,https://amrrc.com,,"Irish Road Racing, Road Race, Northern Ireland, Armoy, Antrim, Race of Legends",,Yes,Event Info,Visit Official Website,https://amrrc.com,,,,,,No
LL-1002,Mid Antrim 150 Road Races 2026,"The Mid Antrim 150 makes a welcome return to the 3.5-mile Clough circuit in Co. Antrim for the first time since 2022, running 31 July–1 August 2026. The event received official MCUI clearance following a successful course inspection and serves as the season finale of the Northern Ireland national road racing championship. A hugely popular event backed by strong community support.",31/07/2026 09:00,01/08/2026 18:00,Europe/London,No,,,Race Meet,#FF0000,,Clough Circuit,"Clough, Co. Antrim, Northern Ireland",,Mid Antrim Motor Club,,,,,"Irish Road Racing, Road Race, Northern Ireland, Mid Antrim 150, Clough, Antrim",,No,,,,,,,,,No
LL-1003,South West Road Races Athea 2026,"The South West Road Races at Athea, Co. Limerick make a long-awaited return as road racing revives in the Republic of Ireland in 2026. Running 12–13 September, this is set to be the final Irish road race of the 2026 season. Organised by the South West Road Racing Club and held in the village of Athea in Co. Limerick, it rounds off a landmark year for the sport in Ireland.",12/09/2026 09:00,13/09/2026 18:00,Europe/Dublin,No,,,Race Meet,#FF0000,,Athea Road Circuit,"Athea, Co. Limerick, Ireland",,South West Road Racing Club,,,,,"Irish Road Racing, Road Race, Republic of Ireland, Athea, Limerick",,No,,,,,,,,,No
LL-1004,Motorcycle Live,"The UK's biggest indoor motorcycle show — hundreds of brands, new model launches, stunt shows.",21/11/2026 09:00,21/11/2026 09:00,Europe/London,Yes,,,Motorcycle Shows and Events,"rgb(214, 33, 42)",,,"NEC, Birmingham, B40 1NT",,,,,,,,,Yes,More Info,,https://www.motorcyclelive.co.uk/,,,,,,No
LL-1005,Goodwood Festival of Speed,"The largest event of its kind featuring cars, stars and motorsport royalty.",15/07/2027 09:00,15/07/2027 09:00,Europe/London,Yes,,,Motorcycle Shows and Events,"rgb(214, 33, 42)",,,"Goodwood, Chichester, United Kingdom",,,,,,,,,Yes,More Info,,https://www.goodwood.com/motorsport/festival-of-speed/,,,,,,No
